:104000000000032091D900007DD900007DD9000077
:104010007DD900007DD900007DD90000000000009E
:104020000000000000000000000000007DD900003A
:104030007DD90000000000007DD9000001DA0000F9
:104040007DD900007DD900007DD900007DD9000018
:104050007DD900007DD900007DD900007DD9000008
:104060007DD900007DD900007DD900007DD90000F8
:104070007DD900007DD900007DD900007DD90000E8
:104080007DD900007DD900007DD900007DD90000D8
:104090007DD900007DD900007DD900007DD90000C8
:1040A0007DD900007DD900007DD900007DD90000B8
:1040B0007DD900007DD900007DD900001556000093
:1040C0001556000015560000155600001556000044
:1040D0007DD900007DD900007DD900007DD9000088
:1040E0007DD900007DD900007DD900007DD9000078
:1040F000000000007DD900007DD900007DD90000BE
:104100007DD900007DD900003DB8000049B800000D
:104110004DB8000051B8000055B8000061B800006B
:1041200065B8000069B8000089520000955200008F
:10413000995200009D520000A1520000AD520000B3
:10414000B1520000B55200007DD900007DD90000B9
:104150007DD900007DD900007DD900007DD9000007
:104160007DD900007DD900007DD900007DD90000F7
:104170007DD900007DD90000000000000000000093
:1041800081D9000013DA000017DA00001BDA000002
:10419000000000007DD900007DD900007DD900001D
:1041A0007DD900007DD900007DD900007DD90000B7
:1041B0007DD900007DD900007DD900007DD90000A7
:1041C0007DD900007DD900007DD900007DD9000097
:1041D0007DD900007DD900007DD900007DD9000087
:1041E0007DD900007DD900007DD9000000000000CD
:1041F0007DD900007DD900007DD900007DD9000067
:104200007DD900007DD900007DD900007DD9000056
:104210007DD900007DD900007DD900007DD9000046
:104220007DD900007DD900007DD900007DD9000036
:104230007DD900007DD900007DD900007DD9000026
:104240007DD900007DD900007DD900007DD9000016
:104250007DD900007DD900007DD900007DD9000006
:104260007DD9000010B5054C237833B9044B13B148
:104270000448AFF300800123237010BDA00200208A
:1042800000000000848A010008B5034B1BB10349FC
:104290000348AFF3008008BD00000000A402002026
:1042A000848A010010B5044B044640F8BC3B01F081
:1042B000CFFF204610BD00BF7873010030B5C04C61
:1042C000C04887B0002105F0F1FA2578002D00F0F4
:1042D0003381BD4903A809F0D6FABC4AB94803A9FD
:1042E00007F09EF803A809F089FA00224FF6E07162
:1042F000B44805F03FFB0A232D22B549B14806F02A
:10430000F9FDB04806F0E6FA0221AE4805F028FBB8
:10431000002240F2FF71AB4805F02CFB2423282239
:10432000AC49A84806F0E6FD4FF61F0300933E2275
:104330004FF49B730521A34805F044FF40F2FF733F
:10434000009340224FF49B7305219E4805F03AFFED
:104350002578002D00F001819B4903A809F093FA0C
:104360009A4A984803A907F05BF803A809F046FAAF
:1043700000221F21934805F0FDFA50230822964998
:10438000904806F0B7FD8F4806F0A4FA02218D4848
:1043900005F0E6FA00221F218A4805F0EBFA5023C7
:1043A00070228E49874806F0A5FD00224FF6FF7166
:1043B000844805F0DFFA5023F5228949814806F048
:1043C00099FD2578002D00F0D8807F4903A809F0D9
:1043D0005AFA7E4A7B4803A907F022F803A809F09D
:1043E0000DFA00224FF4FC61764805F0C3FA7823F9
:1043F00008227C49734806F07DFD724806F06AFA8F
:104400000221704805F0ACFA00224FF4FC616D48BF
:1044100005F0B0FA7823702273496A4806F06AFD05
:1044200000224FF6FF71674805F0A4FA7823F522C1
:104430006B49644806F05EFD2578002D00F0AE80E3
:10444000614903A809F01FFA604A5E4803A906F013
:10445000E7FF03A809F0D2F900224FF47841594848
:1044600005F088FAA02308226049564806F042FD6C
:10447000544806F02FFA0221524805F071FA002242
:104480004FF478414F4805F075FAA023702258493F
:104490004C4806F02FFD00224FF6FF71494805F009
:1044A00069FAA023F5224E49464806F023FD4CF256
:1044B00018630093C0224FF49B730521414805F017
:1044C00081FE4FF61F030093C2224FF49B73052118
:1044D0003C4805F077FE2478002C00F0998045498F
:1044E00003A809F0D0F9394A364803A906F098FF25
:1044F00003A809F083F900224FF6E071314805F076
:1045000039FAC82376223C492E4806F0F3FC2D48A0
:1045100006F0E0F901212B4805F022FA00224FF4C1
:10452000FC61284805F026FADA236C223349254835
:1045300006F0E0FC07B030BD0221224805F010FA79
:104540002A464FF6E0711F4805F014FA0A231E228E
:104550002B491C4806F0CEFCD6E60221194805F08E
:10456000FFF92A461F21174805F004FA50230822B4
:104570002449144806F0BEFC08E70221114805F062
:10458000EFF92A464FF4FC610E4805F0F3F9782361
:1045900008221D490B4806F0ADFC31E7022109480D
:1045A00005F0DEF92A464FF47841064805F0E2F9B5
:1045B000A02308221549034806F09CFC5BE700BFD6
:1045C000C0020020F803002056360100E40B002052
:1045D00065360100C5360100DA360100FC360100FF
:1045E00000370100063701002A3701002E3701008D
:1045F000573701005B3701006A3701009637010029
:10460000AE360100F33601001F3701004D370100BF
:104610000121084805F0A4F922464FF6E07105484B
:1046200005F0A8F9CA2370220349024806F062FC8B
:1046300070E700BFF80300208737010070B54FF422
:10464000E131C8B04448454C07F042FE444800F010
:10465000A7FC0121022009F099FC0121084609F07C
:1046600095FC0121002009F091FC0021022009F0B5
:10467000D1FC0021012009F0CDFC0021084609F001
:10468000C9FC02211C2009F081FC02211D2009F037
:104690007DFC02211E2009F079FC0021314805F043
:1046A00003F903212F4804F063FE00212D4805F093
:1046B000FDF82D4B2D4A2E48402100F0C2FF054643
:1046C00000283DD02B49244807F070F901232A4ADD
:1046D000237027493223684601F038FE694627488F
:1046E00001F018FE684601F0B3FD244801F007FE12
:1046F00030B12349214807F059F9204801F0D7FD8E
:10470000174A2048204D292106F03BFF0646E8B114
:104710001E49114807F04AF901232B7023785BB139
:104720001B49134801F076FE30B11A4B1A490A486A
:1047300001221A7007F03AF9FFF7C0FD48B070BDCA
:104740001649054807F032F92570D9E7144902489F
:1047500007F02CF92E70E1E740220020C102002072
:10476000DC050020F803002000093D00CC0A0020F1
:10477000E40B00207638010099380100D0020020B7
:10478000A1380100F0030020C2020020E13801003E
:104790001F390100C002002033390100B238010086
:1047A000F73801002DE9F04F2DED068B1C20DBB012
:1047B00009F05AFC10F1000804464FF01D0018BF24
:1047C0004FF0010809F050FC071C82464FF01E0014
:1047D00018BF0127C94D09F047FC2B78061C8146FC
:1047E00018BF0126CBB1C4B9C54C2178022081F095
:1047F0000101217009F00EFCC249C34807F0BEF860
:104800002178C24AC24BC04800290CBF1146194644
:1048100007F0CCF81E2009F049F9BE4C2378FBB113
:10482000BAF1000F1CD1DFF858A39AF8001001204C
:1048300081F001018AF8001009F0ECFBB649B2489A
:1048400007F09CF89AF80010B04AB14BAE48002926
:104850000CBF1146194607F0A9F81E2009F026F9E9
:10486000AE4B1A789B46FAB1B9F1000F1CD1DFF8B4
:1048700014A39AF80010484681F001018AF800104C
:1048800009F0C8FBA649A04807F078F89AF800108C
:104890009E4A9F4B9C4800290CBF1146194607F0C1
:1048A00085F81E2009F002F985F8008027708BF842
:1048B000006009F0BBF89B4A1368C31AB3F57A7F0E
:1048C00005463AD3984E10603368984F01333B2B1E
:1048D000336004DD3B680022013332603B603B689B
:1048E000934C3B2B04DD2368002201333A602360A4
:1048F00023689048172BC8BF00234FF00101C8BFA1
:10490000236005F02DF800224FF6E071894805F08C
:1049100031F8CA230A228849864806F0EBFA336840
:1049200000933B682268854912A80BF05BFCDA23F0
:104930000A2212A97F4806F0DDFA814A1368EB1AB1
:10494000F92B40F236827F4C1560236801332360D7
:104950000023ADF80830ADF80A30ADF80C30ADF8F2
:104960000E30794B1B780DF10E05DBB103AB0DF169
:104970000A0202A97548009506F02CFE2888BDF8A9
:104980000C30BDF80A20BDF8081000906F4806F002
:1049900053FEBDF80C30BDF80A20BDF808106B4876
:1049A00006F07AFEBDF80820BDF80C00BDF80A102C
:1049B00013180B4407EE903AF8EEE77AF5EEC07A5A
:1049C000F1EE10FA40F3FD8107EE100A9FED605AF8
:1049D000F8EEC76A66EE856A86EEA77A06EE901A4A
:1049E000F8EEE66A66EE856AC6EEA75A06EE902AEB
:1049F000B8EEE66A26EE056AC6EE276ADFED557A5E
:104A00009FED558AA7EE278ADFED547A67EE277A65
:104A1000A7EE278ADFED527A67EE277A67EE877A6C
:104A2000A7EE278AB5EEC08AF1EE10FA00F1D08128
:104A3000DFED4C7AB4EE678AF1EE10FAC8BFB0EE43
:104A4000678ADFED497A9FED499AA5EEA79ADFEDD7
:104A5000487A65EEA77AA5EEA79AB5EEC09AF1EE70
:104A600010FA00F1B881DFED3F7AB4EE679AF1EE0B
:104A700010FAC8BFB0EE679ADFED3E7ADFED3E8AEE
:104A8000E6EEA78ADFED3D7A66EEA77AE6EEA78A24
:104A9000F5EEC08AF1EE10FA00F1A081DFED317A77
:104AA000F4EE678AF1EE10FAC8BFF0EE678A0221D1
:104AB000204804F055FF00224FF6FF711D4804F016
:104AC00059FF18EE100A09F069FD41EC1A0B06AA0D
:104AD000B0EE4A0AF0EE6A0A0221062008F036FF1C
:104AE00050239B2206A9134806F004FA19EE100A77
:104AF00009F054FD41EC190B46E000BF0C0000200A
:104B0000CE020020AE37010040220020AA3701006B
:104B1000A73701000D000020CC3701000E00002057
:104B2000EC370100C8020020BC0200200800002071
:104B300004000020F80300200B38010016380100A3
:104B4000C402002010000020C2020020F003002058
:104B50000000C84277BE0341856B39C355C128BDEB
:104B600041D7BE380000FA43C3F54841142E60C354
:104B7000E78CA8BDA8C6EB3F295C97C124977F3C72
:104B8000CD020020CC02002009AAB0EE490AF0EEC6
:104B9000690A0221062008F0D9FE78239B2209A980
:104BA000A14806F0A7F918EE900A09F0F7FC41ECCD
:104BB000180B0CAAB0EE480AF0EE680A0221062093
:104BC00008F0C4FEA0239B220CA9974806F092F996
:104BD0000121954804F0C4FE944B954A18689B88BF
:104BE000ADF840300023CDF84230924B0F90197849
:104BF000914B12781B78002900F0F380002A40F0D6
:104C00000181002B40F009818C490FA80BF019FBA2
:104C10004FF478410022844804F0ACFECA23F52208
:104C20000FA9814806F066F900224FF6E0717E4830
:104C300004F0A0FE2268824904A80BF0D3FACA232C
:104C400040F2131204A9784806F054F97D497E48D1
:104C500006F094FE0A2221687B4806F0F2FE7B49AA
:104C6000794806F08BFEB0EE4A0AF0EE6A0A02219D
:104C7000754806F0ADFF7649734806F07FFEB0EE4A
:104C8000490AF0EE690A02216F4806F0A1FF714956
:104C90006D4806F073FEB0EE480AF0EE680A022195
:104CA000694806F095FF6C49674806F067FE0A22DE
:104CB000BDF80C10644806F0C2FE6849624806F070
:104CC0005DFE0A22BDF80A105F4806F0B8FE63498F
:104CD0005D4806F053FE0A22BDF808105A4806F057
:104CE000AEFE5F49584806F049FE0FA9564806F047
:104CF0005DFE5C4B1B78002B5BD032235A4A5B492C
:104D000012A801F023FB12A9594801F003FB12A8D5
:104D100001F09EFA564801F0F2FA002849D00A2222
:104D20002168534806F08DFE4C49514806F026FE96
:104D30000A22BDF80C104E4806F081FE47494C4847
:104D400006F01CFE0A22BDF80A10494806F077FE5C
:104D50004249474806F012FE0A22BDF808104448AE
:104D600006F06DFE3D49424806F008FEB0EE4A0AE4
:104D7000F0EE6A0A02213E4806F02AFF37493C4815
:104D800006F0FCFDB0EE490AF0EE690A022138484F
:104D900006F01EFF3149364806F0F0FDB0EE480A35
:104DA000F0EE680A0221324806F015FF304801F0A3
:104DB0007EFA142008F07AFE5BB0BDEC068BBDE8ED
:104DC000F08FDFED2C6AF0EE665AB0EE667A15E6EB
:104DD0009FED288A35E69FED279A4DE6DFED258A7F
:104DE00065E63AB1CBB924490FA80BF02AFA4FF483
:104DF000FC610FE773B121490FA80BF022FA40F2D2
:104E0000FF7107E74BB11E490FA80BF01AFA4FF6D6
:104E1000FF71FFE647F6EF31FCE61A490FA80BF0E9
:104E200010FA4FF6E071F5E6F80300204C36010069
:104E3000CD020020CE020020CC0200202538010047
:104E4000433801004838010040220020503801005A
:104E500054380100583801005C3801006B380100FB
:104E60006D380100C102002099380100E40B0020D8
:104E7000D0020020000000002B3801003138010072
:104E8000373801003D38010038B50E4C0E4D204634
:104E900001F0CCF920460D4C0D492A4609F012FAD2
:104EA0004FF4A072F021204604F0ECF92A4609499B
:104EB000204609F007FA002206210748BDE83840DD
:104EC00006F022BBD002002000000020F8030020E2
:104ED00051620000A5420000F0030020002070474E
:104EE0002DE9F84380460D46174601EB02090C46B2
:104EF0004C45A4EB05060BD0D8F8003014F8011B84
:104F00001B68404698470028F2D13046BDE8F88338
:104F10003E46FAE77047D0F81C21D0F818319A4283
:104F20001DBFD0F81C31C018007E4FF0FF30704715
:104F3000D0F81831D0F81C01181A48BF00F580705D
:104F4000704700002DE9F84300251F464FF47A739F
:104F50000446C0E901534FF48076104B40F8183BEB
:104F600089469046294632460AF0E4F8C4F81851BA
:104F70003246C4F81C51294604F590700AF0DAF85C
:104F8000C4F82052C4F81090C4F8245284F8148055
:104F90006775A5752046BDE8F88300BF5C39010040
:104FA00070B505460C4900690C4E07F0D7F8286922
:104FB00006F006FF287D182404FB006393F908100F
:104FC00009F06AF8687D04FB006494F90810BDE8F4
:104FD000704009F061B800BFA0860100147D010097
:104FE0000023C0F82032C0F82432012380F82812B0
:104FF00083757047D0F80031D0F804210133DBB25B
:105000009A421EBFD0F800218154C0F80031704789
:105010002DE9F041984604461646002392B3C0F8A5
:1050200018310122C0F81C31006906F0FCFE38B3CB
:10503000206906F072FF04F1180701463846FFF7B1
:10504000D9FF0125AE4220690ED006F0D3FE022121
:10505000206906F0D6FE206906F05FFF014638465B
:10506000FFF7C8FF0135EDE706F0BDFEB8F1000F10
:1050700003D00321206906F0C4FEE8B2BDE8F08148
:105080000546FAE71046F9E708B5837D6BB1D0F81D
:105090002032D0F824220133DBB2934205D000F550
:1050A0009070FFF7A7FF012008BD0020FCE7D0F8B3
:1050B0000421D0F800319A421FBFD0F80431C25CFD
:1050C000D0F8043101331DBFDBB2C0F80431104603
:1050D0004FF0FF307047F8B5002204460D46827548
:1050E00090F82812006906F09EFED0B104F5907782
:1050F000D4F82002D4F82462861B48BF06F58076D7
:10510000AEB138462669FFF7D2FFC1B2304606F08D
:10511000C5FE0028ECD12069032106F072FE0320B1
:1051200004E02069032106F06CFE0220F8BD2DB1D9
:105130002069032106F065FE3046F7E72846F5E7CB
:105140000121FFF7C8BF08B51830FFF7B0FF08BD51
:1051500038B50446006906F0BFFE002800F09380D1
:10516000206906F0D0FE002800F08D80206906F04E
:10517000CFFE80B3206906F03DFE0321206906F0D2
:1051800040FE0023C4F82032C4F824320123A37562
:10519000D4F82C3204F5907503B19847206906F0D5
:1051A000A8FE002860D1206906F09EFE0028F5D0F8
:1051B000D4F82032D4F824229B1A48BF03F5807318
:1051C0003BB12846FFF773FFC1B2206906F077FEB6
:1051D000E4E7FF21F9E7206906F00CFE03212069CE
:1051E00006F00FFE04F11805206906F082FEB8B93A
:1051F000206906F083FE98B9206906F075FE002844
:10520000F2D0D4F81831D4F81C2120690133DBB274
:10521000934212D106F0E7FD0321206906F0F1FD6B
:10522000206906F066FEB0B1D4F830522DBB0023E1
:10523000C4F81831C4F81C3112E006F06EFE0146C5
:105240002846FFF7D7FE206906F0D4FD0321206928
:1052500006F0D7FDC8E7206906F050FE0028E3D12C
:10526000206906F046FE70B1206906F0BCFD206999
:105270000321BDE8384006F0C4BD236820461B6901
:105280009847A847D3E738BD0148FFF761BF00BF83
:10529000DC050020FFF7F8BFFFF7F6BFFFF7F4BF0C
:1052A0000148FFF755BF00BF10080020FFF7F8BF07
:1052B000FFF7F6BFFFF7F4BF10B52D232E220649E6
:1052C0000648FFF73FFE4D234E2205490548BDE83D
:1052D0001040FFF737BE00BF04220020DC0500208D
:1052E0001022002010080020F8B5044610300D46AA
:1052F00017461E4600F04CF904F1240000F048F96E
:105300000020C4E90E0084F8400060722DB90A4BF9
:105310000A4A0B48222109F061FE9DF8183063719A
:105320009DF81C30E3719DF8203025602771A6712F
:1053300023722046F8BD00BF78390100ED39010025
:1053400089390100437A23B98372C372C360012390
:10535000437270471FB5044604AB006803E90600BA
:1053600006F0ECFC9DF80D30227AE179009320687C
:10537000002306F0CFFE2068029A9DF80C1006F07C
:1053800000FD206804B0BDE8104006F0CDBC000070
:1053900070B50546FFF7D6FF0F4E0079182404FBC1
:1053A000006393F9081008F077FEA87904FB006306
:1053B00093F9081008F070FE687904FB006494F912
:1053C000081008F069FE054B284693E80600BDE882
:1053D0007040FFF7BFBF00BF147D0100540B0020D9
:1053E00017B4837A6C4684E8060043B19A070DD55A
:1053F000EFF31083B3FA83F35B09C37272B694E8D8
:10540000060003B05DF8044BFFF7A4BFDB0742BF03
:10541000014B8289DA60F2E700280040837A53B1B9
:105420009A0703D5C37A33B162B67047DB0742BF30
:10543000014B82891A61704700280040006806F01D
:105440008DBCF8B5064600680C460D4606F081FC9A
:1054500001284FEA1427E4B20DD121463046FFF768
:10546000EDFF394660F307053046FFF7E7FF60F3CD
:105470000F25A8B2F8BD39463046FFF7DFFF2146B9
:1054800060F30F253046FFF7D9FF60F30705F0E71B
:1054900070B505460C468E18B44206D021782846D1
:1054A000FFF7CCFF04F8010BF6E770BD30B5194BE0
:1054B000194A1A6085B000255D711D7102243023E0
:1054C0000093CDE9015431232F2214491448FFF7EA
:1054D0000BFF55230093CDE9015456235422114963
:1054E0001148FFF701FF3E230093CDE901543F230C
:1054F0003D220E490E48FFF7F7FE43230093CDE906
:105500000144442342220B490B48FFF7EDFE05B04E
:1055100030BD00BF540B002000093D001C220020BC
:10552000440A0020E0210020880A002028220020D0
:10553000CC0A002034220020100B0020084B1868F1
:1055400040B9EFF31082074942B972B6BFF35F8FDB
:1055500001220A701A6801321A6070470870F9E770
:10556000600B00205C0B0020074B1A6852B11A68D0
:10557000013A1A601B682BB9044B1B7813B1BFF3B7
:105580005F8F62B6704700BF600B00205C0B00208D
:10559000FF2202700321002242708270C2700271E9
:1055A00041718260C26002617047000010B4184B04
:1055B00003EB011191F84E10C9B211F001040CD0A7
:1055C000017803EB0113012183F84E10042343708B
:1055D0008368D3B15DF8044B184711F0020F08D06F
:1055E000017803EB0113022183F84E10C368447065
:1055F000EFE7490709D5017803EB0113042183F88C
:105600004E10072343700369E3E75DF8044B7047CE
:1056100000A0004108B5FFF791FF074B198C074B1D
:1056200001F01F0153F8210008B1FFF7BFFFBDE8EB
:105630000840FFF799BF00BF00A00041640B0020A5
:10564000704770B5164604461A460846314600F0C3
:10565000F5FC41F24C0560553046FFF799FE635D5D
:1056600041F24D013033635401222144204602F0BF
:10567000CBFDB0FA80F0400970BD00000748084932
:1056800041F24C0341F24D02C35C3033835441F28A
:105690004E033A22C254034A08F014BEE40B002021
:1056A0004156000000000020024B53F82030187EC5
:1056B000704700BF341C002013B504460160D1E9D7
:1056C0000103009300238DF805308DF8043002AB00
:1056D00013E90600FFF784FE204602B010BD10B5A6
:1056E000036804465868FFF799FE204610BD000085
:1056F0002DE9F04107460D4608F098F9DFF82880BB
:10570000064658F82730FF215868FFF797FE0446F1
:1057100020B908F08BF9801BA842F2D3201C18BFD7
:105720000120BDE8F08100BF341C0020034B53F87A
:105730002030FD215868FFF781BE00BF341C0020D7
:10574000034B53F820300121187808F063BC00BFE8
:10575000341C002010B5074B53F8203004460021BC
:10576000187808F057FC4FF496712046FFF7C0FFF9
:10577000012010BD341C002013B50446032927D88E
:10578000DFE801F0021A2024124B53F8201001A880
:10579000FFF792FF2046FFF7DDFF38B12046FFF705
:1057A000CFFF01A8FFF79BFF002003E001A8FFF750
:1057B00096FF012002B010BD064B53F820301B6944
:1057C0001360F1E74FF400731380EDE70123F7E76F
:1057D0000420EFE7341C00201B4B2DE9F0410D465F
:1057E000174653F8206008F021F90446FF2170683D
:1057F000FFF724FEFF2808D108F018F9001BB0F5C8
:10580000FA7FF3D30020BDE8F081FE28FAD12C46C0
:1058100005EB07084445706805D2FF21FFF70EFE2F
:1058200004F8010BF6E74FF6FF71FFF70AFE337D30
:1058300004463BB13946284600F04AFC031B584257
:105840005841E0E70120DEE7341C0020194B2DE928
:10585000F04153F82040237D06460D4690462BB379
:105860004FF40071284600F033FC07464FF4FA71FC
:105870003046FFF73DFFB8B141466068FFF7DEFDF7
:105880006E1E05F2FF1516F8011F6068FFF7D6FDC2
:10589000AE42F8D139466068FFF7D3FDFF2160685A
:1058A000FFF7CCFD00F01F00BDE8F0814FF6FF7759
:1058B000DCE700BF341C00202DE9F04F1E46554B9D
:1058C00089B053F82070130E0093C2F307430C29DC
:1058D0000193C2F307230293A1F1160A0CBF072319
:1058E00006230393A1F1290B5FFA8AF305460C46C0
:1058F00090464FF0030904935FFA8BFB049B012B46
:1059000044D9BBF1010F41D944F040038DF8183060
:105910009DF800308DF819309DF804308DF81A305C
:105920009DF808308DF81B303B7D8DF81C80002BD6
:1059300044D0052106A800F0B9FB400040F001006A
:105940008DF81D00FF238DF81E30039A786806A994
:10595000FFF79EFD0922FF2178680592FFF76EFD93
:1059600010F0800F824630D0059A013AF3D1FF281B
:105970002BD12846FFF7E4FE642008F097F828466C
:10598000FFF7E8FEB9F1010914D0B7E700231A4682
:1059900037212846FFF790FF82462846FFF7D0FEC2
:1059A000BAF1010F06D82846FFF7D4FE0028ABD184
:1059B0004FF0FF0A504609B0BDE8F08F14F0F70F22
:1059C000B7D001238DF81D30BCE71AF0080FD0D1F5
:1059D000BAF1010FEED80D2C07D1002EEAD0FF212D
:1059E0007868FFF72BFD3060E4E7082C01D03A2CF3
:1059F000E0D1002EDED00424FF217868FFF71EFDE1
:105A00003268013C00EB022014F0FF043060F3D157
:105A1000D0E700BF341C0020F8B505460C461646FA
:105A20001F46FFF797FE58B121463B4632462846AF
:105A3000FFF742FF04462846FFF782FE2046F8BDE6
:105A4000FF24FBE72DE9F047DFF858A0044689461C
:105A500017464FEA422803262046FFF77BFEC8B1CF
:105A60005AF824301A7B11210023032A14BF42461E
:105A70003A462046FFF720FF60B94FF400724946CE
:105A80002046FFF7A9FE05462046FFF759FE2DB92F
:105A9000013EE1D12046FFF753FE00252846BDE830
:105AA000F08700BF341C00202DE9F74F0C9DDFF874
:105AB00098B004468A4616461F464FF00008204616
:105AC000FFF748FE814670B35BF8243001961B7BDC
:105AD000032B14BF72023246002312212046FFF727
:105AE000EBFE00BB019B1D44AB1B4FF40072514603
:105AF00020460193FFF770FE019BD0B908F1010821
:105B00001D4600231A460C212046FFF7D5FE50B94A
:105B10002046FFF715FE1DB9484603B0BDE8F08FDB
:105B2000B8F1030FCBD12046FFF70AFE4FF0000972
:105B3000F2E7013647F10007B5420AF5007A4FF067
:105B40000008D1D14546DCE7341C00202DE9FF4197
:105B50009846154B0E4653F820100546886910F0FC
:105B6000010417461ED103A8FFF7A6FDB8F1010FE7
:105B700011D9CDF800803A46234631462846FFF732
:105B800093FF80F00100C4B203A8FFF7A8FD2046F0
:105B900004B0BDE8F0813A46234631462846FFF777
:105BA00051FFEEE70324F2E7341C00202DE9F74F04
:105BB000DFF878B004468A4690464FEA422903252A
:105BC0002046FFF7C7FDD0B15BF824301A7B1821BF
:105BD0000023032A14BF4A4642462046FFF76CFEC4
:105BE000064660B9FE2251462046FFF72FFE0746C3
:105BF0002046FFF7A5FD0A2F05D1013DE0D1204643
:105C0000FFF79EFD01E00C2F01D100200BE001AB5E
:105C100032460D212046FFF7FFFE0028F5D10198FE
:105C2000B0FA80F0400903B0BDE8F08F341C0020CA
:105C30002DE9F04F85B0CDE900234B4B0E9C53F876
:105C400020A0DDE9008905468B460F4600269AF81C
:105C50000C30012B08D12846FFF77CFD68B9284697
:105C6000FFF76EFD002439E0002322461721284665
:105C7000FFF7D2FE0028EED0F1E79AF80C30032BA4
:105C800042464FF0000318BF4FEA48221921284628
:105C9000FFF712FE0028E2D1FC2239462846FFF722
:105CA000D5FD052880461DD001364FF4FA712846EF
:105CB000FFF71EFD0028D2D0E4B92846FFF736FDD5
:105CC0002846FFF73DFD03AB22460D212846FFF78E
:105CD000A3FE18B9039CB4FA84F46409204605B005
:105CE000BDE8F08F013C07F500774FF00006D3D1F7
:105CF0002646DAE700231A460C212846FFF7DCFD8A
:105D000004460028ABD12846FFF71AFDB8F10A0F68
:105D1000E4D19AF80C30012B0CD10024DDE9008984
:105D20000E9B18EB0408032E0BEB4427A3EB040493
:105D30008DD194E72846FFF70DFD0028EDD02346CE
:105D4000224616212846FFF7B7FD38B9042203A9D9
:105D50002846FFF741FD28B1039C24BA2846FFF7E7
:105D6000EFFCDBE70446F9E7341C00202DE9FF4196
:105D70009846174B0E4653F820108C69E3070546EA
:105D8000174621D414F0040420D103A8FFF794FC93
:105D9000B8F1010F11D9CDF800803A4623463146BB
:105DA0002846FFF745FF80F00100C4B203A8FFF7C3
:105DB00096FC204604B0BDE8F0813A4623463146C1
:105DC0002846FFF7F3FEEEE70324F2E70224F0E7AC
:105DD000341C00207FB5044603252046FFF7BAFC9B
:105DE000002843D000231A4609212046FFF764FD0E
:105DF000E0BB102269462046FFF7EEFC064620462F
:105E0000FFF79EFC86B39DF800009DF807309DF8D3
:105E100008109DF80920801101280BD11804BDF845
:105E200008305BBA00F47C109BB21843013080024A
:105E300004B070BD9DF806008909800241EA830321
:105E400000F44060184353009DF80A2003F0060355
:105E500043EAD2130233013098409DF8053003F035
:105E60000F039840400AE3E7013DB6D12046FFF713
:105E700067FC0020DCE700006D4BF0B553F82040D4
:105E8000A3690546D80785B003D4DCB2204605B027
:105E9000F0BD684B6068029300238DF80D308DF8DB
:105EA0000C3002AF97E806000194FFF799FA012140
:105EB000207808F0AFF81426FF216068013EFFF754
:105EC000BDFA16F0FF06F7D1334632463146284672
:105ED000FFF7A2FD012837D1334632463B21284641
:105EE000FFF79AFD00F0FB0001282DD126753B46F7
:105EF0004FF4D57208212846FFF78EFD01284CD1BA
:105F0000029BC3F30B03B3F5D57F1DD13B4632464D
:105F10003A212846FFF780FD012815D1029BD902BE
:105F200012D507F083FD06464FF080420023292159
:105F30002846FFF771FD0128024609D107F076FDDA
:105F4000801BB0F57A7FEFD304232373247E20E0F7
:105F50000028F9D13B463A212846FFF75DFD00288D
:105F6000F2D1029B5A0049D503232373237B012BD3
:105F700046D1237B032B4CD12846FFF72BFF2E4B1A
:105F8000A26820619A424EDCA36923F00103A36159
:105F9000DCB201A8FFF7A3FB78E73B4632463A2183
:105FA0002846FFF739FD0128CED1029BDB02CBD575
:105FB00007F03CFD064600234FF4801229212846B5
:105FC000FFF72AFD012817D107F030FD801BB0F53F
:105FD0007A7FF0D307F02AFD064600234FF48012A3
:105FE00001212846FFF718FDF8B107F01FFD801BBF
:105FF000B0F57A7FF1D3A7E70028EBD10223B4E70D
:1060000000231A462A212846FFF706FD00289BD1C7
:10601000AFE700234FF4007210212846FFF7FCFC85
:10602000002891D1A8E7A360AEE701239DE700BF58
:10603000341C0020801A060040787D012DE9F743CA
:10604000064602A8FF2500F8015D8846914600F04B
:106050005DFA07469DF80700FFB9A8421DD01C2035
:1060600009F022F80446D8B10125C0E9018906707B
:106070000575077385612946304607F087FF294675
:10608000207807F0C7FF9DF80700064B064943F844
:10609000204000F049FA9DF8070003B0BDE8F08306
:1060A0002846FAE7341C0020443A010030B5074D79
:1060B00002460023141AA14201DC184630BD12F832
:1060C000014B84EA4303EB5CF4E700BF583C01005A
:1060D00030B5094D02460023141AA14201DC1846CE
:1060E00030BD12F8014B84EA132435F8144084EAD9
:1060F00003239BB2F0E700BF583A010013B502AB8F
:10610000026803F8011D546819460122A04702B035
:1061100010BD30B5D0F8140140B1D0E90C45D0E93C
:1061200004239D420ABF94420120002030BD07B5E0
:10613000D0F8140118B9002003B05DF804FB01ABDE
:1061400002F000FB0028F6D10198F5E7D0F8140121
:1061500008B102F0F4BB704770B5D0F814410546A1
:106160007CB103685B699847431C044609D0D5F8A5
:106170001401D0E90C5615F1FF3246F1FF3302F05D
:1061800085FC204670BD000082B073B541F2500618
:1061900006A981E80C008B59019300254FF47A730E
:1061A000C0E901530D4B03600446304607F0CAFCBA
:1061B000324606A908F09AFFC4F81851C4F8140131
:1061C000019904F110000AF03CF82046C4F81C5173
:1061D00002B0BDE8704002B0704700BF603D0100F2
:1061E00082B038B504A981E80C0000254FF47A7319
:1061F000C0E901530C4B03600446502007F0A2FC99
:1062000004A9502208F072FFC4F81451C4F8180110
:10621000189904F110000AF014F82046C4F81C5133
:10622000BDE8384002B07047603D010000224FF4E5
:106230007A71C0E9012105490160C0F81421C0F854
:1062400018210274C0F81C21704700BF603D010096
:10625000704707B5D0F8140118B9002003B05DF8F5
:1062600004FB01AB02F08DF90028F6D10198F5E7A7
:1062700007B5D0F8143123B94FF0FF3003B05DF803
:1062800004FB01220DF10701FFF7E3FF0128F3D121
:106290009DF80700F2E708B5D0F814010A4628B1C6
:1062A000002302F0F3FB003018BF012008BD10B539
:1062B0000446D0F8180148B102F0F6FD5021D4F898
:1062C000180108F004F80023C4F81831D4F81401B8
:1062D00050B102F0CEFB41F25001D4F8140107F0A6
:1062E000F6FF0023C4F81431D4F81C0130B14FF488
:1062F000907107F0ECFF0023C4F8143110BDD0F802
:1063000014312BB9D0F81801003018BF01207047A4
:1063100001207047884238B504460D4613D0FFF778
:10632000C6FFD5F81431C4F81431D5F81831C4F8C3
:106330001831D5F81C31C4F81C3105F1100104F1F5
:10634000100009F07EFF204638BD00002DE9F04125
:106350000646ADF5075D1F4612B9FFF767FF2BE054
:1063600041F24C002A4D085C3A2169702F213030EF
:10637000A97000212870E9702846114609F052FFE3
:10638000EA780DF58B5410341AB12F2A19D12B79D4
:10639000BBB91F49204602F02CFDB0BB0DF58C5354
:1063A0004822A3F108016846129508F09FFE94E880
:1063B0000C003046FFF714FF30460DF5075DBDE8D1
:1063C000F0810DF5825808F110084146104802F09E
:1063D00074FD18B998F80C30DB06DAD43A460C494B
:1063E000204601F039FF80B90DF58C5341F2480287
:1063F000A3F1080168464DF8025008F077FE94E8D2
:106400000C003046FFF7C0FED6E73046A5E700BFD8
:106410003C1C002000B541F24C020B4B825C303238
:106420001A703A225A702F22C9B09A701846002268
:10643000DA7009F0F7FE694602F03FFDB0FA80F02D
:10644000400949B05DF804FB3C1C00207F2810B5D2
:1064500006D931B1FF2812D880380A4B33F8100022
:1064600010BD084A32F8114084428BB203D001318A
:106470008029F7D10B4603F18000C0B2F0E700207D
:10648000EEE700BF7C3D010070B51E4B1E4AB0F523
:10649000805F28BF1346191D31F8043C0A46A3B19A
:1064A000984212D331F8024C250AE4B2E618B04201
:1064B00021DA082D09D8DFE805F005090F111315B9
:1064C00017191B00C01A31F8100070BDC31A03F071
:1064D0000103C01A80B2F8E71038FBE72038F9E76B
:1064E0003038F7E71A38F5E70830F3E75038F1E7C6
:1064F000A0F5E350EEE70431002DCDD102EB4403CB
:10650000C9E700BF7C3E01006E400100054A1368E8
:1065100013B153681BB90123037000207047012099
:10652000704700BF401D00200128F8B506460C4604
:1065300005D9154B154A2921154808F04FFD154D71
:1065400055F8200020B1002345F8263008F0B4FDAE
:10655000C4B1142008F0A8FD074618B90E4B0B4A29
:106560003621E9E72346024604F1100C1868596801
:10657000144603C4083363452246F7D118682060E7
:1065800045F82670F8BD00BF3D4101002A410100D9
:106590004D410100401D0020A2410100024B53F873
:1065A00020301B68184700BF401D0020024B53F8E5
:1065B00020305B68184700BF401D002010B4044C19
:1065C00054F82040A468A4465DF8044B604700BF1F
:1065D000401D002010B4044C54F82040E468A44648
:1065E0005DF8044B604700BF401D0020024B53F88C
:1065F00020301B69184700BF401D002042884378A7
:10660000007843EA022340EA032070472DE930482E
:106610004168C4780B0E00250A0245EA030C44EADF
:10662000020B4FEA0C23847843EA1B63002545EAFA
:10663000030C4FEA0B2244EA020B4FEA0C23447886
:1066400043EA1B63002545EA030C4FEA0B2244EAA8
:10665000020B4FEA0C23047843EA1B634FEA0B2238
:10666000002544EA020045EA0301BDE830880B0A30
:10667000017043700B0C090E8370C1707047110AD2
:1066800002704170110C120EC2701A0A037142712D
:106690001A0C1B0E81708271C3717047024400F89E
:1066A000011B9042FBD17047036B0239023B8B42C6
:1066B00083BF4389406C01FB030000207047F8B59D
:1066C0000568846C16461F46AA8900233046394661
:1066D00008F004FB6A890023043408F0FFFA2368F9
:1066E00033B1984202D3C01A0834F8E76368034410
:1066F0001846F8BD024600F10B010020C30143EA31
:10670000500312F8010B50FA83F38A42D8B2F5D144
:10671000704710B541780023013149011A46022A19
:106720001DBF845C04EBC334A4B2032218BF04EB86
:10673000530302F1010218BF9BB29142EFD81846F1
:1067400010BD0000036810B5044653B119460A464F
:1067500011F8010B1F2810D93A28F8D1591C8A4288
:1067600002D04FF0FF3007E01B78303BD9B201294F
:10677000F7D801321846226010BD014B1878FBE7AC
:10678000481D002038B50D46044618B900232B607B
:10679000092038BD0368002BF8D01A78002AF5D0FC
:1067A000D98882889142F1D15878FFF7FFFE10F026
:1067B0000100EBD123682B60EBE738B505460024D8
:1067C00035F8020B08B9204638BDFFF75DFE6308B7
:1067D00003EBC433C2B212FA83F39BB2000A00EB9C
:1067E000530000EBC33084B2EAE701380A4411F8E1
:1067F000013B00F8013F9142F9D17047CA7E8B7E80
:10680000032843EA022301BF487D0A7D42EA0022B1
:1068100043EA024318467047C2F307238A76CB76D1
:106820000378032B01BF120C0A75120A4A757047D0
:10683000F8B5856C00F14C07044601232A46394619
:106840004078FFF7C7FEA0B9E36B626BE070EB1A0C
:10685000934201D30020F8BDA678012EFAD9636BCC
:1068600060781D442A4601233946FFF7B3FE013EF6
:10687000F3E70120EFE7C3780BB1FFF7D9BF184664
:106880007047836C8B4270B506460D4612D0FFF7F9
:10689000F2FF044660B92A46012306F14C017078E4
:1068A000FFF78CFE00281CBF4FF0FF350124B564B4
:1068B000204670BD0024FBE72DE9F84F036B8F1EC7
:1068C000023BBB4298BF0027054691463E463C46E8
:1068D0004FF000084FF0010A696CAB894FEAD40B06
:1068E0002846BBFBF3F31944FFF7CBFF78BBB5F8A1
:1068F0000CC02A6BBBFBFCF004F007030AFA03F39D
:106900000CFB10B0DBB2023A2918013491F84C109C
:10691000A24201EA030193BF00245B00DBB24FF403
:10692000805098BF234631B908F10108C84505D108
:10693000B01CBDE8F88F26464FF00008A74209D0EA
:10694000002BE1D101308445C6D90123DCE74FF0AB
:10695000FF30EEE70020ECE72DE9F0478C1E1746EC
:106960009846E2088389416CB2FBF3F504F0070412
:106970004FF0010909FA04F42944064603FB1525E2
:10698000E4B2304601F1010AFFF77BFF18B10120A4
:10699000BDE8F0871D46721992F84C30234214BFAF
:1069A00001210021414514D06340013F82F84C3061
:1069B00086F80390ECD0640014F0FF04EBD1B289A8
:1069C0006B1C9A424FF001044FF000055146E1D88C
:1069D000D7E70220DCE701292DE9F0410D4640F21E
:1069E000AB800468236B8B4240F2A6802378013B86
:1069F000032B00F2A180DFE803F002334C6501EBCA
:106A00005106E16BA389B6FBF3F320461944FFF767
:106A100038FF18B14FF0FF30BDE8F081A189E36B7A
:106A2000B6FBF1F201FB12622244771C2046B7FB51
:106A3000F1F1194492F84C60FFF723FF0028E9D1E7
:106A4000A289B7FBF2F302FB13731C44EB0794F823
:106A50004C0046EA00204CBF0009C0F30B00DBE706
:106A6000A3895B08B1FBF3F3E16B20461944FFF700
:106A700008FF0028CED1A1896D0004F14C02B5FBBE
:106A8000F1F301FB1353D118D05C4D7840EA052097
:106A9000C2E7A3899B08B1FBF3F3E16B20461944DD
:106AA000FFF7EFFE0028B5D1A289AD0004F14C003C
:106AB000B5FBF2F302FB13552844FFF79FFD20F0CE
:106AC0007040A9E7D0E9046756EA070334D0836829
:106AD000A289A1EB0308C379022B0FD116F1FF3075
:106AE0004FF0000347F1FF3108F0F8F86389B0FB7D
:106AF000F3F0804520D821D0681C8DE7032B02D10C
:106B000083694345F8D8E16B92082046B5FBF2F261
:106B10001144FFF7B6FE00287FF47CAFA289AD00D8
:106B200004F14C00B5FBF2F302FB13552844FFF7C8
:106B300065FD20F000406FE701206DE76FF0004039
:106B40006AE7F8B504682378042B0CBF4FF0805235
:106B50004FF400128A4205460E4601D80220F8BDC5
:106B6000CA06FBD18268A9623ABB022B15D82389D9
:106B7000B3EB561FF2D9236C2B63EA622A6B002A0F
:106B8000ECD0A189B6FBF1F34C3401FB13661A4437
:106B900034442A636C630020E1E7236CC271002B4C
:106BA000E5D06289A78957431A46BE42114606D2EC
:106BB0002046FFF779FD2863DFE71346F1E7284613
:106BC000FFF709FF431C024606D00128C6D9236BF4
:106BD0008342C3D9F61BE8E70120C0E701292DE96C
:106BE000F04704460D46164640F29180036B8B42F7
:106BF00040F28D800378013B032B00F28880DFE8B0
:106C000003F00248616101EB510AC16B8389BAFB51
:106C1000F3F31944FFF735FE074678BBA389BAFBA7
:106C2000F3F204F14C0803FB12A215F001051FBF9B
:106C300018F8023003F00F01330103F0F00314BF22
:106C40000B43F3B208F80230E16B0123E3700AF161
:106C50000109A389B9FBF3F320461944FFF711FE9C
:106C6000074658B9A289B9FBF2F302FB139345B169
:106C7000C6F3071608F803600123E3703846BDE841
:106C8000F08718F80320C6F3032622F00F021643FC
:106C9000F0E783895B08B1FBF3F3C16B1944FFF79D
:106CA000F0FD07460028E9D1A1896D0004F14C02EE
:106CB000B5FBF1F301FB135553195655C6F30726DF
:106CC0005E70D9E783899B08B1FBF3F3C16B19446C
:106CD000FFF7D7FD07460028D0D1A189AD0004F108
:106CE0004C03B5FBF1F201FB12521D462378042B35
:106CF000154407D02846FFF781FC26F0704600F0C7
:106D00007040064331462846FFF7B1FCB4E702273E
:106D1000B4E72DE9F041074605688846002932D1DD
:106D2000AE69002E40D02B6BB34298BF01262B7862
:106D3000042B46D1012231462846FFF7BDFD431EF4
:106D40000333044628D8012301461A462846FFF794
:106D500003FE02285FD001281CD0B8F1000F25D116
:106D60000223FB712B78042B42D1FB79022B3FD1FC
:106D70002A6BEB69AC61023A93424ED32B7943F014
:106D800001032B7108E0FFF726FE0128044642D9D3
:106D9000431C04D14FF0FF342046BDE8F0812B6B3B
:106DA0008342F9D84646C2E70126C0E7FB79022BA9
:106DB000D8D1731CA342D5D0BB68F61ABE61032399
:106DC000CFE734462B6B0134A34204D8012E01D8FF
:106DD0000024E1E7022421463846FFF7FCFD0028A5
:106DE000C0D0012817D00130D4D0B442EAD1EFE7A7
:106DF0004FF0FF3221462846FFF7F0FE48B9B8F1C0
:106E0000000FB5D0224641462846FFF7E7FE00288E
:106E1000AED00128BED00124BEE7013BEB61ADE757
:106E200001292DE9F84306460D46174602D80220EF
:106E3000BDE8F8830468236B8B42F8D972BBA9467E
:106E400029463046FFF7C7FD804600B30128EED043
:106E5000B0F1FF3F4DD02378042B2ED1226BE36994
:106E6000023A934231D36A1C42450CD02378042B5A
:106E700008D10023A2EB090249462046FFF76CFD2A
:106E80000028D5D1C146236B43454546D8D8237841
:106E9000042B01D107BBF7710020C9E72378042B2D
:106EA00002D1C379022BCAD04FF0FF3239462046B7
:106EB000FFF794FE0028C2D0BAE7002229462046F8
:106EC000FFF78CFE0028C9D0B2E70133E3612379D4
:106ED00043F001032371C6E7F379032BDCD1B368D8
:106EE000BB42D9D8B2691344BB42D5D30223F37154
:106EF000D2E701209CE770B5C379032B044610D17B
:106F000081688369CD18A94202D10020E07107E0B1
:106F10004E1C32462068FFF761FE31460028F2D051
:106F200070BD0020FCE7F8B50446FFF7A4FC054659
:106F3000002841D12378032B36D12779012F33D173
:106F400004F14C060146A2893046FFF7A7FB552302
:106F500084F84A32AA2384F84B3252234122722108
:106F600084F84C3084F84D30612384F84E3084F836
:106F70004F2084F8322284F8333284F8301284F8B7
:106F8000311204F50D70E169FFF771FBA16904F599
:106F90000E70FFF76CFBA26B60780132A2643B4677
:106FA0003146FFF717FB2571002211466078FFF785
:106FB0001DFB003018BF0120F8BD2DE9F041002471
:106FC00007688C76036B06460D46002B33D03B7862
:106FD000042B3AD17E6901F11A08402796F8233034
:106FE0009C4201D37CB90BE0FA0608BF0237F319C3
:106FF00000215878F35D43EA0020FFF727FAE0B953
:107000003F23AB7601242C440023A3766B733379A2
:107010002B73DB0616D406F13800FFF7F7FAC5E943
:107020000001727B337B43EA02236B81F27BB37BEB
:1070300043EA02232B81BDE8F081013408F8010BFB
:107040000237CBE700200021E9E7436C013309D088
:1070500001F11A083B6933F8140000284ED12C4482
:107060000023A376716BA87E01F10B0E0C46002362
:107070002E2614F8012B202A24D0052AA4EB010C7B
:1070800008BFE522BCF1090F04D1EF1800B9BE76A4
:107090007E730133EF187A7398B9A2F14108B8F101
:1070A000190F0DD8BCF1090F91F80C8034BF4FF0C7
:1070B000080C4FF0100C18EA0C0F1CBF2032D2B293
:1070C000BA760133A645D4D128B9EA1890760A7B5E
:1070D000002A08BF00232B4400245C73CB7A2B7357
:1070E00001F11C00FFF78AFAC5E9000401F116005E
:1070F000FFF784FA6881000C28819CE70021FFF7E4
:10710000A5F930B10134B4F5807F02D008F8010B45
:10711000A0E70024A3E72DE9F843036B0546884662
:10712000E3B10468876A2278042A0CBF4FF08052CA
:107130004FF400122037BA4210D9A289B7FBF2F6F9
:1071400002FB1672002A50D1C16A0133036339B9B8
:107150002389B3EB571F48D800232B63042009E091
:107160006389013B334240D1FFF735FC01280646D5
:1071700002D80220BDE8F883421C01D10120F9E7C2
:10718000236B83422BD8B8F1000FE5D0E96A28467B
:10719000FFF7BFFD0646002840D00128E9D0431C78
:1071A000ECD0EB7943F00403EB712046FFF763FB6F
:1071B00080460028E2D10146A28904F14C00FFF785
:1071C0006DFA31462046FFF76FFA4FF00109A064CF
:1071D0006389434515D8A36CA3EB0803A364EE624F
:1071E00031462046FFF760FA2863A189AF6204F1B7
:1071F0004C03B7FBF1F201FB12771F446F630020D1
:10720000B8E784F803902046FFF712FB0028B5D1B9
:10721000A36C013308F10108A364D9E70720A9E7AB
:107220002DE9F04105460068296B4669FFF729FB07
:10723000044620B9696B0B78852B03D002242046C5
:10724000BDE8F08120223046FFF7CFFA21462846DC
:107250007778FFF760FF04460028F0D1296B286893
:10726000FFF70FFB04460028E9D1696B0B78C02BB0
:10727000E4D1202207F10108B018023FFFF7B5FA68
:10728000102F25D84FEA4818402700212846FFF73D
:1072900042FF04460028D2D1296B2868FFF7F1FA93
:1072A00004460028CBD1696B0B78C12BC6D1F019ED
:1072B00020222037FFF799FAB845E6D83046FFF785
:1072C00028FAF278B37843EA02239842B7D0B5E7B8
:1072D0000424B4E70B6810B50360CB6983600B6AC4
:1072E000C37123F0FF030361496A416400234361D2
:1072F0000446FFF726FC20B92046BDE81040FFF702
:107300008FBF10BDF8B50E46002104460568FFF793
:1073100018FC00BB0746216B2846FFF7B2FAD0B92C
:107320002A78636B042A1B7807D1DB43C3F3C013AD
:1073300053B10137B74208D1F8BDE52B1ABFB3FAF4
:1073400083F35B090123F3E71F4601212046FFF782
:10735000E2FE0028DFD0042808BF0720ECE703681E
:107360002DE9F0415E6905463046FFF7D2F9B0706D
:10737000000AF070696C77782846FFF7E2FB4FF05F
:10738000010804462CB1022C28BF0224E0B2BDE85B
:10739000F081296B2868FFF774FA04460028F2D1BF
:1073A00020223146686BFFF720FA2B6883F80380B0
:1073B000002FE8D021462846FFF7ADFE20360446D0
:1073C000013FDFE72DE9F84FFF270668DFF834813A
:1073D00005463C464FF0040A4FF6FF79296B21B968
:1073E000BAF1000F00F0838072E03046FFF749FAEF
:1073F000824600286CD1686B0378002B7ED03278EF
:10740000042A11D1852B5CD1AB6A6B642846FFF747
:1074100007FF824600285BD173691B7903F03F03A5
:10742000AB715046BDE8F88FC27AE52B02F03F02FF
:10743000AA7152D02E2B50D022F0200108294CD016
:107440000F2A4FD15A0646D503F0BF04AB6A477BDB
:107450006B64437BBB4240D1C27E837E43EA0223FE
:107460001BB2002B39D10278316902F03F02013A98
:107470004FF00D0C0CFB02FC4FF0010E13F808A0AE
:1074800000EB0A0292F801B010F80A2042EA0B223F
:10749000BEF1000F23D0BCF1FE0F1ED821F81C2036
:1074A00096460CF1010C01330D2BE7D103785B06F6
:1074B00005D5BCF1FE0F10D8002321F81C30013C8B
:1074C000E4B200212846FFF726FE8246002885D038
:1074D00000232B63A5E7A342BBD0FF24F1E74A4575
:1074E000E1D0FAE734B9FFF705F9B84202D14FF01D
:1074F000000A96E74FF0FF336B6492E74FF0040AFF
:10750000E6E700BF2F4201002DE9F04F002185B0D2
:107510000546D0F80080FFF714FB8246002840F0B3
:10752000DB8098F80030042B39D1D8F81000FFF731
:1075300044F907462846FFF745FF08B18246CBE0ED
:10754000D8F8143093F8251093F8242042EA012249
:107550009742EFD193F82390044640264C4506D13C
:10756000D8F8103033F81430002BE3D1B4E0F10632
:10757000D8F8143008BF02369A199B5D507843EA58
:107580000020FEF781FFD8F81030834633F814004E
:10759000FEF77AFF8345CDD102360134DEE74FF0A6
:1075A000FF334FF0FF0B6B645E46296B4046FFF7DD
:1075B00068F90028C2D16C6B2778002F00F090800A
:1075C000E27AE52F02F03F03AB7103D0120705D535
:1075D0000F2B05D04FF0FF336B645AE00F2B5FD1B8
:1075E00095F8433058064BD4790650D5AB6A94F8D9
:1075F0000DB06B6407F0BF07637B5B4549D1E37E49
:10760000A67E46EA032636B2002E42D194F80090B8
:10761000D8F81030009309F03F0909F1FF334FF01B
:107620000D0909FB03F901212F4BF25CA318A25CA1
:107630005B7842EA032371B3B9F1FE0F29D81846EB
:107640000393FEF721FF009B029009F1010233F83A
:1076500019000192FEF718FF0299814219D1039B8C
:10766000019A1946914601360D2EDDD123785A062E
:1076700004D519B1009B33F8193053B9013FFEB25C
:1076800000212846FFF747FD00288ED056E7BE426E
:10769000B2D0FF26F4E74FF6FF729342E3D0F8E74B
:1076A00026B92046FFF726F8584515D095F84330FF
:1076B000DB078FD405F1380204F10B0114F8013B0C
:1076C00012F8010B8C42A3EB000302D0002BF5D083
:1076D00080E7002B7FF47EAF504605B0BDE8F08F09
:1076E0004FF0040AF8E700BF2F4201002DE9F04FE8
:1076F00090F8434014F0A00499B0054640F0FA8099
:107700000668326932F81430002B53D13378042BD9
:1077100040F082800F230E342846B4FBF3F4A11C02
:10772000FFF7F0FD8246002840D1AB6A04F1006407
:107730000134A3EB4414AB686C64002B3CD1D6E954
:107740000454402200212046FEF7A8FF8523237021
:10775000C02384F820302846FFF72FF8012184F851
:1077600024000022000A84F8250040230846C1278F
:1077700094465E1CE75404F806C0023321B135F884
:10778000121009B10132D2B2E618E1544FEA112EBB
:10779000023386F801E0DE06F0D135F812600130E0
:1077A000C0B2002EE5D184F823206070504619B095
:1077B000BDE8F08F0134A5E7EB795F07BFD503F093
:1077C0000303EB71D5E904237089B189E1FB002340
:1077D000C5E904232846FFF78EFBD8B9294604A83B
:1077E000FFF778FDB0B97069D5E904233830FEF7AA
:1077F00046FF7069D5E904232830FEF740FFEB7996
:10780000726943F0010382F8213004A8FFF7A7FD55
:10781000002894D08246C9E705F138070C22394682
:1078200004A8FEF7E2FF9DF81B30DB076CD5402370
:10783000DFF8EC8185F843304FF001090B2204A9F1
:107840003846D6F810A0FEF7D0FFB9F1050F4DD994
:10785000AAF102014B4631F8022F002A37D1072244
:1078600003F00F0000F13001392988BF00F1370122
:10787000013A02A810441B094170F1D118A9114422
:107880007E2001F8580C934204D0F95C202903F1C2
:1078900001002DD13B44072A9BBF18A9891820213C
:1078A00011F8581C03F8011BA3EB070198BF013224
:1078B0000729F0D92846FFF727FE8246E8B909F1E3
:1078C0000109B9F1640FB9D14FF0070A6EE7102032
:1078D00002F0010C0CEB430313F4803F18BF83EA62
:1078E000080301384FEA5202F2D1B4E74B46B6E73B
:1078F0000346C8E74FF0060A58E704287FF456AF5E
:107900009DF81B3085F843309DF81B309B0745BF21
:107910000C340D230124B4FBF3F448BF0134214699
:107920002846FFF7EFFC824600287FF43FAF013C7A
:1079300058D0A96A2846A1EB4411FFF702F9824604
:1079400000287FF433AF3846FEF7D4FE4FF6FF79B8
:107950008046296B3046FEF794FF824600287FF46C
:1079600025AF6B6BD6F810E083F80D800F22E1B2E3
:107970004FF00D0CDA724A1E0CFB02F21873987667
:10798000D8760192844648451FBF019A3EF81200FE
:1079900001320192214A1CF802A00CF1010C03EB08
:1079A0000A0B03F80A004FEA102A002808BF4846CD
:1079B000BCF10D0F8BF801A0E5D1484503D0019A29
:1079C0003EF812200AB941F0400119700123F3700A
:1079D00000212846FFF79FFB824600287FF4E6AE91
:1079E000013CB6D1296B3046FEF74BFF824600289A
:1079F0007FF4DCAE01462022686BFEF74FFE0B22BF
:107A00003946686BFEF7F1FE95F843306A6B03F078
:107A1000180313730123F370C8E600BF2F4201005F
:107A200021100100002310B5C3704FF0FF338364B1
:107A30000446FEF726FF002837D194F84B2294F82D
:107A40004A3243EA02234AF6552293422FD194F850
:107A50004C30E92B05D0E36C174A03F0FF13934237
:107A60000FD104F18200FEF7C9FD144B20F07F40D6
:107A700098421ED004F19E00FEF7C0FD104B9842C4
:107A800017D010494C34002214F8013B505C0A2AEC
:107A9000A3EB000304D00132002BF5D0022010BD6F
:107AA000002B14BF02200120F9E70420F7E7032090
:107AB000F5E70020F3E700BFEB00900046415400DB
:107AC000464154333C4201002DE9F04F002385B07C
:107AD0000B600F461546FEF735FE061EC0F2E1812B
:107AE000804B53F82640002C00F0DD813C60237869
:107AF00005F0FE0573B16078FEF758FDC10709D4A3
:107B0000002D00F0D28110F0040000D00A2005B052
:107B1000BDE8F08F0023F0B223706070FEF73EFDE9
:107B2000C20700F1C4810DB14307EFD404F10C0288
:107B300002216078FEF75AFD08B10120E7E7A0892D
:107B4000A0F50073B3F5606FF7D8451E0540F4D17A
:107B500029462046FFF766FF022840F0AF8004F276
:107B6000122111F8040C10B10846FEF747FD4DF83C
:107B700025000135042D01F11001F2D100265DF838
:107B80002650002D00F0928029462046FFF74AFF3C
:107B9000012800F28C80012840F0AA8004F15703EC
:107BA00004F18C0113F8012B002A40F08D808B42E8
:107BB000F8D194F8B52094F8B43043EA0223B3F531
:107BC000807F40F0818094F8B82001239340A289FF
:107BD000934279D104F19400FEF718FD461941F162
:107BE0000007012F08BF002E6ED204F1A000FEF79F
:107BF00005FD94F8BA806063B8F1010F84F8028043
:107C000062D194F8B93008FA03F91FFA89F3638155
:107C1000002B59D004F1A800FEF7F0FC324B98423B
:107C2000804651D8831C2363A56304F1A400FEF7AA
:107C3000E5FC2918616404F19C00FEF7DFFC1FFAE3
:107C400089F3284408FB03F8E063084610EB0802B8
:107C50004FF0000141F100039F4208BF964233D329
:107C600004F1AC00FEF7CAFC014620642046FEF792
:107C70001BFD01462046FEF704FE00287FF45DAFA1
:107C8000A589002104F160068D421FD81CD04FF059
:107C9000FF33C4E906330426144A267013880133DF
:107CA0009BB200201380E380206230E7032001367E
:107CB000042E7FF464AF042806D13EE704283FF485
:107CC0003CAF01287FF667AF0D2020E7631893F8DB
:107CD0004C30812B04D17018FEF790FC0228D6D0CE
:107CE0002031D1E74C1D0020FDFFFF7F541D0020F7
:107CF00094F8582094F85730B4F80C8043EA0223E3
:107D00009845E1D194F8633094F8627057EA0327FC
:107D100004D104F17000FEF771FC074694F85CB0E2
:107D200067630BF1FF33012B84F802B0CCD894F8D1
:107D30005960B3B26381002BC6D0731E3342C3D1E6
:107D400094F85E3094F85D904FEA581149EA03299F
:107D5000B9FBF1FA01FB1A9189B2A4F80890002945
:107D6000B2D194F8601094F85F0050EA012003D17A
:107D700004F16C00FEF742FC94F85B2094F85A3052
:107D800053EA0223A0D007FB0BFC0AEB0302624478
:107D9000904299D3811AB1FBF6F1002994D04FF6A5
:107DA000F576B14294BF0226032640F6F570814273
:107DB00098BF01262B4402312A44032E2163A56378
:107DC000E36362645AD194F8772094F8763053EAEA
:107DD00002237FF479AFB9F1000F7FF475AF04F19E
:107DE0007800FEF70BFC2064890008F1FF3319448A
:107DF000B1FBF8F8B8453FF667AF4FF0FF33C4E981
:107E00000633032E4FF0800323717FF445AF94F8BF
:107E10007D2094F87C3043EA0223012B7FF43CAFB1
:107E2000691C2046FEF72DFD00287FF435AF94F83D
:107E30004B2294F84A32207143EA02234AF6552233
:107E400093427FF429AF04F14C00FEF7D7FB194BA6
:107E500098427FF421AF04F50C70FEF7CFFB164B70
:107E600098427FF419AF04F50D70FEF7C7FBE0618F
:107E700004F50E70FEF7C2FBA0610DE7B9F1000F2B
:107E80003FF422AF022E4FEA410018BF401863446E
:107E900018BF01F0010123640CBF014601EB500142
:107EA000A3E70B2033E60C2031E628462FE603201B
:107EB0002DE600BF52526141727241612DE9F04FCF
:107EC0000B78D0F800902F2B97B00446884601D04D
:107ED0005C2B0AD1424613782F2B904602F1010207
:107EE000F9D05C2BF7D0002301E0D9F82030A36053
:107EF00099F80030042B1DD1A368DBB1D9F82430E8
:107F0000E361D9F828302362D9F82C306362214626
:107F100002A8FFF7DFF90146C0B9D9F8145005F1FE
:107F20003800FEF76BFBC4E9040195F8213003F03B
:107F30000203E37198F800301F2B00F2F0808023D9
:107F400084F8433000212046FEF7FBFD17B0BDE862
:107F5000F08FB5F5807F0BD00121FEF777FA38B1AD
:107F60007F2807D8A54A12F8013F1BB18342FAD1F6
:107F70000620EBE727F8020F2E46D8E0022E04D1A8
:107F8000BAF802302E2B00F0EF800AEB460376BBE6
:107F900000270AEB46032AF81670002EE8D02021AD
:107FA0000B2204F13800FEF779FB39463AF811202C
:107FB000202A24D02E2A22D009B145F0030533F817
:107FC000022D2E2A01D0013EF9D100234FF0080BDB
:107FD0001F463AF811004A1C10B3202803D02E285F
:107FE0000FD1B24211D045F003051146F1E733F845
:107FF000022D202A01D02E2ACAD1013EC7E7013125
:10800000D4E75B4505D2B2423AD1BBF10B0F30D178
:1080100002E0BBF10B0F27D145F003054FF00B0B2E
:1080200094F83830E52B04BF052384F83830BBF1D1
:10803000080F04BFBF00FFB207F00C030C2B03D0E6
:1080400007F00302032A01D145F00205A80700F159
:10805000A08007F00307012F08BF45F01005042B8F
:1080600008BF45F0080594E0B24202D045F0030590
:10807000D6D8BF00FFB232464FF00B0B0823B4E74F
:108080007F280ED90021CDE90023FEF7DFF945F066
:108090000205DDE9002368B15949084410F8800C55
:1080A00040B1DFF860C11CF8011F002900F0988082
:1080B0008142F8D145F003055F20E118013381F8D2
:1080C000380092E747F00207F7E7002A08BF0520CB
:1080D0003CE75A073FF53AAFA379DB067ED599F81E
:1080E000000004286CD1A368E3612369E279D9F820
:1080F000141023F0FF0313432362636C636201F1E6
:108100003400FEF77BFAA06091F8213003F00203FF
:10811000E37101F13800FEF779FAC4E9040123683C
:10812000D3F810A008F1FF3BAAF1020700261BF8C4
:10813000010F1F2806F101050ED92F2802D05C2857
:108140007FF407AF08EB0503A3EB080513F8012B39
:108150002F2AF9D05C2AF7D01F28A8448CBF00250D
:108160000425012E7FF40AAFBAF800302E2B7FF4DD
:108170000CAF00232AF8163004F138029E4294BF57
:1081800020212E2101330B2B02F8011BF6D145F0E3
:10819000200584F843502046FFF7B6F994F84330A1
:1081A000002896D004287FF4D1AE990603F004028B
:1081B0008BD5002AB3D0802384F843300020C5E655
:1081C000B9F80C20A56AB5FBF2F309F14C0102FBEA
:1081D00013531944FEF712FBA060A0E70520B5E693
:1081E000A0F1410119297FF66DAFA0F161011929B4
:1081F0009EBF203847F0010780B25EE7474201008A
:10820000AF410100504201001FB5CDE9001004A8A4
:10821000144640F8041DFEF795FA011E15DB0D4BC0
:1082200053F8210008B100220270019808B1002221
:10823000027043F8210030B1012C08D1002201A9BD
:108240006846FFF741FC04B010BD0B20FBE700209F
:10825000F9E700BF4C1D00202DE9F04FADF2C44DF1
:10826000154601910446002800F0888102F03F077E
:108270003A4603A901A8FFF727FC8046002840F0F2
:108280000481039B0199049318AA1A6198AA5A6160
:1082900004A8FFF713FE20B99DF95330002BB8BF97
:1082A000062015F01C0F00F03981002800F0F58041
:1082B000042840F0EA8004A8FFF718FA002840F0EC
:1082C000E48047F008073B076AD5039D2B78042B11
:1082D00040F0ED806E69256006F13400FEF78EF9FE
:1082E000A06006F13800FEF791F9C4E9040196F8A0
:1082F000213003F00203E371212000234C2133726B
:108300007372B072F1726A6913756A691373537389
:108310009073D1736A6953756A69202111716A6912
:1083200082F8343082F8353082F8363082F83730CF
:108330006A6982F8383082F8393082F83A3082F847
:108340003B3082F83C3082F83D3082F83E3082F893
:108350003F306A6982F8283082F8293082F82A3062
:1083600082F82B3082F82C3082F82D3082F82E30B3
:1083700082F82F306B69012283F8212004A8FEF7D0
:10838000EEFF002840F08180A16849B102462046F6
:10839000FEF746FDA368039A013B9361002874D160
:1083A000039D119EAB6C236466642878390748BF2F
:1083B00047F04007042840F0BF806E6906F13400A2
:1083C000FEF71CF9A06006F13800FEF71FF9C4E9BA
:1083D000040196F821309DF8172003F00203E371A1
:1083E000069BE361089B23F0FF0313432362159B65
:1083F0006362EB88A38000210022002304F14C0972
:10840000C4E90C23A1644FF48052256084F82870DD
:1084100084F82910E1634846FEF740F9BA0637D5DB
:10842000D4E9046756EA070332D0039BA5685A894A
:10843000B3F80CA0C4E90C670AFB02FA4FF0000B7A
:10844000BB4508BFB245C0F083800020A563E0B9FA
:10845000DDF80CA03046BAF80C200023394606F0AF
:108460003DFC1343064613D029465046FEF71CF93F
:10847000002800F081808219E263012349469AF8BE
:108480000100FEF79BF818B101200023236080460D
:1084900040460DF2C44DBDE8F08F9DF8163013F044
:1084A000110F47D16A077FF50EAF0820EDE7119B4A
:1084B000002621214C2219745A749E73DE73119B7D
:1084C00019765A769E75DE75119B2022DA72DDF8D8
:1084D00044A028785146FEF791F932468146284655
:1084E000FEF79AF9119B1E775E779E77DE77039BE6
:1084F0000122DA70B9F1000F3FF452AF324649461B
:1085000004A89D6CFEF78CFC0028BED12946039878
:10851000FEF7B7F9039A09F1FF333EE70028B4D11B
:108520009DF81630DE0625D4AD077FF539AFD807A4
:108530007FF536AF0720A8E73146FEF75FF9A06068
:1085400006F11C00FEF75AF800232061636150E732
:1085500029462046FEF73FFAB6EB0A0667EB0B0703
:108560000128054604D9431C7FF46AAF01206DE75A
:1085700002206BE7042088E7022086E74FF0090815
:1085800086E72DE9F04F85B016460193019A002346
:108590000F46136003A90446FEF7F4F805460028C9
:1085A00036D194F829509DBB94F82830DA0740F171
:1085B000C780D4E90C01D4E90423121A63EB010348
:1085C00000218B4208BFB24204F14C0338BF16466B
:1085D0000093EEB1D4E90C89DDF80CA00023BAF8C1
:1085E0000C204046494606F079FB134340F08E804C
:1085F000BAF80AA00AF1FF3A1AEA000A1ED158EAAC
:10860000090309D1A068012813D8022584F829504C
:10861000284605B0BDE8F08FA36C2BB142464B460F
:108620002046FEF74CF8EEE7A16B2046FEF7D3F9A3
:10863000E9E7431C01D10125E8E7A063DDF80CB0B0
:10864000A16B5846FEF730F80028DED0BBF80C903E
:10865000B6FBF9F90AEB0008B9F1000F36D0BBF808
:108660000A309BF801000AEB09029A4288BFA3EB8B
:108670000A094B4642463946FDF7A0FF0028DAD1E9
:1086800094F92830002B0CDAE06BA0EB0800484589
:1086900007D2039B9A8922B1009902FB0070FEF772
:1086A000A4F8039B9B8909FB03F9D4E90C2312EB83
:1086B000090043F10001019B019A1B684B44C4E986
:1086C0000C014F441360A6EB090682E7E26B4245BA
:1086D0001AD094F92830002B0DDA012300999BF869
:1086E0000100FDF777FF0028A5D194F8283003F0AA
:1086F0007F0384F82830039800994078012342468C
:10870000FDF75CFF002896D1C4F83C80039BD4E9B8
:108710000C019A89B0FBF2F902FB1909A2EB0909D5
:10872000B14528BFB146B9F1000FBED0002306F015
:10873000D5FA009B384699184A46FEF756F8B4E732
:10874000072565E72DE9F04F85B092460193019A20
:1087500000238B46136003A90446FEF713F8054671
:1087600018BB94F8295005BB94F828309A0740F1BB
:10877000E480039B1B78042B05D0236B13EB0A0FBB
:1087800001D36FEA030A04F14C03009382E0A36C67
:108790007BB142464B462046FDF791FF58B994F80D
:1087A000283043F0400384F82830284605B0BDE85F
:1087B000F08FA16B89E0012803D1022584F82950AC
:1087C000F3E7431C01D10125F8E7A368A06303B9CF
:1087D000A06094F92830002B0EDA0398E26B009920
:1087E00040780123FDF7F6FE0028ECD194F82830FC
:1087F00003F07F0384F82830DDF80C90A16B484625
:10880000FDF752FF0028D8D0B9F80C60BAFBF6F695
:1088100007EB0008002E5CD0B9F80A3099F8010087
:10882000BA199A4288BFDE1B334642465946FDF7C5
:10883000D1FE0028C7D1E16BA1EB0801B1420DD2F6
:10884000039B9A8922B102FB01B10098FDF7CDFF8D
:1088500094F8283003F07F0384F82830039B9B8929
:108860005E43D4E90C23D4E90401971943F10008CD
:10887000019B019A1B68414508BFB8423CBF38467E
:1088800041463344C4E90C78C4E90401B34413609D
:10889000AAEB060ABAF1000F81D0D4E90C89039E35
:1088A0000023B2894046494606F018FA134327D1FF
:1088B0007789013F07408CD158EA09037FF467AFFD
:1088C000A06800287FF477AF01462046FEF721FA22
:1088D00064E7E36B434511D0D4E90423D4E90C6782
:1088E0009F4208BF964209D201234246009999F857
:1088F0000100FDF763FE00287FF465AFC4F83C80FB
:10890000039BD4E90C019A89B0FBF2F602FB160630
:10891000961B564528BF564646B1002306F0DEF9A1
:10892000009B594698183246FDF75FFF94F82830AF
:1089300063F07F0384F8283093E7072535E770B5A7
:10894000ADF5976D01A90546FDF71CFF044600280B
:1089500068D195F828305A0664D51B060FD50198C2
:10896000EA6B4078012305F14C01FDF733FE002846
:108970007DD195F8283003F07F0385F828300198E1
:108980000378042B52D12846FEF7B5FA0446002896
:1089900048D1019B16AA1A6196AA5A61294602A8D3
:1089A000FEF798FC044600283CD1019B59690A79DE
:1089B00042F020020A71EA79596942F0010281F815
:1089C00021205869A9683430FDF751FE019B586990
:1089D000D5E904233830FDF752FE019B5869D5E9EB
:1089E00004232830FDF74BFE019A53692121997326
:1089F0004C211C735C73D97353695C75536902A86D
:108A00001C745C749C74DC74FEF7A9FC044648B9C1
:108A10000198FEF788FA95F8283023F040030446C1
:108A200085F8283020460DF5976D70BD296CFDF74F
:108A300028FF04460028F5D16E6CF37A43F020033A
:108A4000F372AA6828683146FDF7E6FE06F11C00BD
:108A50002969FDF70CFE212333760198B4754C2368
:108A600073760123F475B474F474C370D1E70124F0
:108A7000D8E713B50446FFF762FF28B901A92046DD
:108A8000FDF780FE00B9206002B010BD2DE9F04F67
:108A900087B005A9044692469B46FDF773FE06463D
:108AA00008BB94F82960F6B9A36C002B00F09680FF
:108AB000BBF1FF3F08BFBAF1FF3F38D1A768D3F839
:108AC00000A003F10409022547B34FF0000807EBAB
:108AD00008012046FDF77FFF012808F1010808D8AA
:108AE000022684F82960304607B0BDE8F08F0746BB
:108AF000EBE7431C01D10126F3E707EB080398429B
:108B0000E5D00235AA4521BF4B4643F8088BC9F88A
:108B100004709946059B1B6B8342E8D8A36C5545AE
:108B20001D6000F264810023C9F80030DBE7D4E95E
:108B30000489CB4508BFC2453CBFD046D94658EA58
:108B40000903C4E90C89CED018F1FF3249F1FF3393
:108B50002046CDE90223FDF7B2FD059DA063014645
:108B60002846FDF7A1FD00900028B9D0B5F80CA06B
:108B70004FF0000B52465B464046494606F0AEF8C1
:108B80001343B0D052465B46DDE9020106F0A6F879
:108B90006F89009BE26B013F07401F44BA42A2D09D
:108BA00094F92830002B04F14C080CDA01234146DB
:108BB0006878FDF70FFD00289DD194F8283003F068
:108BC0007F0384F82830059801233A4641464078CF
:108BD000FDF7F4FC00288ED1E76384E7059D2B7830
:108BE000042B08D000235B454FF0FF3208BF5245ED
:108BF0003CBF92469B46D4E904235B4508BF5245DF
:108C000005D294F8281088075CBF92469B46002145
:108C10000020D4E90C23C4E90C015AEA0B0143D12A
:108C200050465946002510E00025D4E90C01D4E94E
:108C300004238B4208BF824207D294F82830C4E94B
:108C4000040143F0400384F82830DDF81480002349
:108C5000B8F80C2006F042F813433FF444AFE26B3F
:108C6000AA423FF440AF94F92830002B04F14C079E
:108C70000EDA0123394698F80100FDF7ABFC002815
:108C80007FF439AF94F8283003F07F0384F828305C
:108C9000059801232A4639464078FDF78FFC0028C5
:108CA0007FF429AFE5631EE76989B5F80C8008FBFE
:108CB00001F852EA03014FD012F1FF3043F1FF31C6
:108CC000CDE900011AF1FF304BF1FF31424600239C
:108CD00006F004F84246CDE902010023DDE9000177
:108CE00005F0FCFFDDE902238B4208BF824233D34B
:108CF000DDE9002308F1FF3122EA0102C4E90C2377
:108D0000BAEB020AA56B6BEB030B002D8CD04FF076
:108D10000009D94508BFD045D4E90C012CD3D4E9CA
:108D20000C23059F12EB0A0043EB0B01C4E90C0175
:108D3000BA8900235046594605F0D0FF13438046B8
:108D40003FF472AF29463846FDF7AEFC00283FF4E9
:108D5000C7AE00EB080568E7A5685DB9294620465F
:108D6000FDF7D7FF012805463FF4BAAE411C3FF49A
:108D7000C2AEA060A563C8E7BAEB080A6BEB090BAB
:108D800094F8287010EB080241EB09031046C4E97F
:108D90000C23BA07194618D5D4E904238B4208BF1F
:108DA000824207D202460B46C4E9042347F040073B
:108DB00084F8287029462046FDF7ABFF054648B9E0
:108DC0004FF0000A4FF0000BA9E729462046FDF7B7
:108DD00002FE05466B1C3FF48EAE012D7FF680AE81
:108DE000059B1B6BAB427FF67BAEA56391E711261B
:108DF00079E630B5ADF2744D0446019100284ED0AD
:108E0000002203A901A8FEF75FFE98B9039B236027
:108E100004AA1A6184AA5A6101992046FFF74EF804
:108E200000283ED194F94330002B25DBA379DB06E3
:108E300003D405200023236029E0039A1078042836
:108E400028D1A368E3612369E179556923F0FF0321
:108E50000B432362636C636205F13400FDF7CEFBC4
:108E6000A06005F13800FDF7D1FBC4E9040195F8D5
:108E7000213003F00203E371039BDB88A380002110
:108E80002046FDF75EFE0428D3D00028D2D10DF293
:108E9000744D30BD616BFDF7B1FCA060ECE70920BB
:108EA000F5E70428C5D0C5E713B501A90446FDF7C9
:108EB00069FC00B9206002B010BD30B5ADF2BC4D08
:108EC0000D460190002202A901A8FEF7FDFD04460F
:108ED00098B9029B019916AA1A6196AA5A6102A82A
:108EE000FEF7ECFF044640B99DF94B30002B08DB40
:108EF0001DB1294602A8FEF760F820460DF2BC4DD0
:108F000030BD0624F9E710B50446006808B104F046
:108F10001BFE204610BD0000F8B5114C00231C209C
:108F2000C4E90033A36004F00DFE0E4A206000F196
:108F30001C06A660034602F11807154603CDBD4284
:108F4000186059602A4603F10803F6D128681860B2
:108F5000054A666005490248BDE8F84005F0B2B927
:108F6000581D00205842010000000020078F00001B
:108F70000160704770470068FCF70ABA0068FCF7A8
:108F80005DBA0068FCF75DBA82B06B4683E8060004
:108F900093E80600006802B0FCF722BA0068FCF70C
:108FA0003DBA38B504460D464620002105F032F89A
:108FB00029462046BDE83840FFF7E0BF38B50446F3
:108FC0000D464620012105F025F829462046BDE83A
:108FD0003840FFF7D3BF7047B0F960007047B0F971
:108FE0006400704737B5056890F824400094AC6A77
:108FF000A04703B030BD00002DE9F04F85B0054615
:109000000846DDE90E181C46174601238A1A002A75
:1090100085F87F30A4EB0003B8BF5242002BB8BFE5
:109020005B429A4205DC0E46214634463E460746E0
:1090300030468F4205DC2646044630460E46394609
:109040003746061B002EB8BF7642A7EB010A8442C2
:10905000B4BF01204FF0FF309A42039602904FEACE
:109060006A0689464FF000033EDDB94520DC039ACD
:10907000B61A03F101030FD5012B56442A680ED10D
:10908000D2F810B043460A4628462146D847029BEC
:1090900009F101011C44002309F10109E5E7CDF8BC
:1090A0000080D2F81CB028460A462146D847EEE791
:1090B0003BB12A68CDF80080D6690A462146284689
:1090C000B047002385F87F3095F87E30002B34D1EF
:1090D000012185F87E10452004F09CFF184805B05A
:1090E000BDE8F04FFFF75ABFB9451EDC039AB61A28
:1090F00003F101030ED5012B56442A680DD1D2F895
:1091000010B0434622462846D847029B09F1010188
:109110001C44002309F10109E6E7CDF80080D2F8EC
:1091200020B028462246D847EFE7002BC9D02A684E
:10913000CDF80080166A2246C1E705B0BDE8F08F81
:10914000641D00202DE9F3410E1E04461546984685
:10915000C0F29080002AC0F28D80036EB34240F3CB
:109160008980436E934240F3858090F87E3093B1BE
:109170000027424B00938DF805708DF8047002AB08
:1091800080F87E7013E906003D48FFF7FDFE394682
:10919000452004F03FFF0021452004F03BFF002163
:1091A000462004F037FFE36E9E4220D02A21344847
:1091B000FFF7F7FE46EA06470121462004F02AFFA2
:1091C000390E2F48FFF7DAFEC7F307412C48FFF7A7
:1091D000D5FEC7F307212A48FFF7D0FEF1B2284891
:1091E000FFF7CCFE0021462004F014FFE666A36ED4
:1091F0009D4220D02B212248FFF7D3FE45EA0546A9
:109200000121462004F006FF310E1D48FFF7B6FE8F
:10921000C6F307411A48FFF7B1FEC6F30721184805
:10922000FFF7ACFEE9B21648FFF7A8FE0021462082
:1092300004F0F0FEA5662C211148FFF7B2FE0121D3
:10924000462004F0E7FE1FFA88F10D48FFF799FE6B
:1092500094F87F3073B994F87E305BB9012184F8BB
:109260007E10452004F0D6FE054802B0BDE8F0416E
:10927000FFF794BE02B0BDE8F08100BF80F0FA02B3
:10928000641D00202DE9F041374B036004460025A2
:109290004FF6FF768846174629460E22456080F82D
:1092A0002C5080F8315080F83250C6648C3005F074
:1092B00041FFC4E92755C4E92955C4E92B55C4F831
:1092C000B45084F8B85004F1BC00FCF7AFFF274B52
:1092D000C4F8DC3184F8E0510121452004F09AFE05
:1092E0000121452004F052FE0121462004F092FEA7
:1092F0000121462004F04AFE0121472004F08AFEA5
:109300000121472004F042FE012384F87B3084F8D9
:109310007E3084F8803084F8813084F8823040F2E6
:109320000113C4E9093548F2D613C4F86080C4F8C3
:1093300058806766E76584F87A5084F87C5084F832
:109340007D5084F87F50C4E91A66C4E90255C4E927
:109350000456C4E906562562C4E90F55C4E91155FF
:1093600063672046BDE8F08178730100E40B0020BC
:1093700073B590F87E3004460E4693B100252E4B0F
:1093800000938DF805508DF8045002AB80F87E50A4
:1093900013E906002948FFF7F7FD2946452004F0A8
:1093A00039FE0021452006F0070604F033FE84F85C
:1093B000276036212148FFF7F4FD94F82730072B6A
:1093C0000DD8DFE803F004242C2E30323436482147
:1093D0001A48FFF7F3FDA36D2366E36D63660A2069
:1093E00004F056FB94F87F305BB994F87E3043B9B3
:1093F0000121452084F87E1004F00CFE0F48FFF791
:10940000CDFD4FF6FF73C4E91A3302B070BD2821B9
:109410000A48FFF7D3FDE36D2366A36DDEE78821DD
:10942000D6E7E821F4E7C821D2E76821F0E7082170
:10943000CEE7A821ECE700BF80F0FA02641D00200F
:1094400073B590F8803004464BB30125CC48002614
:10945000FFF791FD2946452084F87F6084F87E500F
:1094600004F0D8FD2946452004F090FD2946462009
:1094700004F0D0FD2946462004F088FD94F87F30A2
:1094800084F880605BB994F87E305BB9452084F83D
:109490007E50294604F0BEFDB948FFF77FFD94F8E1
:1094A0007E3093B10025B74B00938DF805508DF8B1
:1094B000045002AB13E90600B14884F87E50FFF770
:1094C00063FD2946452004F0A5FD0021452004F058
:1094D000A1FD0121472004F09DFD052004F0E6FADE
:1094E0000021472004F096FD142004F0DFFA01214A
:1094F000472004F08FFD94F87F305BB994F87E30FC
:1095000043B90121452084F87E1004F083FD9C4876
:10951000FFF744FD962004F0C9FA94F87E3093B129
:109520000025984B00938DF805508DF8045002AB40
:1095300013E90600924884F87E50FFF725FD29467E
:10954000452004F067FD0021452004F063FDEF2174
:109550008B48FFF726FD03218948FFF72FFD802167
:109560008748FFF72BFD02218548FFF727FDCF2114
:109570008348FFF716FD00218148FFF71FFDC12139
:109580007F48FFF71BFD30217D48FFF717FDED21D8
:109590007B48FFF706FD64217948FFF70FFD0321A3
:1095A0007748FFF70BFD12217548FFF707FD812172
:1095B0007348FFF703FDE8217148FFF7F2FC8521AE
:1095C0006F48FFF7FBFC00216D48FFF7F7FC78219F
:1095D0006B48FFF7F3FCCB216948FFF7E2FC392128
:1095E0006748FFF7EBFC2C216548FFF7E7FC0021FB
:1095F0006348FFF7E3FC34216148FFF7DFFC0221F9
:109600005F48FFF7DBFCF7215D48FFF7CAFC20212C
:109610005B48FFF7D3FCEA215948FFF7C2FC002161
:109620005748FFF7CBFC00215548FFF7C7FCC02186
:109630005348FFF7B6FC23215148FFF7BFFCC12177
:109640004F48FFF7AEFC10214D48FFF7B7FCC5218E
:109650004B48FFF7A6FC3E214948FFF7AFFC282105
:109660004748FFF7ABFCC7214548FFF79AFC862126
:109670004348FFF7A3FC36214148FFF792FC4821FD
:109680003F48FFF79BFC3A213D48FFF78AFC5521F4
:109690003B48FFF793FCB1213948FFF782FC0021DA
:1096A0003748FFF78BFC13213548FFF787FCB621BD
:1096B0003348FFF776FC08213148FFF77FFC822111
:1096C0002F48FFF77BFC27212D48FFF777FCF2217D
:1096D0002B48FFF766FC00212948FFF76FFC262185
:1096E0002748FFF75EFC01212548FFF767FCE021D2
:1096F0002348FFF756FC0F212148FFF75FFC31217B
:109700001F48FFF75BFC2B211D48FFF757FC0C217E
:109710001B48FFF753FC0E211948FFF74FFC0821A7
:109720001748FFF74BFC4E211548FFF747FCF12186
:109730001348FFF743FC37211148FFF73FFC07218F
:109740000F48FFF73BFC10210D48FFF737FC0321C2
:109750000B48FFF733FC0E210948FFF72FFC0921C6
:109760000748FFF72BFC00210548FFF727FCE12104
:109770000348FFF716FC00210148FFF71FFC03E038
:10978000641D002080F0FA020E214548FFF716FC08
:1097900014214348FFF712FC03214148FFF70EFC58
:1097A00011213F48FFF70AFC07213D48FFF706FC5F
:1097B00031213B48FFF702FCC1213948FFF7FEFB8E
:1097C00048213748FFF7FAFB08213548FFF7F6FB39
:1097D0000F213348FFF7F2FB0C213148FFF7EEFB76
:1097E00031212F48FFF7EAFB36212D48FFF7E6FB32
:1097F0000F212B48FFF7E2FB11212948FFF7D1FB8E
:1098000094F87F305BB994F87E3043B9012145204C
:1098100084F87E1004F0FEFB2148FFF7BFFB7820A0
:1098200004F044F994F87E3093B100251D4B009369
:109830008DF805508DF8045002AB13E90600184866
:1098400084F87E50FFF7A0FB2946452004F0E2FB98
:109850000021452004F0DEFB29211148FFF7A1FB80
:1098600094F87F305BB994F87E3043B901214520EC
:1098700084F87E1004F0CEFB0948FFF78FFB94F8C4
:1098800027102046FFF774FD0121482004F07EFBDD
:109890000121482002B0BDE8704004F0BBBB00BF0E
:1098A000641D002080F0FA02FFF7CABD13B50268FC
:1098B0000191416E0091546A036E00221146A04747
:1098C00002B010BD2DE9F04F85B0DDE90E784FF004
:1098D000010980F87F90CDF8008006680392D6F8E1
:1098E00020B004460D469A46D847039BCDF8008029
:1098F000DA1923682946D3F820B0013A53462046A6
:10990000D847039E2368CDF800804E44023F294685
:10991000D3F81CB032463B462046D8472368CDF8E2
:10992000008005EB0A013246DD6901393B462046DD
:10993000A847002384F87F3094F87E305BB984F820
:109940007E904946452004F065FB044805B0BDE81B
:10995000F04FFFF723BB05B0BDE8F08F641D00207A
:10996000072905D8002908BF012180F82510704774
:109970000721FAE7C0E905127047000090F8B830F7
:1099800013B1B0F98E007047012990F8253007D146
:10999000D0F8882022B1107B10FB03F000B2704792
:1099A000024A0C2000FB0121087AF5E7E872010069
:1099B00090F82410FFF7E2BF2DE9F0412B4C069FF1
:1099C00098464FF6FF73C0E91A330E464620002131
:1099D000154604F01FFB20462A21FFF7E2FA48EA69
:1099E00006460121462004F015FB310E2046FFF704
:1099F000C5FAC6F307412046FFF7C0FAC6F30721B0
:109A00002046FFF7BBFA5FFA88F12046FFF7B6FA67
:109A10000021462004F0FEFA20462B21FFF7C1FA70
:109A200047EA05450121462004F0F4FA290E2046B4
:109A3000FFF7A4FAC5F307412046FFF79FFAC5F3E5
:109A400007212046FFF79AFAF9B22046FFF796FA67
:109A50000021462004F0DEFA20462C21FFF7A1FA6F
:109A600001214620BDE8F04104F0D4BA641D002075
:109A70002DE9F04F93B01D461C9B04931D9B06934C
:109A8000036E03918B42834614469DF8789040F311
:109A90008481436EA34240F38081062313FB0913A4
:109AA000002B40F37A8104EBC903002B40F375814E
:109AB0001F2D40F27281D0F88880B8F1000F40F07D
:109AC000C380B9F1010F4FEA85066BD1049B069A5A
:109AD000934267D090F87E3010AF83B1B04B1093B3
:109AE0008DF845808DF8448080F87E8097E80600E8
:109AF000AC48FFF749FA4146452004F08BFA0021B3
:109B0000452004F087FA04F108030093039B0399AE
:109B1000053322465846FFF74FFFA34A354400233A
:109B20001544EA5CFA540133052BFAD100239D4D0C
:109B3000BDF810608DF845300824BDF818804FF04E
:109B4000000A17F80A3019EA030F14BF31464146DC
:109B500028460AF1010AFFF714FABAF1050FF0D10D
:109B60004FEA490341462846013C5FFA83F9FFF773
:109B700008FA14F0FF04E0D19BF87F30002B40F08E
:109B80000C819BF87E30002B40F0078101218BF87F
:109B90007E10452004F03EFA824813B0BDE8F04F35
:109BA000FFF7FCB901238BF87F307F4BDDF80C8089
:109BB00035442B4400260793052E16BF079B002330
:109BC0009B5D0593B9F1010F1DD1039B002703EBAA
:109BD000060A059BDA0708D5DBF800301B69E21995
:109BE0001D465146049B5846A847059B01375B0814
:109BF000082F0593EDD10136062EC844DCD1002391
:109C00008BF87F30BDE7A2460827059BDB0714D5FC
:109C1000DBF80030049ACDE900925B6A52461D469B
:109C200041464B465846A847059B013F5B0817F045
:109C3000FF070593CA44E8D1DDE7049B069A9342E7
:109C4000F2D0DBF80030E6E7B8F80830AB4200F2BB
:109C5000A480B8F80A30AB42C0F09F80012380F89E
:109C60007F30B8F80830D8F80420D8F800100C91EC
:109C7000ED1AADB20C235D43AB18AA5A06925A797D
:109C80000D9293F907200592B9F1010F93F908207D
:109C900093F804A085BFBDF914300793002313B2D5
:109CA00098BF079313FB094300250E9313192E4603
:109CB000A84608950B930D9AF3B293426AD20E9B75
:109CC0000B9AEB180024324409930F922346E2B218
:109CD00092453AD9B8F1000F08D106990C9A525C16
:109CE00008920A46013206924FF08008089A12EA5A
:109CF00008020A9205D001339BB24FEA580801349A
:109D0000E5E7002BF9D0B9F1010FDBF800200CD109
:109D1000039805990144049800902144176A0F9A0A
:109D2000C91A5846B8470A9BE7E704980799CDE94E
:109D3000009021440398576A099AC91A09FB010146
:109D400003FB09F35846B847EDE783B1B9F1010FBA
:109D5000DBF800200ED10398059901440498009087
:109D6000146A0B9A51443244C91A5846A047013626
:109D70004D44A0E704980799CDE900905144039819
:109D8000546A099AC91A09FB010103FB09F35846F1
:109D9000A047ECE74FF0000332E713B0BDE8F08FC7
:109DA00080F0FA02641D0020E96D010037B590F8DB
:109DB0007E30054693B100240D4B00938DF805408D
:109DC0008DF8044002AB80F87E4013E90600094894
:109DD000FFF7DAF82146452004F01CF90021452060
:109DE00004F018F9012385F87F3003B030BD00BFBF
:109DF00080F0FA02641D002008B5002380F87F304F
:109E000090F87E3053B9012180F87E10452004F08F
:109E100001F90348BDE80840FFF7C0B808BD00BF1E
:109E2000641D00200B0604D4002380F82C3089B276
:109E30000EE090F82C30ABB901F0E002C02A09D155
:109E40008A0102F4F862C285012280F82C200021E8
:109E50000846704701F0F002E02AE8D10A03C28503
:109E60000222F2E7022BB0F92E2008D1890101F479
:109E70007C631343C385012380F82C30E7E701F0AE
:109E80003F01114389B20023C18580F82C30DFE700
:109E9000F0B50D2985B004460D460BD090F8823000
:109EA0005BB989B231B194F8B83053B12368204618
:109EB0009B6B9847012005B0F0BDFFF7B3FF01464B
:109EC000F0E70A291FD01F29F4D9D4F88830002BD5
:109ED00053D194F82400022817D17F29EAD84D4B9A
:109EE0000B4413F8202C063202F4FC72102394F871
:109EF0002570E6680A2D07FB03F31DD13344E360A8
:109F00000023A360D6E72021DFE7C21E052A0DD873
:109F10007F29CFD8404E0C2303FB006203FB006374
:109F200052681B7A0A4412F8202CE0E7012812BF7D
:109F30001A4608230622DAE794F87B504DB1A5684B
:109F400007FB0252256EAA42C1BF9B19E3600023A2
:109F5000A36094F87C302BB1E368626E9A42DCBF58
:109F60000023E360236800909D6A2046D4E9022321
:109F7000A847A3681844A0609CE70A2D09D10022D5
:109F8000A2601B7BE26894F8251001FB0323E360C9
:109F900090E75A898A428DD31D89A9428AD34D1BE5
:109FA0005A68ADB20C2000FB05252E795EB36A79A4
:109FB0004AB394F87B2094F825007AB195F90720EC
:109FC0003244A66800FB0262266EB24206DD00261D
:109FD000A660E2681B7B03FB0023E36094F87C30FF
:109FE0002BB1E368626E9A42DCBF0023E360A26992
:109FF000236801926269029000925E6920460B46D6
:10A00000D4E90212B047A97994F82530A26801FB7F
:10A01000032376E7347B0100E8720100F0B5158870
:10A020006E1CB6B216804C5D2706A0B20ED504F0A9
:10A03000E007C02F0BD1012B09D902351580885DAF
:10A04000A40100F03F0004F4F8642043F0BD04F0E4
:10A05000F007E02FFAD1022BF8D9AB1C9BB213808A
:10A060000335885D1580CB5C800103F03F0300F46D
:10A070007C6043EA0434204380B2E7E738B501F05E
:10A080000703013B05460C46062B0BD8DFE803F01F
:10A090000411181F262D340021F0070429461A4800
:10A0A000FEF76FFF7CB329461748083CFEF769FFAF
:10A0B00024E021F0070429461348FEF762FFEDE78C
:10A0C00021F0070429461048FEF75BFFF3E721F073
:10A0D000070429460C48FEF754FFF3E721F0070474
:10A0E00029460948FEF74DFFF3E721F0070429460A
:10A0F0000548FEF746FFF3E721F00704294602482A
:10A10000FEF73FFFF3E738BD641D00202DE9F04363
:10A1100085B0B1F10008044615461E46DDF83090C2
:10A1200049DB036E434546DD436E9A4243DA002A1B
:10A13000BCBFB6180025AA199342B8BF5E1B002EFB
:10A1400039DD90F87E3093B100271C4B02938DF8D7
:10A150000D708DF80C7004AB80F87E7013E906006A
:10A160001748FEF711FF3946452003F053FF002141
:10A17000452003F04FFFAB19013B00932A464346AD
:10A1800041462046FFF718FC31461FFA89F0FFF7D9
:10A1900075FF94F87F3073B994F87E305BB9012174
:10A1A00084F87E10452003F035FF054805B0BDE872
:10A1B000F043FEF7F3BE05B0BDE8F08380F0FA028D
:10A1C000641D00202DE9F04385B0B2F1000804467B
:10A1D0000D461E46DDF8309049DB036E994246DAA3
:10A1E000426E904543DA0029BCBF76180025AA19B3
:10A1F0009342B8BF5E1B002E39DD90F87E3093B1DC
:10A2000000271C4B02938DF80D708DF80C7004AB79
:10A2100080F87E7013E906001748FEF7B5FE394650
:10A22000452003F0F7FE0021452003F0F3FEAB19B3
:10A23000013B424629462046CDF80080FFF7BCFB93
:10A2400031461FFA89F0FFF719FF94F87F3073B990
:10A2500094F87E305BB9012184F87E10452003F02C
:10A26000D9FE054805B0BDE8F043FEF797BE05B03E
:10A27000BDE8F08380F0FA02641D00202DE9FF475D
:10A280001646026E8A4204460D461F46DDE90C8AD8
:10A2900057DD436EB34254DD0029BCBF7F18002553
:10A2A000E919002EBCBFB04400268A42B8BF571B34
:10A2B00006EB08029342B8BFA3EB0608002F40DD6F
:10A2C000B8F1000F3DDD90F87E309BB14FF00009F2
:10A2D0001D4B02938DF80D908DF80C9004AB80F817
:10A2E0007E9013E906001948FEF74EFE49464520C8
:10A2F00003F090FE0021452003F08CFE06EB0802DF
:10A30000013AEB19013B0092294632462046FFF7FD
:10A3100053FB08FB07F11FFA8AF0FFF7AFFE94F832
:10A320007F3073B994F87E305BB9012184F87E10D8
:10A33000452003F06FFE054804B0BDE8F047FEF786
:10A340002DBE04B0BDE8F08780F0FA02641D002045
:10A350002DE9F04F8DB01D46044693469DF85830C8
:10A360000E4619B900200DB0BDE8F08F012B28D1A1
:10A3700090F8252003680292826901924269009256
:10A380005F692A460B465946B847D4F888202AB94F
:10A3900094F8250000EB40004000E4E713899E425A
:10A3A000E0D35189B142DDD3F61A5368B6B20C221C
:10A3B00002FB063694F82530B07910FB03F000B2AA
:10A3C000D1E79A1EA1F12006062AB6B201D85F2E67
:10A3D000C8D8022B40F0A5809B4BB4F9602013F83D
:10A3E00006A094F825301AFB03F000EB0B01914214
:10A3F000E5DA964A52F8262005920AF10602D210B2
:10A400000492D4E90512914202D0012B00F0B081F0
:10A41000012384F87F3010230693D4E90532934258
:10A420000BD094F825302168CDE9003220464E6AE1
:10A430000AFB03F32A465946B0474FF00008049A36
:10A4400094F82530424500F08481059A12F808708E
:10A45000002F63D0012B4FEAC8067AB240F0FE808D
:10A46000002A06EB0B0106DA23682A46D3F810907F
:10A4700063692046C8477B0609D523680BF10101B3
:10A48000D3F8109063692A4631442046C847B8067D
:10A4900009D523680BF10201D3F8109063692A46AD
:10A4A00031442046C847F90609D523680BF103015A
:10A4B000D3F8109063692A4631442046C8473A07CA
:10A4C00009D523680BF10401D3F8109063692A467B
:10A4D00031442046C8477B0709D523680BF10501A5
:10A4E000D3F8109063692A4631442046C847B8071C
:10A4F00009D523680BF10601D3F8109063692A4649
:10A5000031442046C847F90708D523680BF10701F5
:10A510001F6963692A4631442046B84708F101089B
:10A520008DE7DA1E052A00F2CB8103EB430248498E
:10A53000920088580A4450F82690526812F806A0F3
:10A540000C2202FB03131E7A94F87E3093B100278D
:10A55000404B0A938DF82D708DF82C700CAB13E9DD
:10A5600006003D4884F87E70FEF70EFD3946452012
:10A5700003F050FD0021452003F04CFD012384F839
:10A580007F3006FB0AF3049394F82530012BD4E9BD
:10A59000051202D1914240F06D8191420AD05E4392
:10A5A0002168019200964E6A0AFB03F32A46594637
:10A5B0002046B04794F8256016FB06F3DBB2013E57
:10A5C0000893F3B205930026049BB34240F37681CF
:10A5D00019F8013B190640F1498196FBFAF803F09E
:10A5E0007F0301330793059B0AFB1867002B00F0DC
:10A5F0002B8194F8253007FB03B708FB0358079B12
:10A600000693069B013BDBB2FF2B069300F01981FA
:10A61000059B43440093059B42463B4439462046F4
:10A62000FFF7CAF9059B002B00F01181089B013B45
:10A63000DBB2FF2B099300F00E81A18A0648FEF7DA
:10A64000A0FC099BF3E700BF347B0100B473010059
:10A65000E872010080F0FA02641D0020002A06FB67
:10A6600003B609DA61692268CDE900312046D2F8E3
:10A67000249031462A46C8477A060BD594F82530EF
:10A6800061692268CDE900312046D2F82490F118A2
:10A690002A46C847BB060CD594F825306169226864
:10A6A000CDE900312046D2F8249006EB43012A463A
:10A6B000C847F8060DD594F8253061692268CDE9C0
:10A6C00000310321D2F8249001FB03612A46204681
:10A6D000C84739070CD594F8253061692268CDE95F
:10A6E00000312046D2F8249006EB83012A46C84761
:10A6F0007A070DD594F8253061692268CDE90031DB
:10A700000521D2F8249001FB03612A462046C84760
:10A71000BB070DD594F8253061692268CDE9003179
:10A720000621D2F8249001FB03612A462046C8473F
:10A73000F8077FF5F3AE94F8253061692268CDE91A
:10A7400000310721576A01FB03612A462046B847BA
:10A75000E4E61D44DDE9042313440593069B013B15
:10A7600006937FF45AAE9DF8183084F87F3057E096
:10A7700094F87E3093B10026544B0A938DF82D60E7
:10A780008DF82C600CAB13E90600514884F87E600C
:10A79000FEF7FAFB3146452003F03CFC0021452042
:10A7A00003F038FC05F10F020BEB0A030092013BAA
:10A7B0002A4659462046FFF7FFF80026DFF81081A9
:10A7C00055463746049BBB421FDD059A06FB032313
:10A7D000A5F1080BDB5D06934FF080099DB1069B48
:10A7E00013EA090F14BFA18A218B4046013DFEF7F1
:10A7F000C8FBAB454FEA5909F0D101375D46E1E7A7
:10A8000055460027DEE7AB46F7E71DB1218B4046F2
:10A81000FEF7B7FB01360F2EF2DD94F87F305BB9FF
:10A8200094F87E3043B90121452084F87E1003F06E
:10A83000F1FB2748FEF7B2FB94F8250010FB0AF065
:10A84000BDE5079B1E44BFE65F44A844D7E6A18A46
:10A850001F48FEF796FB94F825301F440AFB03B20D
:10A860009742FFF6CEAE98445F46CAE6013356FAE9
:10A8700083F6A9E62E440BEB0A03013E0096013B4A
:10A880002A4659462046FFF797F8049B002B15DD12
:10A8900099F800100A060AD501F07F0101315B1A10
:10A8A000A08A0493FFF7EAFB09F10109EDE7049B95
:10A8B000208B0131C9B25B1A0493F3E7002354E7FC
:10A8C0004FF000094E46CA463EE600BF80F0FA024D
:10A8D000641D002038B50446D0F89C0020B104F077
:10A8E000EBFB0023C4F89C30D4F8A00020B104F0A6
:10A8F000E3FB0023C4F8A030D4F8A40020B104F096
:10A90000DBFB0023C4F8A430D4F8A80020B104F085
:10A91000D3FB0023C4F8A830D4F8AC0020B104F075
:10A92000CBFB0023C4F8AC30D4F8B00020B104F065
:10A93000C3FB0023C4F8B030D4F8B40020B104F055
:10A94000BBFB0023C4F8B43004F1BC052846FBF778
:10A95000D6FC10B12846FBF7AAFC002384F8B830D7
:10A9600038BD70B590129C12C1F1FF0500F03E0099
:10A9700004F03E0404FB055400FB01102044441283
:10A980001E11101100F07E0006F07E0606FB055633
:10A9900000FB0110304452005B0002F03E0203F065
:10A9A0003E03401202FB011103FB0555400140EA42
:10A9B000C420294440EA612080B270BD70B5B0F86F
:10A9C0008C6000239CB2A6420AD9D0F89C5035F87E
:10A9D00013508D4203F10103F4D11480012070BDA6
:10A9E0000020FCE7F7B5064690F8B80000283CD0F8
:10A9F00000240D46274615F8011B89B33046FFF7A2
:10AA000011FA01460028F6D0202803D1B6F890307C
:10AA10001C44F0E70DF106023046ADF80670FFF772
:10AA2000CDFFC8B1BDF806302CB9D6F8B020D2564B
:10AA3000002AB8BF54422A7812B996F87A201AB17F
:10AA4000D6F8A820D35CE3E7D6F8B020D6F8A41057
:10AA5000D256CB5C1344DBE7B6F890300133D7E72E
:10AA600086F87A1020B203B0F0BD931E062B13D8DF
:10AA7000264B0C2404FB0232013953680446203B68
:10AA800011F8012FAAB1A2F120005F2894BF9A5CAF
:10AA900093F820201444F3E7D6F8883093B96FF088
:10AAA00005034B43062001FB003411F8012B002A5B
:10AAB000F9D196F82500002310FB04F086F87A30CF
:10AAC00000B2D0E70D4604460C2715F8011B0029FB
:10AAD000EFD03046FFF7A6F9D6F8882013898342D5
:10AAE000F3D851898142F0D3C31A50682A789BB2B7
:10AAF00007FB030312B996F87A2012B19B791C4424
:10AB0000E3E793F907201B791344F8E7E8720100A3
:10AB10002DE9F04F8BB01F469DF85030039204464C
:10AB20001A4606910593FFF75DFF059994F82520D5
:10AB300094F826B093B201291FFA80F94FEAC308AE
:10AB400094F8B8104ED1D4F88800002857D00029C6
:10AB500059D194F87880ABF1060208FB03F8022A79
:10AB600047445FFA88FA05D894F8792002FB0388F5
:10AB70001FFA88F8059B04936525BBF1000F5AD195
:10AB80002369002B73D1069805F063FB049B002B0F
:10AB900000F03081D4E905239A4200F02B8194F82B
:10ABA000788094F879300DF1280B434494F825808F
:10ABB0001FFA80FA002018FB03F82BF8020D1FFA89
:10ABC00088F8BDF82630534580F0A880002840F072
:10ABD000A580AAEB03039BB25A4606992046FFF7CD
:10ABE0001DFAEEE7002304939A46012581B1204621
:10ABF00094F896A0FEF7DCFE1FFA80F8BDE7059DED
:10AC000004908246F2E70023059D04939A46EDE7FF
:10AC1000059B012BB1D00598AC490C2303FB001315
:10AC2000014693F809A020461AFB02FA5FFA8AFA55
:10AC3000FEF7A4FEE0E70BF1FF3BBBF10A0F16D8CD
:10AC4000DFE80BF0060D133C434A4D545B5E650094
:10AC5000039BA3EB590303930135EDB207E0039B7C
:10AC6000A3EB090303930235F7E7A7EB5807039B10
:10AC700023EAE373039309EB030B236820465B6B22
:10AC80009847834506DD236820465B6B9847A0EB19
:10AC90000903039327EAE77708EB0703A3EB0A0A04
:10ACA000236820461B6B984782457FF76CAF23686B
:10ACB00020461B6B9847A0EB080764E7039BA3EBB8
:10ACC00059030393A7EB5807C6E7039BA3EB0903BC
:10ACD0000393A7EB5807C6E7A7EB0807C7E7039B53
:10ACE000A3EB59030393A7EB0807B5E7039BA3EB7B
:10ACF00009030393A7EB0807B5E7A7EB0A07B6E735
:10AD0000039BA3EB59030393A7EB0A07A4E7039B59
:10AD1000A3EB09030393A7EB0A07A4E7D4F8883051
:10AD20001989814263D85A89824260D35B6894F85A
:10AD30002520401A80B20C2101FB003094F87810D5
:10AD4000C379A06913FB02F34FFA83FBBBF1000F39
:10AD5000CDE90080D8BFA9EB0B09236801FB127273
:10AD60000399D3F824A0D4BF1FFA89F94FF0000B40
:10AD70004B4659442046D047643DEDB2069805F055
:10AD800068FA83B294F8B80007930023ADF8263030
:10AD9000002861D0D4E905239A4209D0CDE9008387
:10ADA00022680399D2F824A04B463A462046D04761
:10ADB00004F1BC00FBF7A3FA002800F09880BDF96D
:10ADC0000C30A3603BB2E360BDF82630079A934293
:10ADD00013D2D31A06999BB20DF126022046FFF733
:10ADE0001DF9236801469B6B20469847ECE74FF01E
:10ADF000000BC1E74FF0000BC0E70FFA89FA236997
:10AE00004B4525DDD4E90512914221D003990498E0
:10AE10004944594409B260B1039894F878C0584441
:10AE2000039094F825000CFB1077039882440FFAE6
:10AE30008AFA022D2DD0032D4AD0012D08D1CDE95B
:10AE400000822068456AA3EB09033A462046A847DA
:10AE500050460BB0BDE8F08F8246BDF82630079A09
:10AE60009342CCD2D31A9BB20DF12602069920460A
:10AE7000FFF7D4F8059A236800929B6A039A1E464E
:10AE8000524401463B462046B04782440FFA8AFAB4
:10AE9000E3E7CDE900822068A3EB0903456A5B1074
:10AEA0003A462046A8472369039AA069A3EB090301
:10AEB0005B1019B29142CDE900802268C8BFBDF98C
:10AEC0000C100398556A411A3A46BFE7E872010030
:10AED0008B42B8BF19B2039BCDE900824B441E469A
:10AEE00023683A465D6AA1EB0903711AAEE7824610
:10AEF000AEE700BF13B590F824400094FFF708FEBA
:10AF000002B010BD2DE9F04F20298DB0044602AFEC
:10AF100017D805D1B0F89020A3681344A3600CE0C3
:10AF20000A290ED1C168B0F88E300B44416EC3605F
:10AF300000228B42826000DBC2602C37BD46BDE838
:10AF4000F08F07F12802002522F8025D2046FFF766
:10AF500035FDD4F814B0002800F0F080A369FB6040
:10AF600094F87B30C7F808D0FA8C8BB1D4F8A430B1
:10AF7000A1689B5C0B44D4F8B01089560B44216E39
:10AF80008B42C1BFE368B4F88E105B18C4E902536A
:10AF900094F87C3043B1E168B4F88E300B44616EB4
:10AFA0008B42A4BF0023E360A36823B9D4F8B03078
:10AFB0009B565B42A36004F1BC037B61D4F8B430C0
:10AFC000786953F82210FBF766F9FA8CD4F8A430AC
:10AFD000B4F896109B5C073303F4FC73ADEB030DE0
:10AFE000E3680B44D4F8AC1031F812105B1A1BB2B2
:10AFF0003B61D4F8B03013F90290A36899441FFA6A
:10B0000089F90FFA89F30DF10808204609F1FF3993
:10B010007B600026FEF7CAFEA9EB0803FE613B60D9
:10B02000FB8CD4F8A020D25CB2427BDD94F8E02106
:10B03000002A3DD0D4F8A4207869D25C4146FBF7C1
:10B0400008F93A69B218C1460023BA61FA8CD4F8FB
:10B05000A410895CA9EB0802914255DD19F801ABF7
:10B06000BAF1000F43D0BAF1FF0F38D05BB1012B1A
:10B0700022681FFA8BF12AD1136920461D460B4620
:10B08000D7E90621A8475146BB891FFA8BF2204613
:10B09000FFF767FC7B68BA69591E2368A1EB0801BA
:10B0A000D3F810A0494403462046D0470023CDE7FB
:10B0B0002046FEF7A1FEFB8CD4F8A4207869D25C70
:10B0C0004146FBF7C6F82046FEF770FEB9E700914F
:10B0D000126A20461546D7E90621A847D3E723B9C7
:10B0E0003A6802EB09052AB2FA610133AEE7002B98
:10B0F000ACD022681FFA8BF10091126A20461546E7
:10B10000D7E90621A847D1E753B122681FFA8BF18E
:10B110000091D2F820903A69F969B2182046C847E0
:10B1200001367DE7D4F8A820D25CA3681344A3605D
:10B130002046FEF761FED7F808D0FEE6B4F8961078
:10B14000E268B4F99200B4F890300A441FFA8BF127
:10B15000CDE90001121AA1682046FEF7B3FBB4F84E
:10B1600090305A1CD8E6000010B5064C064920461F
:10B17000FDF7FEFE2046054A0549BDE8104003F0F4
:10B18000A1B800BF641D0020100B002000000020AB
:10B19000758F000070B500F1BC052846FBF768F814
:10B1A00004462846FBF764F8000440EA0464284695
:10B1B000FBF75EF806462846FBF75AF8204340EABC
:10B1C000062070BDF8B54D0004461C2728460E46E3
:10B1D0004F4303F069FFC4F89C00304603F064FF5E
:10B1E000C4F8A000304603F05FFFC4F8A400304666
:10B1F00003F05AFFC4F8A800284603F055FFC4F82E
:10B20000AC00304603F050FFC4F8B000B00003F0CB
:10B210004BFF1821C4F8B40004F1BC00FBF73BF865
:10B2200018370025AE4253D02046FFF7B3FFD4F8BD
:10B230009C3023F815002046FFF7ACFFD4F8A0306F
:10B2400058552046FFF7A6FFD4F8A430585520469D
:10B25000FFF7A0FFD4F8A83058552046FFF79AFF13
:10B26000D4F8AC3023F815002046FFF793FFD4F84C
:10B27000B03058552046FFF78DFFD4F8A030D4F8F1
:10B28000AC205B5D32F915209B1AB4F898209342EC
:10B2900009DDD4F89C2032F81520A2F121017E2985
:10B2A00011D87F2A11D1D4F8B43043F82570D4F8DE
:10B2B000A4305A5DD4F8A0305B5D013502FB037702
:10B2C00002F010FCAEE7FF2AEDD9A4F89830EAE7C7
:10B2D000B4F89820B4F896301344A4F88E30B4F93A
:10B2E0009420B4F9923013445B00072293FBF2F3ED
:10B2F000A4F89030F8BD0000F0B50446CDB00E467D
:10B30000FFF7E8FA4149D4F8DC5104A802F0BBFA8F
:10B31000314604A802F0F9FA3D4902F002FB016847
:10B320002846FBF777F8054604A802F067FA9DB9AE
:10B33000384904A802F0A7FA314604A802F0E5FA59
:10B34000354902F0EEFA0146344800F025FB04A826
:10B3500002F054FA4DB0F0BD2C49D4F8DC7101A8CC
:10B3600002F091FA314601A802F0CFFA284902F022
:10B37000D8FA04F1BC0502680123394604A8FAF79B
:10B38000E5FF04A92846FAF7C5FF04A8FAF760FF0D
:10B3900001A802F033FA2846FAF7B1FF0028D9D005
:10B3A00000212846FAF777FF2046FFF7F3FEA4F8BE
:10B3B0008C002046FFF7EEFE2046FFF7EBFEA4F8D8
:10B3C0008E002046FFF7E6FE2046FFF7E3FEA4F8D6
:10B3D00092002046FFF7DEFEB4F89230A4F8940005
:10B3E00080B2A4F89800184480B2A4F89630A4F86B
:10B3F0008E0001238008A4F8900084F8B830B4F8D7
:10B400008C102046FFF7DEFEA4E700BF5473010056
:10B410002E390100567301006173010040220020A3
:10B4200030B5044685B00D46D0F8DC01114641F236
:10B430004F0203F05BFE294601A802F045FA002204
:10B4400001A92046FFF758FF01A802F0D7F905B07F
:10B4500030BD1FB50023CDE9003361F07F018DF8C9
:10B460000C108DF80D200123022203A9006800F0C2
:10B4700062F905B05DF804FB1FB504AB61F07F0114
:10B4800003F8041D01220021CDE9002119460068BE
:10B4900000F0BDF99DF80C0005B05DF804FB1FB588
:10B4A00004AB002261F07F01ADF80C2003F8041D0D
:10B4B00001920222009219460122006800F0A7F9C9
:10B4C0009DF80D009DF80C3043EA002005B05DF8B2
:10B4D00004FB10B5012200210446FFF7BAFF032048
:10B4E00002F0E4FA204603220021FFF7B2FFA07920
:10B4F000C0F580730C205843BDE81040052390FB35
:10B50000F3F0013002F0D2BA10B5002404600471E7
:10B510008171427110BD000038B5037904460D46B3
:10B520001BB9054A292100F02CF82A460F21204694
:10B53000FFF78FFF657138BDDC05002038B50121AC
:10B540000446006800F0E8F8054610B900252846D2
:10B5500038BD12212046FFF78FFF4D2803D0442825
:10B5600001D01028F2D101232371A179204600F0E7
:10B570001FF820466179FFF7CFFF2046FFF7A9FFAC
:10B58000E5E7F8B5044600680E46174610B11021ED
:10B5900002F09DFE102002F0D5FA3A4605463146EB
:10B5A00000F09EF825602046BDE8F840FFF7C6BFD2
:10B5B00038B5037904460D461BB9054A2921FFF722
:10B5C000E0FF2A4601212046FFF743FFA57138BD61
:10B5D000DC0500202DE9F0411D460379DDF81880D7
:10B5E00004460F4616461BB9124A2921FFF7C9FF28
:10B5F00014212046FFF753FF1621A8F8000020462B
:10B60000FFF74DFF182138802046FFF748FF1A2129
:10B6100030802046FFF743FF2880A079C0F5807373
:10B620000C205843BDE8F041052390FBF3F00130B6
:10B6300002F03CBADC05002030B50446BDF80C0031
:10B6400030B3A579C5F580753F2DDFBFAD02ADB232
:10B65000A5EB9505ADB2C8BF4FF6FF75854218D969
:10B660008C181C448442C9BF221A0022022492FB77
:10B67000F4F2C8BF92B2891A88B248B19A1A93B24A
:10B6800040F6E2625A43B2FBF0F202F26F5290B21D
:10B6900030BD0020FCE7000007EE903AF8EEE76AC4
:10B6A00007EE901AB8EEE76A07EE902A9FED097A46
:10B6B000F8EEE77A67EE877A9FED077AE6EE077A8B
:10B6C0009FED067AE6EE877AFCEEE77A17EE903A7F
:10B6D00098B270470708CA3FD639A6BE745E3BBF12
:10B6E000426000220272FA220170C2607047037A3F
:10B6F00010B5044653B121786068F9F771FC6068B1
:10B70000F9F71EFDB0FA80F0400910BD012100F0EC
:10B7100003F80028EFD1F8E738B5044640680D4635
:10B72000F9F73EFC0120207225B12046BDE83840E3
:10B73000FFF7DDBF38BD2DE9F843DDE90875984610
:10B74000C36816462A449A420446894602D9002014
:10B75000BDE8F88301784068F9F742FC7DB960687C
:10B76000036832465B68494698478642EFD14146B6
:10B770006068F9F7B0FCB0FA80F04009E8E7002F04
:10B78000EDD0606803682A465B6839469847A8424E
:10B79000DDD1E4E72DE9F041164605468846D2B2F0
:10B7A00001784068F9F734FC86420CD10024B44299
:10B7B00004F101070AD2686803685B69984708F8D2
:10B7C00004003C46F3E70020BDE8F0810120FBE7E0
:10B7D0002DE9F84307468846164699460025B542A6
:10B7E00012D2FB68741B9C4228BF1C46331BAB4221
:10B7F00094BF4B460023224608EB05013846FFF76D
:10B80000C9FF10B12544EAE70120BDE8F883F7B588
:10B8100000241E46CDE900449DF82430089F0546CB
:10B82000FFF789FF40B101233A463146284603B06D
:10B83000BDE8F040FFF7CCBF03B0F0BD014801F018
:10B8400024BF00BFA41F0020FFF7F8BFFFF7F6BF1B
:10B85000FFF7F4BF014801F018BF00BF681D0020CA
:10B86000FFF7F8BFFFF7F6BFFFF7F4BFF7B51B4CC4
:10B870001B4F1C491C4800F0BBF91C49204600F036
:10B88000B7F91B49384600F0B3F91A491A4800F0D5
:10B89000AFF94FF08641194800F0AAF91849194844
:10B8A00000F0A6F91849194800F0A2F90125002670
:10B8B0001749184800F09CF93946CDE9005628236D
:10B8C0002922154801F05AFECDE900565223532291
:10B8D0002146124801F052FE03B0F0BDEC210020D9
:10B8E000F821002000300040E0210020003400401A
:10B8F00000200141004001410422002010220020CC
:10B90000000400431C2200200008004328220020DD
:10B91000000C004334220020681D0020A41F0020DA
:10B920002DE9F04106460D4601EB02080C46444560
:10B93000A4EB050707D0336814F8011B1B683046D9
:10B9400098470028F3D13846BDE8F08170B5044629
:10B9500008460D4604F07DFC236802462946204631
:10B960005B68BDE87040184709B1FFF7EFBF0846B4
:10B97000704703688A685B680968184708B5FFF76D
:10B98000F3FF08BD03681B68184700000149FFF773
:10B99000DDBF00BFDA85010038B50546FFF7E9FFD6
:10B9A00004462846FFF7F2FF204438BD38B5054667
:10B9B000FFF7DAFF04462846FFF7E8FF204438BDCA
:10B9C00070B58AB00D460AA9002301F8043D012A8A
:10B9D00098BF0A22B5FBF2F402FB1456F3B2092E0B
:10B9E00094BF30333733DBB2254601F8013D002CDC
:10B9F000F0D1FFF7B9FF0AB070BD2DE9F04107465D
:10BA00000E4615462AB90368C9B21B68BDE8F04165
:10BA100018470A2A05D1002905DBBDE8F041FFF7E8
:10BA2000CFBFD2B2F9E72D21FFF7ACFF2A4604467B
:10BA300071423846FFF7C4FF2044BDE8F081FFF7AC
:10BA4000DCBF10B42AB903685DF8044B1B68C9B2A7
:10BA50001847D2B25DF8044BFFF7B2BF2DE9F84F9B
:10BA600055EC104B06460F4610EE102A2B4610EEF2
:10BA7000100A294603F084F828B14C493046BDE845
:10BA8000F84FFFF763BF25F000494FF0FF32484BF6
:10BA90002046494603F074F848B94FF0FF32444B52
:10BAA0002046494603F04EF808B94249E6E74FF010
:10BAB0006042414B2046294603F058F808B13F49FF
:10BAC000DCE74FF060423E4B2046294603F030F859
:10BAD0000028F4D1002200232046294603F028F84C
:10BAE000D0B12D213046FFF74DFF05F100438246CE
:10BAF0001D463449DFF8D4904FF0000B00204FF082
:10BB000000085FFA8BF39F4208D942464B4602F089
:10BB1000C7FE0BF1010BF4E78246EAE722462B460B
:10BB200002F0DEFB0D46044603F068F80A220146E7
:10BB300080463046FFF744FF8244A7B3404602F0F8
:10BB40000BFD02460B462046294602F0C7FB044681
:10BB50000D4630461C49DFF87490FFF7F7FE4FF0B2
:10BB600000088244013FFFB2FF2F1CD04B464246E3
:10BB70002046294602F06AFD0D46044603F03EF8D1
:10BB80000A22014683463046FFF71AFF8244584690
:10BB900002F0E2FC02460B462046294602F09EFBDC
:10BBA00004460D46DEE75046BDE8F88FCC8501001F
:10BBB000FFFFEF7FD0850100FFFFEF41D48501003B
:10BBC000FFFFEFC10000E03FD885010000002440E6
:10BBD000C9B2FFF743BF38B5C9B20546FFF73EFF0C
:10BBE00004462846FFF7D2FE204438BD1046704771
:10BBF000034B0160994214BF012300230371704776
:10BC0000000C004370B506683568022B45EA827265
:10BC100014BF4FF08074002444EA020434600068CA
:10BC20009DF81040426801F0070141EA841114BFF9
:10BC30005B0300230A431A43426070BD10B50368DA
:10BC400012051C6802F440120904224301F4403139
:10BC50000A431A600268536843F44033536010BDCE
:10BC60000268136843F00103136003681A68D10780
:10BC7000FCD4DA69D207F9D470470268136843F03C
:10BC8000020313600268D3699B07FCD47047036802
:10BC90001A7E12F0010F03D11A7E12F0020FFAE79A
:10BCA0007047036800225A8370470368187EC0F308
:10BCB000800070470368187EC00970470268137ED1
:10BCC00043F08003137670470368588BC0F340003D
:10BCD00070470268538B43F0020353837047036835
:10BCE000187E00F0010070470368986AC0B2704780
:10BCF00003681A7ED207FCD5996201207047036859
:10BD000001229A757047036801221A75704702680C
:10BD1000136843F00103136003681A68D107FCD469
:10BD2000DA69D207F9D470470268136843F0020356
:10BD300013600268D3699B07FCD470470268D3691B
:10BD4000C3F34003002BFAD1116863F34101116082
:10BD5000704703681868C0F3807070470368996281
:10BD600003681A7E5207FCD5986AC0B27047490032
:10BD70008068B0FBF1F080B208B1013880B2C0B287
:10BD8000704770B50468C1F3400601F001012568F1
:10BD9000090741EA46712943216011460368FFF70C
:10BDA000E6FF187370BD0268136843F00103136067
:10BDB00003681A68D107FCD4DA69D207F9D470474E
:10BDC0000268136843F0020313600368DA6992079C
:10BDD000FCD45A8B012161F305125A830268D3699E
:10BDE0005B07FCD4704703681A685A6842F48022E3
:10BDF0005A60704703681A685A686FF392425A6033
:10BE0000704703681A68C2F38202052A5A6801F073
:10BE1000030161F311425A6004D10268D3695B07E0
:10BE2000FCD47047704710B50468638BC3F30113EB
:10BE3000022B10D0638BC3F30113032B2AD0638B27
:10BE40009B0704D5638BC3F30113012B22D1638BB2
:10BE5000C3F3011303B3636A42EA4101C9B261F358
:10BE60000A036362036842B91A7ED107FCD5588B76
:10BE7000C0F3800080F001000BE0187EC0F34000AA
:10BE80000028F4D11A7ED207F7D55A6842F440321E
:10BE90005A6010BD0020FCE71846FAE70368996273
:10BEA0000368187E10F0010003D15A8BD207F8D531
:10BEB0007047588BC0F3800080F001007047036822
:10BEC00099620368187EC0F3800020B1588BC0F3DC
:10BED000800080F00100704703681868C0F382009A
:10BEE000031F5842584170470368187EC0F3800012
:10BEF00070470368187E00F0010070470368588B94
:10BF0000C0F3001070470368187EC0F3400070470C
:10BF10000368588BC0F3C000704703681A68C2F307
:10BF20008202052A02D11A7E9207FCD5986AC0B215
:10BF300070470000074A03680020010189588B42BE
:10BF400001D140B2704701300828F6D14FF0FF30E0
:10BF5000704700BFE0850100052A30B52BD0284C82
:10BF600009010C44B3B12179264C203154F82150F9
:10BF70006FF3861544F8215054F821506D06FBD418
:10BF800063B302710AB3012A2ED1412344F8213050
:10BF90001D4B0AE06179E7E7032A1A4C0CD14322D2
:10BFA00044F8212013B14FF400438360154B53F83C
:10BFB00021205206FBD530BD042AF7D1442244F893
:10BFC0002120002BF2D0114BEFE7402344F8213021
:10BFD0000F4BEAE7402344F82130E7E7002AF9D085
:10BFE000012A08D14123F6E7022AD5D1422344F899
:10BFF0002130084BD9E7022ACED14223EBE700BF1C
:10C00000E0850100001C0040006CDC02001BB70052
:10C01000000E270700E1F5052DE9F0410546FFF781
:10C0200089FF061E3BDB1F4B1F48DFF880C032B282
:10C0300003EB021204320424C021012732F9028FDB
:10C04000B8F1000F1FFA88F323DB4FEA581E4FEABE
:10C050008E0E0EF1604E0EF5614EE04403F01F03AC
:10C0600007FA03F3CEF8803188F80013CEF80030D9
:10C07000013C14F0FF04E1D12A793146012328461E
:10C08000FFF76AFF23462A793146BDE8F041FFF702
:10C0900063BF03F00F03043B03441976E8E7BDE8F0
:10C0A000F08100BFE085010000ED00E000E100E06C
:10C0B0002DE9F04104460F4690461D46FFF7ACFFC0
:10C0C0002046FFF7CDFDB8004FEA483326689BB203
:10C0D00000F01C001843306023688422012F9A75F9
:10C0E00014D12268B8F1010F91890CBF10230823E5
:10C0F0005D43074BB3FBF5F363F34F319181226846
:10C100009189C3F3CC0363F30C019181BDE8F08105
:10C110000060E316F8B505461E460F461446FFF7C5
:10C12000F6FDFFF779FF220502F440123F049DF867
:10C130001830286842F00C0207F440373A4342EACC
:10C14000837202602B6806F0070646F400365E60D4
:10C150002A68D3695B07FCD4F8BD000038B50546F2
:10C160000C46FFF759FF2846FFF71DFE2B681422E7
:10C170001A602A68054BD1686400B3FBF4F3013BF5
:10C18000DBB263F30701D16038BD00BF006CDC0295
:10C190003F20704713B502AB026803F8011D5468D5
:10C1A00019460122A04702B010BD000008B50221C7
:10C1B000006900F011FD034B1B68B3F1FF3F18BF8E
:10C1C000013008BD640000200321006900F018BDA3
:10C1D0000321006900F0E4BC10B5054C2368591C2C
:10C1E00004D103685B69984703462060184610BD78
:10C1F00064000020064A1368591C03D1022100691B
:10C2000000F0E0BD4FF0FF3111601846704700BFED
:10C210006400002038B51346094AD579044605F074
:10C22000FF0025B9627E12B10123636006E00A4671
:10C230002069032100F0D6FD0028F5D038BD00BFED
:10C240001800002003780349023303704222024899
:10C2500000F06ABE200000205C22002010B50278A9
:10C260004378A12A08D1212B1BD107221549164852
:10C2700000F05AFE012010BD212A12D1202B12D12C
:10C2800007221049104800F0F9FC0E4B1A68B2F56D
:10C29000966F0ED1D87910F001040AD1FA2001F07E
:10C2A00051FF0020E7E7222B06D1064B8278DA7196
:10C2B000EBE701F04DFFF4E7232BF2D1034B42886B
:10C2C0001A60EEE7180000205C2200201400002015
:10C2D0000123437670470000054B00224FF47A712A
:10C2E000C3E9012103491960034919611A767047AE
:10C2F00040220020688601005C22002070477047C1
:10C3000010B501F1080400F00F02D3B2092ACCBF26
:10C310003733303304F8013DA1424FEA1010F2D117
:10C3200010BD10B54FF4A071044601F0D0FF2046B7
:10C3300010BD00000329F0B508D1294B53F82000A7
:10C34000D0B10368BDE8F0409B681847822914D13A
:10C350002449254AC3B201EB43150324AE6964F3B3
:10C360001E76AE61083302EB8010096868615B01DC
:10C37000CA5C64F30612CA54F0BD0029FCD1194D01
:10C38000C3B205EB43140327A26867F31E72A260D1
:10C39000164A2D68800108335B0102446260EA5C42
:10C3A0004FF0010C6CF30202EA540F4AD4F818E083
:10C3B000104467F31E7EC4F818E06061EA5C6CF319
:10C3C0000612EA54EE18A368402262F39B33A3607E
:10C3D000A36861F30D03A360337913433371CBE793
:10C3E00060220020142700208822002048240020FA
:10C3F000EFF3108202600122426072B67047036858
:10C4000013B962B6BFF36F8F7047D0F8183137B5E4
:10C410000446DBB990F82C516846FFF7E9FF019B11
:10C42000EDB213F1FF3303D394F82C51EDB2F8E7DA
:10C4300068460193FFF7E3FF15B9002003B030BD54
:10C44000D4F82801D4F82431C01AF7E76846FFF77A
:10C45000CFFF019B002513F1FF3303D394F83C5128
:10C46000EDB2F8E768460193FFF7C9FF002DE4D06D
:10C47000D4F83801D4F83431E6E710B5416890F8C3
:10C480001021D0F8144101EB42130832986864F38C
:10C490009B30986098686FF30D0098600B6803EB11
:10C4A00042131A7942F040021A7110BD37B5436841
:10C4B00090F810211B68083203EB42130446DA7926
:10C4C000D00759D50125DD71D4F810216368D4F85F
:10C4D0001C11D2B203EB42139A68C2F30D0229BBBE
:10C4E000C4F82821D4F82821002A42D0D4F83021D9
:10C4F000C4F81C5168465A60FFF77AFF019B013B64
:10C50000591C32D084F82C5194F83C21591E02F069
:10C51000FF003AB184F83D5168460193FFF76FFF81
:10C5200003B030BD84F83D010B46E9E7C4F838217B
:10C53000D4F83821EAB10022C4F81C21D4F8202113
:10C540005A606846FFF754FF019B013B5A1C0CD010
:10C5500084F83C5194F82C21591E02F0FF00002A67
:10C56000D8D184F83D010B46F0E768460193FFF708
:10C5700046FF2046FFF781FF636894F810211B688F
:10C58000083203EB42137F22DA71C9E7F7B504469C
:10C590006846FFF72DFF019B002613F1FF3315D3EB
:10C5A000D4F80811D4F80C219142ADBFD4F8086139
:10C5B000D4F80C61D4F80821D4F80C21ABBFC6F133
:10C5C000FF06B61AB61806F1FF36E6E7684601938D
:10C5D000FFF715FFD4F818316846002B5CD1FFF740
:10C5E00007FF019B013B5D1C0ED094F82C21591EC6
:10C5F00002F0FF0532B968460193FFF700FF2846B5
:10C6000003B0F0BD0B46EEE768460193FFF7F7FE77
:10C610000025B542D4F824311DD0D4F828219A42FF
:10C6200019D9D4F82021591CC4F82411D15CD4F8AC
:10C630000831D4F80C210133DBB293421CBFD4F88B
:10C6400008211219C9B218BF117205F1010518BFEE
:10C65000C4F80831DDE7D4F828219A42CFD100266A
:10C660000123C4F82461C4F818316846FFF7C0FEFE
:10C670003746019B013B581CBDD084F82C6194F8CF
:10C680003D21591E32B184F83D7120460193FFF7D8
:10C69000F4FEEEE70B46EEE7FFF7AAFE019B013B37
:10C6A000591C08D094F83C21591E02F0FF05002ABD
:10C6B000A1D00B46F4E768460193FFF7A0FE0025E2
:10C6C000B542D4F8343103D0D4F838219A421DD879
:10C6D000D4F838219A4292D10026C4F83461C4F8C3
:10C6E00018616846FFF784FE3746019B013B5A1CE0
:10C6F00081D084F83C6194F83D21591E02B384F83E
:10C700003D7120460193FFF7B8FEEEE7D4F83021E3
:10C71000591CC4F83411D15CD4F80831D4F80C2178
:10C720000133DBB293421CBFD4F808211219C9B2FD
:10C7300018BF117205F1010518BFC4F80831BFE731
:10C740000B46D4E710B50446FFF720FFD4F80C21C0
:10C75000D4F808319A421BBFD4F80C31E4184FF0DA
:10C76000FF30207A10BD10B50446FFF70FFFD4F854
:10C770000801D4F80C31C01A48BF00F5807010BD14
:10C78000F7B50E4617460446FFF700FF6846FFF769
:10C790002FFE019B0025013B5A1C23D0BD421CD219
:10C7A000D4F80801D4F80C21801A48BF00F5807035
:10C7B00098B1D4F80C11D4F8082191420FD0D4F8D4
:10C7C0000C21D4F80C0122440130127AC0B2C4F812
:10C7D0000C01104670550135E0E7013BDCE74FF0F6
:10C7E000FF30F7E768460193FFF709FE284603B0DC
:10C7F000F0BD37B502AD002305F8013D0C462846D3
:10C80000FFF720FD23681844206001F00BFD294646
:10C8100001F0CAFC2368184420609DF8070003B0AB
:10C8200030BD000001F0FD03012B10B50C460BD10B
:10C830000C4B1B68083403EB4414237943F080034A
:10C8400023710223E37110BD01F0ECFC214601F0DD
:10C85000DAFC0028F7D0034B1B68083403EB4414C0
:10C860007F23EFE714270020464B70B501210025F8
:10C8700006460D201D7001F089FB01210D2001F0FD
:10C88000C9FB414B414C1D7001210D2001F07EFB85
:10C8900001210D2001F0BEFB3D4B3E489A6942F05C
:10C8A00001029A611A6942F480621A613A4B93F864
:10C8B000582042F0010283F8582093F83C2002F0FF
:10C8C000F00283F83C2093F83C2042F0070283F802
:10C8D0003C2093F8592042F0010283F8592093F844
:10C8E0003C2002F00F0283F83C2093F83C2042F0F9
:10C8F000700283F83C20294B4122C3F8A82001F0A4
:10C900008FF8204601F0A0FC204601F0B7FC226819
:10C91000D378022161F38303D3702268D37861F363
:10C920000103D3702268137865F3C713137022686C
:10C93000137843F00403137023681A8965F38302A4
:10C940001A81174B83F8505383F8515383F852538D
:10C9500083F853534FF480329A604FF400329A6058
:10C960004FF480229A604FF400229A602268137874
:10C970000B431370226893789B07FCD40123337018
:10C9800070BD00BF7D2200207C22002014270020E3
:10C9900000080040D9D3000000800041001C004086
:10C9A00000E100E0007880B1084B1B681A896FF342
:10C9B00000021A811A8B42F008021A831A8B42F085
:10C9C00004021A83024B00221A60704714270020C9
:10C9D0000C2700200E4B9A696FF30D029A611B68B9
:10C9E000022283F8072193F8052142F0800283F8A0
:10C9F000052193F807219207FBD54FF082439A7ADD
:10CA000061F306029A729A7A42F080029A72704733
:10CA1000142700200B7910B50C465BB90846FFF7C8
:10CA20001DFC08B1012010BD094B9A6960F30D028D
:10CA30009A61F7E701F0F6FB214601F0D6FB0028EA
:10CA4000F0D1034B9A6960F30D029A61EBE700BFE6
:10CA500014270020832A2DE9F0410D4616D1CBB2D0
:10CA60004249434A01EB43100326846966F31E746E
:10CA70008461083302EB8515096845615B01042078
:10CA8000CA5C60F30612CA54BDE8F081022A67D17D
:10CA9000384E56F8210010B103689B6998474FF44F
:10CAA000A07001F04FF84FF48077334BDFF8BC8073
:10CAB000036004463A460021C0F80480083002F0C2
:10CAC00039FB0023C4F80831C4F82431C4F80C3110
:10CAD000C4F83431C4F81831C4F81051C4F81C310A
:10CAE000C4F81471C4F82831384684F82C31C4F8DD
:10CAF000383184F83C3184F83D3102F0D5FAC4F87D
:10CB00002001384602F0D0FAEBB208EB4312C4F829
:10CB100030019168032060F31E7191600833D8F8EA
:10CB200000105B01CA5C60F30202CA54636894F8A7
:10CB30001011D4F8202103EB411320465A6063689A
:10CB400094F810211B6803EB421393F8092142F07B
:10CB5000010283F80921FFF790FC46F8254093E78E
:10CB600028461146BDE8F041FFF7E4BB142700203A
:10CB700088220020602200209086010070B5074EB8
:10CB80000546012456F8242032B1214628460134B6
:10CB9000FFF760FF0A2CF5D170BD00BF68000020D0
:10CBA0000B4BC8B203EB81110A4B03EB4012083068
:10CBB000516191696FF30D0191611B6803EB4013A3
:10CBC0000222DA715A7942F080025A71704700BF2E
:10CBD0008822002014270020074B53F8210010B1B1
:10CBE0000368DB681847054BC9B203EB411188683D
:10CBF000C0F30D00704700BF602200201427002002
:10CC000010B50C46FFF7E8FF58B1064BE4B21968BF
:10CC1000083401EB44114B7943F080034B7102233C
:10CC2000CB7110BD14270020124B30B5CAB203EBF4
:10CC30008111114B5501581908244160816864F332
:10CC40009B31816081686FF30D0181601868224417
:10CC500000EB42110C7944F040040C718C796406AD
:10CC6000FCD500EB4212D179C907FCD52B4498685A
:10CC7000C0B230BD482400201427002038B50C4B2A
:10CC800014461A6892F8043143F0400382F80431E4
:10CC90000D460021FFF7C8FF0649A04228BF2046E5
:10CCA0000023A34203D05A5CEA540133F9E738BDAC
:10CCB000142700204824002010B50B4BC9B24901AD
:10CCC00058180B448268C2F30D023F2A89BF84685A
:10CCD0008268403A62F30D0496BF6FF30D028460E0
:10CCE00082609868C0B210BD142700202DE9F0477B
:10CCF0001D462F4B1B6807460E469146002B54D00D
:10CD00002C4C227802F0FF0112B90D2001F082F9BB
:10CD100064232370284B53F8260030B103682A4659
:10CD200049465B68BDE8F047184731463846FFF78B
:10CD300053FF854204D931463846FFF74DFF05467B
:10CD4000DFF87CA031463846FFF7B6FFF4B2DAF8D8
:10CD500000301A494FEA4418434401EB861193F816
:10CD6000082142F0010283F8082148462A4602F0D1
:10CD7000BDF9BDB131463846FFF72EFF90B9DAF85C
:10CD8000002004F1080302EB4313197941F040013C
:10CD900019710121D97102EB080393F809210A43A3
:10CDA00083F809212846BDE8F0874FF0FF35F9E701
:10CDB0000C2700207C220020602200204824002034
:10CDC0001427002007B501230DF10702FFF78EFF9E
:10CDD00001280CBF9DF807004FF0FF3003B05DF84D
:10CDE00004FB00002DE9F74F9846384B1B68894635
:10CDF0009246002B42D0B8F5804F3FD8344C227871
:10CE000002F0FF0112B90D2001F004F96423237030
:10CE10005FFA89F42F4B04F1080B4FEA4B1203EB36
:10CE2000891300260192B8F1000F29D02A4A0199EE
:10CE30001568691889790092C909284924D0284AB7
:10CE400028481268B2FBF0F0274A42431720B2FB91
:10CE5000F0F205EB4B10C779BF0715D411F8097034
:10CE600017B912F1FF32F6D2012301F80930009B05
:10CE700003EB4414A3696FF30D03A3614FF0FF3676
:10CE8000304603B0BDE8F08F4746402F28BF40270B
:10CE9000002201F80920184651463A4602F026F9C8
:10CEA000009A02EB441205EB4B155061916967F350
:10CEB0000D0191610222EA716A7942F08002034613
:10CEC0006A713E44A8EB0708BA44ACE70C2700207F
:10CED0007D22002088220020142700207F220020AD
:10CEE0009000002040420F007011010070B50C4C02
:10CEF0000D4604EB8514114620461A461E4602F0E4
:10CF0000F5F80849EDB201EB451130464C618B69EB
:10CF10006FF39B338B618B6966F30D038B6170BD7F
:10CF20008822002014270020114B1B782DE9F041A6
:10CF300007468846164653B90E4B1C7854B10E4D21
:10CF40000E482C882044344402F0D0F82C8030461F
:10CF5000BDE8F0811546002DF9D02B4608EB040200
:10CF600000213846FFF7C2FF04442D1AF3E700BF43
:10CF700008260020092700200A2700200926002073
:10CF8000F8B5012A00AF0D4614462BD9D31D03F482
:10CF9000FC73ADEB030D084603F05BF90130400074
:10CFA00003238DF800008DF801306E46013D022309
:10CFB0000020A3420CD215F8011F49B15A1CD2B26D
:10CFC0009442F15403D00233B054DBB2F1E723466C
:10CFD0001A4631460448FFF7A7FF003018BF01206A
:10CFE000BD46F8BD0020FBE75C2200202DE9F043A0
:10CFF00085B004AE002446F8104DDFF888908846CE
:10D0000001273146054689F80070FFF7F2FB40F230
:10D010000923ADF80430A0238DF80B3032238DF8AE
:10D020000C30009B8DF80A400933B8F1090F8DF8D8
:10D030000970ADF806308DF8080089F8004008D175
:10D04000424601A92846FFF76FFF012005B0BDE861
:10D05000F083DFF83480009488F80070074F0922CD
:10D0600001A928463C80FFF75FFF31462846FFF7BD
:10D07000C0FB88F800403A880149E3E70A2700200E
:10D08000092600200826002009270020F0B5CF78C7
:10D09000022F93B006460D4608D1C9882D48FFF7E8
:10D0A000A5FF003018BF012013B0F0BD01F0BAF8A1
:10D0B000294601F08CF8041E03D0CCBF01200020CB
:10D0C000F2E7012F0ED1EA88082A09D0112A224955
:10D0D00010D8D2B272B13046FFF726FF0120E3E745
:10D0E0001E49F6E7032F32D1AB782BB9EA88032A21
:10D0F0002AD91B490A78EEE7022B05D1AA791949EA
:10D100003046FFF73DFFCFE7012B02D1AA79164940
:10D11000F6E7032B1BD1154B01A91868FFF7F0F8B0
:10D12000134B03A91868FFF7EBF8124B05A9186811
:10D13000FFF7E6F8104B07A91868FFF7E1F88DF83C
:10D140002440AA7901A9DBE7D2B20549C2E720460B
:10D15000AAE700BF5C220020D5860100E786010017
:10D16000C4860100B0860100C8860100FC61800011
:10D1700010608000146080001860800037B54B7824
:10D180000C460B2B0FD8DFE803F0061E0E2F0E45C2
:10D1900049774C4F6B6E097841B9ADF80410022302
:10D1A00001AAFFF7A3FE012003B030BD0023ADF8B4
:10D1B0000430324B1B78012B08BF8DF8043001AAD4
:10D1C00002230021EDE78B78012B4FF0000303D100
:10D1D000ADF804302A4BEDE7284A1370294A9169CB
:10D1E00063F30D019161DEE78C78012C07D1244BAC
:10D1F00002AA00211C7002F8041D2346D1E7012079
:10D20000002CD1D11D4B18701E4B9A6964F30D028E
:10D210009A61C9E78978FFF7DDFBC4E7FFF736FFBE
:10D22000C2E70123184ACCE70B7813F01F0523D17E
:10D23000FFF7A4FC144BA2781A60124A136893F803
:10D24000291141F0020183F8291193F8491141F0A5
:10D25000010183F84911936965F30D039361A2E716
:10D2600001230A4AADE7094B8A781A60054B9A698F
:10D270006FF30D029A6196E7002095E77E22002069
:10D2800086220020142700200C27002010270020D1
:10D290004A4B2DE9F0411D780646002D7ED1484CC1
:10D2A00023689B8B1B070ED529462846FFF742F8BB
:10D2B000236893F8092142F0100283F80921414ABA
:10D2C000156008229A8323689A8B57071BD504227E
:10D2D0009A833D4A13784BB11378013BDBB213704C
:10D2E00013781BB901210D2000F094FE374A137802
:10D2F0004BB11378013BDBB2137013781BB90121DA
:10D300000D2000F087FE236893F80721D50626D567
:10D31000102283F8072193F804212D4942F040029E
:10D3200083F804210B7813F0600F304638D1FFF7F3
:10D3300025FF2368002836D093F8052142F08002AB
:10D3400083F8052193F80721500608D5402283F879
:10D35000072193F8082142F0400283F8082123684E
:10D36000DFF870801F8C012507F0FE0747FA05F3F0
:10D37000D90710D5236805F1080203EB4213DA79C7
:10D38000D20702D4DB799B0705D558F8250080B178
:10D3900003681B6898470135082DE7D1BDE8F08187
:10D3A000FFF738FBC5E74FF08242202182F80511D4
:10D3B000C8E7E9B23046FFF735FAECE70927002065
:10D3C000142700200C2700207D2200207C22002032
:10D3D00048240020602200200148FFF759BF00BF09
:10D3E0005C220020024B4FF082421A60704700BF5F
:10D3F0001427002001207047036840F213421B6A83
:10D400001847D0F81821D0F814319A421DBFD0F82F
:10D410001831C018007D4FF0FF30704710B504463A
:10D420000069FEF71DFC0023C4F81431C4F818315C
:10D43000C4F81C32C4F8203210BD01F0F001A1F193
:10D44000300358425841704701F47061B1F5007FD4
:10D4500008D0B1F5407F07D0B1F5807F0CBF052023
:10D4600000207047062070470720704701F00F0129
:10D47000012904D002290CBF01200220704700209E
:10D48000704700002DE9F3410446334D90F8240223
:10D49000182606FB0053884693F90810174600F03B
:10D4A000FBFD94F8250206FB005393F9081000F0E9
:10D4B000F3FD94F82732022B09D194F83802FF28A3
:10D4C00005D006FB005696F9081000F0E5FD94F82B
:10D4D0002802FF2817D0012100F058FD94F82822D7
:10D4E00018235343E918EA561C4B4968D2011344E8
:10D4F000C4F82C321A4B134401228A40C4F830324B
:10D50000C4F834221A600122434611462069FEF70E
:10D51000CFFD39462046FFF797FF3946054620469E
:10D52000FFF7A4FF394602462046FFF786FF29464B
:10D530001346009001222069FEF764FB206994F8ED
:10D54000262294F82712FEF779FB206902B0BDE885
:10D55000F041FEF792BB00BF147D0100188000412E
:10D560001480004108B54FF48072002101F0E2FD03
:10D570000022C0F80021C0F8042108BDF8B5164605
:10D580001D4600224FF47A73C0E901230F4B044675
:10D5900040F8143B0F46FFF7E5FF04F58E70FFF7E8
:10D5A000E1FF9DF8183084F826329DF81C3084F88D
:10D5B0002732FF23276184F8246284F8255284F8F7
:10D5C000283284F838322046F8BD00BF04870100B5
:10D5D000D0F80021D0F804319A42A5BFD0F800312C
:10D5E000D0F80421D0F80431C3F1FF00AFBF801898
:10D5F000D0F80001181A00F1FF30704708B500F5A7
:10D600008E70FFF7E5FF08BD38B5D0F81821D0F8C7
:10D6100014319A421BBFD0F818311B184FF0FF3558
:10D620001D7D1FBFD0F818310133DBB2C0F81831AF
:10D6300090F82832FF2B044609D01430FFF7C8FFBA
:10D640000A28C2BFD4F83032D4F834221A602846EF
:10D6500038BDD0F80031D0F80401181A48BF00F5E1
:10D660008070704738B5044600F58E752846FFF780
:10D67000F0FF0028FAD12069BDE83840FEF707BB6B
:10D6800008B51430FFF7E5FF08BD10B50446006982
:10D69000FEF71AFB28B12069FEF726FB2069FEF78A
:10D6A00018FB2069FEF701FBF8B12069FEF71CFBAF
:10D6B000D4F81431D4F818210133DBB293421FBFE0
:10D6C000D4F8142112191075C4F8143194F82832C2
:10D6D000FF2B0AD004F11400FFF77AFF0928DEBF00
:10D6E000D4F82C32D4F834221A602069FEF7F7FA05
:10D6F000E0B104F58E70FFF7ACFF18B3D4F8202228
:10D70000D4F81C3220699A421BBFD4F820321B196E
:10D710004FF0FF3193F81C111FBFD4F820320133B2
:10D72000DBB2C4F82032C9B2FEF7E2FA2069FEF794
:10D73000C1FA58B12069FEF7C1FA2069BDE810406E
:10D74000FEF7AFBA2069FEF7DEFAEFE710BD000082
:10D75000F8B5074600690C46FEF7C1FA00283ED12D
:10D76000244D254ED7F81C32D7F820220133DBB2E6
:10D7700093421FD1EFF31083DB0712D46B68C3F31E
:10D780000803002BEED0103B9BB21AB2002ABBBF9D
:10D7900003F00F03043B92195B19ACBF92F80033FE
:10D7A0001B7E3869FEF79BFA0028DBD03846FFF76E
:10D7B0006CFFD7E7D7F81C32D7F820220133DBB251
:10D7C00093421EBFD7F81C22D21982F81C41386937
:10D7D00018BFC7F81C32FEF792FA0120F8BD07F512
:10D7E0008E70FFF736FF0028BAD121463869FEF760
:10D7F0007FFAF2E700ED00E000E100E010B504463A
:10D80000006801F059FC204610BD10B504460068C0
:10D8100008B101F051FC00232360C4E9013310BDBD
:10D8200038B504460D460068013102F0BDFC10B168
:10D83000C4E90005012038BD036810B5044623B1D2
:10D8400043688B4201D3012010BD2046FFF7E8FF5B
:10D850000028F9D0A368002BF5D122681370F2E7F5
:10D8600070B50E46114604461546FFF7E5FF20B990
:10D870002046FFF7CAFF204670BDA56031462068EC
:10D8800002F0DFFCF7E738B500230446C0E90033B7
:10D8900083600D4639B1084602F0DBFC294602469A
:10D8A0002046FFF7DDFF204638BD884210B50B4605
:10D8B000044604D0096821B19A68FFF7D1FF2046D9
:10D8C00010BDFFF7A2FFFAE710B500230446C0E938
:10D8D00000338360FFF7E9FF204610BD70B50546B1
:10D8E0000E4609B9002070BD6AB18468144421460F
:10D8F000FFF7A2FF0028F5D02868AB68314618442E
:10D9000002F09FFCAC600120EDE710B58A68096861
:10D910000446FFF7E3FF10B92046FFF776FF2046E5
:10D9200010BD38B504460D4621B92046FFF76DFFFE
:10D93000204638BD084602F08CFC294602462046A7
:10D94000FFF7CCFF0028F0D0F2E7000010B588B058
:10D950008DED000B0B4614460749024603A802F062
:10D9600041FC9DED000B03A953EC102B204602F067
:10D9700039FC204608B010BD30870100FEE70000EA
:10D98000024B1B6803B11847704700BF18280020DE
:10D9900008B51549154B8B420FD1154AD2F888307E
:10D9A00043F47003C2F88830BFF34F8FBFF36F8F1B
:10D9B00000F0E6F800F0AEF8FEE70E4A9A42ECD02E
:10D9C0008B42104605D39A42E7D00B4B0B4A0021FD
:10D9D00006E0006843F8040B0432F1E743F8041B47
:10D9E0009342FBD3D9E700BFA00200200000002033
:10D9F00000ED00E0908A0100A00200203C280020F9
:10DA000008B500F070F818B9BDE8084000F062B839
:10DA100008BDFFF7B5BFFFF7B3BFFFF7B1BF000009
:10DA2000014B1860704700BF18280020014B186890
:10DA3000704700BF1C280020124A1349F0B5134D4F
:10DA400097684B682E68C3F3806390684C68D5F87C
:10DA500000C0C4F38064A3420FD166450DD1874254
:10DA60000BD3526842F22220D21B504333444FF46E
:10DA70007A72534303EB1050F0BD664623460746C7
:10DA8000E3E700BF10E000E000ED00E01C2800200C
:10DA900040B178235843044B596814385A68521AD5
:10DAA0009042FBD8704700BF001000E038B5044634
:10DAB00070B1FFF7C1FF054600F014F8FFF7BCFF97
:10DAC000401BB0F57A7FF7D3013C05F57A75F5D1A7
:10DAD00038BD0000024A13680133136000F040BBF8
:10DAE0001C280020704700207047704708B5F6F7E3
:10DAF000A5FD054CF6F756FEFFF7F4FF002CF9D014
:10DB0000AFF30080F6E700BF0000000008B5FFF7A4
:10DB1000EDFF000010B50A4C00F02EF901F09CFA60
:10DB2000FFF7E3FF0120FFF7C1FF2046FEF79CFE51
:10DB30002046FEF737FFFFF7E9FF002010BD00BFCA
:10DB40005C22002001F0B0BA01F0B6BA10B502466E
:10DB5000EFF3108172B6084B186808B907481860CF
:10DB600018680244EFF30884A24234BF1A604FF0F1
:10DB7000FF3001B962B610BD202800203C280020EB
:10DB80006E4A13889BB213806D4B42F20E029A824A
:10DB9000DA68D107FCD56B4B1A7842F001021A7093
:10DBA0005A68D207FCD440F20512DA625A6890062D
:10DBB000FCD44FF4827263491A624A6812F004027C
:10DBC000FBD1614B1A77614A9A6293F82C2012F0CC
:10DBD0001002FAD183F820205B4B1A4693F82C10E0
:10DBE0004907FBD4197F41F00201197792F82C30D4
:10DBF0009807FBD4536A5362534B1A4693F82C1080
:10DC00000907FBD4982183F820101369D805FCD5A7
:10DC10004C4B4F4A5A635A681106FCD44522C3F84C
:10DC20008420494B77225A63DA6B5207FCD44FF4B5
:10DC300000629A63022283F83020434B1A6C9007EB
:10DC4000FCD51A6CD107F9D53E4A4521C2F8881097
:10DC500063229A643C4B1A6D5207FCD44FF4006265
:10DC6000DA64022283F84420374B5A6D9007FCD5C2
:10DC70005A6DD107F9D5334B40F206325A625A68D1
:10DC80001207FCD44FF442729A625A68D006FCD450
:10DC9000304A1A632B4B1A4659684906FCD440F2A5
:10DCA00007311962536813F00403FBD12A4901229A
:10DCB0004A7101F58051886963F38200886172B608
:10DCC000264B9A6062B6264AD36843F08073D360CD
:10DCD000244A136843F0010313604FF08013224A73
:10DCE0001B6803F003019184C3F30222C3F34211C2
:10DCF000120142EA0122C3F382010A431B49A1F83F
:10DD00004820C3F38252C3F3C241120142EA012206
:10DD1000C3F302431343164AA2F84830154B1A685E
:10DD200002F01F01C2F3441343EA8113C2F38222BB
:10DD300043EA02334FF082421385704700400041AE
:10DD400000140040001C00400010004000000104CE
:10DD50000601300006030400000800400060004196
:10DD6000F0ED00E0001000E000200042001C004345
:10DD700000200043840080004C4BF7B51B684FF433
:10DD80007A72B3FBF2F3013BB3F1807F80F08B80BA
:10DD900047494B60474BC02283F8232007200022CD
:10DDA0008A600860802183F82310434B596941F44D
:10DDB00070415961996941F4FC419961D96941F017
:10DDC0007801D961196A6FEA91216FEA812119629C
:10DDD00003F5A0534121C3F82011C3F8241103F126
:10DDE0004073009303F58063019304240225052604
:10DDF0004FF4C0575DF82230198864F30A21198066
:10DE0000D98865F3C401D980196B0807FCD4DE7288
:10DE1000196B4906FCD49F80196B11F00401FBD1EA
:10DE20009972186B10F02000FBD1002A3CD000F052
:10DE300049F8224B4422C3F82821D3F82821500660
:10DE4000FBD51F4A13469168C907FCD4117841F0ED
:10DE5000010111709A68D207FCD400245C709A8981
:10DE6000022161F30B229A81DA8961F30B22DA81B4
:10DE700001215B2000F08AF801215B2000F0CAF844
:10DE800001215C2000F082F821465C2000F0C2F8FD
:10DE900001212C2000F07AF821462C2003B0BDE8A7
:10DEA000F04000F0B7B8FEE70122A3E790000020A1
:10DEB00010E000E000ED00E000080040001C004021
:10DEC000002400432E4B1A46196BC906FCD42D4979
:10DED0000B6BDB06FCD401382A4B0A284CD8DFE850
:10DEE00000F0061B212529324B363A483E00264BCE
:10DEF000DA696FF31342DA61DA6942F00402DA6137
:10DF00001F4A137A6FF30303137292F808346FF306
:10DF1000030382F8083470471B4BDA69012161F36F
:10DF20001342E8E7184B0221DA69F8E7164B0321A0
:10DF3000DA69F4E7144BDA69042161F31342DA6118
:10DF4000DA690A43DBE7104B0521DA69E7E70E4B94
:10DF50000621DA69E3E70C4B0721DA69DFE7117A7A
:10DF6000042060F3030111721A7A60F303021A723B
:10DF70007047117A0220F4E7117A0320F1E700BF1D
:10DF8000001C00430020004300180040182310B577
:10DF90001F4C5843221892F90830013313D05268AD
:10DFA00023560120904003290DD8DFE801F0022517
:10DFB0000D19DB0103F1824303F500431A440221EA
:10DFC00082F84010586010BDDB0103F1824303F575
:10DFD00000431A44062182F8401058609861F2E725
:10DFE000DB0103F1824303F500431A44062182F862
:10DFF000401058605861E6E7DB0103F1824303F506
:10E0000000431A44022182F840109860DBE700BF09
:10E01000147D0100182330B5114D58432B1893F986
:10E020000820013219D05C682B56D80100F18243D8
:10E0300003F5004301229D68A240154209D1234403
:10E040000D1C93F8404018BF012565F3820483F846
:10E050004040044B034409B95A6130BD9A61FCE762
:10E06000147D01000080004118230A4958430A1812
:10E0700092F9083001330BD00B56DB0103F18243D8
:10E0800003F50043186A5368D84000F00100704758
:10E0900000207047147D010038B51822274D4243F7
:10E0A000AC1894F90830B3F1FF3F44D00D2905DCDA
:10E0B000002915DA4B1C09D0002008E01129FBDCEF
:10E0C0000F2905D10021FFF761FFF5E7084638BDAC
:10E0D000102901D10221F6E71129EDD10121F2E742
:10E0E000AD566468164BED0162082B4414F0010034
:10E0F000C9B21A4410D092F8300000F00F0040EA84
:10E1000001112344C9B282F8301093F8402042F044
:10E11000410283F84020CFE792F8305005F0F00537
:10E120002344294382F8301093F8402042F0410202
:10E1300083F84020CBE71846C9E700BF147D0100F3
:10E1400000800041014B1860704700BF9400002020
:10E15000024B4FF0FF321A60704700BF940000205E
:10E160000C4A1368591C13D0013B136083B972B673
:10E17000094B0A4A1A60BFF34F8F0949094BCA6815
:10E1800002F4E0621343CB60BFF34F8F00BFFDE7A3
:10E19000704700BF94000020FCFF0220EF6916F0DA
:10E1A00000ED00E00400FA0570B544680E46002555
:10E1B0005CB1236831465B6820469847002802DB43
:10E1C0000544E468F4E74FF0FF35284670BD38B5E4
:10E1D00044680D463CB1236829469B682046984711
:10E1E00010B9E468F6E7204638BD38B544680D46F6
:10E1F0003CB1236829461B682046984710B9E4685B
:10E20000F6E7204638BD38B544680D463CB1236872
:10E210002946DB682046984710B9E468F6E72046AF
:10E2200038BD0000064A136813F0010306D1054902
:10E2300040F202404B6001230880136001487047A0
:10E24000242800202828002010B50346044653F84F
:10E25000041B0A7842F001020A7018464FF48072DB
:10E26000002100F067FF226803469178C807FCD4BC
:10E2700091788907F9D4536210BD000030B5104B76
:10E2800004681B68258D03F01F011F2908BF0521A5
:10E2900061F38A1525850168C3F344120C8D1F2A8A
:10E2A00008BF1D2262F304040C850268C3F38223B5
:10E2B000118D072B08BF032363F30E31118530BD89
:10E2C000840080000B460146184600F0A5BEFFF70B
:10E2D0003BBC000081F0004102E000BF83F000433E
:10E2E00030B54FEA41044FEA430594EA050F08BFF1
:10E2F00090EA020F1FBF54EA000C55EA020C7FEAB5
:10E30000645C7FEA655C00F0E2804FEA5454D4EB31
:10E310005555B8BF6D420CDD2C4480EA020281EAFB
:10E32000030382EA000083EA010180EA020281EA33
:10E330000303362D88BF30BD11F0004F4FEA013185
:10E340004FF4801C4CEA113102D0404261EB410194
:10E3500013F0004F4FEA03334CEA133302D052421A
:10E3600063EB430394EA050F00F0A780A4F10104D6
:10E37000D5F1200E0DDB02FA0EFC22FA05F2801810
:10E3800041F1000103FA0EF2801843FA05F35941F6
:10E390000EE0A5F120050EF1200E012A03FA0EFC75
:10E3A00028BF4CF0020C43FA05F3C01851EBE3719F
:10E3B00001F0004507D54FF0000EDCF1000C7EEBBC
:10E3C00000006EEB0101B1F5801F1BD3B1F5001FFA
:10E3D0000CD349085FEA30004FEA3C0C04F1010419
:10E3E0004FEA445212F5800F80F09A80BCF1004F42
:10E3F00008BF5FEA500C50F1000041EB045141EAC4
:10E40000050130BD5FEA4C0C404141EB010111F4C4
:10E41000801FA4F10104E9D191F0000F04BF01466F
:10E420000020B1FA81F308BF2033A3F10B03B3F14D
:10E4300020020CDA0C3208DD02F1140CC2F10C02DD
:10E4400001FA0CF021FA02F10CE002F11402D8BF3B
:10E45000C2F1200C01FA02F120FA0CFCDCBF41EA07
:10E460000C019040E41AA2BF01EB0451294330BDD6
:10E470006FEA04041F3C1CDA0C340EDC04F11404B3
:10E48000C4F1200220FA04F001FA02F340EA03008A
:10E4900021FA04F345EA030130BDC4F10C04C4F1D0
:10E4A000200220FA02F001FA04F340EA03002946B0
:10E4B00030BD21FA04F0294630BD94F0000F83F4FA
:10E4C000801306BF81F480110134013D4EE77FEADD
:10E4D000645C18BF7FEA655C29D094EA050F08BF29
:10E4E00090EA020F05D054EA000C04BF194610460A
:10E4F00030BD91EA030F1EBF0021002030BD5FEA4E
:10E50000545C05D14000494128BF41F0004130BD75
:10E5100014F580043CBF01F5801130BD01F00045C9
:10E5200045F0FE4141F470014FF0000030BD7FEA3C
:10E53000645C1ABF194610467FEA655C1CBF0B4637
:10E54000024650EA013406BF52EA033591EA030F4E
:10E5500041F4002130BD00BF90F0000F04BF002146
:10E56000704730B54FF4806404F132044FF0000579
:10E570004FF0000150E700BF90F0000F04BF0021F2
:10E58000704730B54FF4806404F1320410F0004558
:10E5900048BF40424FF000013EE700BF42004FEA53
:10E5A000E2014FEA31014FEA02701FBF12F07F43D0
:10E5B00093F07F4F81F06051704732F07F4208BF87
:10E5C000704793F07F4F04BF41F40021704730B58E
:10E5D0004FF4607401F0004521F000411CE700BFDA
:10E5E00050EA010208BF704730B54FF000050AE05D
:10E5F00050EA010208BF704730B511F0004502D55E
:10E60000404261EB41014FF4806404F132045FEA5F
:10E61000915C3FF4D8AE4FF003025FEADC0C18BF08
:10E6200003325FEADC0C18BF033202EBDC02C2F1FA
:10E63000200300FA03FC20FA02F001FA03FE40EA8C
:10E640000E0021FA02F11444BDE600BF70B54FF090
:10E65000FF0C4CF4E06C1CEA11541DBF1CEA13556E
:10E6600094EA0C0F95EA0C0F00F0DEF82C4481EAD6
:10E67000030621EA4C5123EA4C5350EA013518BFF6
:10E6800052EA033541F4801143F4801338D0A0FBE3
:10E6900002CE4FF00005E1FB02E506F00042E0FB90
:10E6A00003E54FF00006E1FB03569CF0000F18BF96
:10E6B0004EF0010EA4F1FF04B6F5007F64F540743E
:10E6C00004D25FEA4E0E6D4146EB060642EAC621D1
:10E6D00041EA55514FEAC52040EA5E504FEACE2E3E
:10E6E000B4F1FD0C88BFBCF5E06F1ED8BEF1004F41
:10E6F00008BF5FEA500E50F1000041EB045170BDBD
:10E7000006F0004646EA010140EA020081EA030100
:10E71000B4EB5C04C2BFD4EB0C0541EA045170BDFC
:10E7200041F480114FF0000E013C00F3AB8014F176
:10E73000360FDEBF002001F0004170BDC4F10004BF
:10E74000203C35DA0C341BDC04F11404C4F1200540
:10E7500000FA05F320FA04F001FA05F240EA02009B
:10E7600001F0004221F0004110EBD37021FA04F6D1
:10E7700042EB06015EEA430E08BF20EAD37070BD8B
:10E78000C4F10C04C4F1200500FA04F320FA05F0EA
:10E7900001FA04F240EA020001F0004110EBD370EC
:10E7A00041F100015EEA430E08BF20EAD37070BD5C
:10E7B000C4F1200500FA05F24EEA020E20FA04F335
:10E7C00001FA05F243EA020321FA04F001F00041E4
:10E7D00021FA04F220EA020000EBD3705EEA430E55
:10E7E00008BF20EAD37070BD94F0000F0FD101F084
:10E7F0000046400041EB010111F4801F08BF013CBD
:10E80000F7D041EA060195F0000F18BF704703F0FA
:10E810000046520043EB030313F4801F08BF013D81
:10E82000F7D043EA0603704794EA0C0F0CEA13553D
:10E8300018BF95EA0C0F0CD050EA410618BF52EAF7
:10E840004306D1D181EA030101F000414FF00000FD
:10E8500070BD50EA410606BF1046194652EA43060B
:10E8600019D094EA0C0F02D150EA013613D195EA7F
:10E870000C0F05D152EA03361CBF104619460AD1C7
:10E8800081EA030101F0004141F0FE4141F47001D1
:10E890004FF0000070BD41F0FE4141F4780170BDC1
:10E8A00070B54FF0FF0C4CF4E06C1CEA11541DBF26
:10E8B0001CEA135594EA0C0F95EA0C0F00F0A7F828
:10E8C000A4EB050481EA030E52EA03354FEA013155
:10E8D00000F088804FEA03334FF0805545EA131368
:10E8E00043EA12634FEA022245EA111545EA106530
:10E8F0004FEA00260EF000419D4208BF964244F1C7
:10E90000FD0404F5407402D25B084FEA3202B61AE5
:10E9100065EB03055B084FEA32024FF480104FF4B9
:10E92000002CB6EB020E75EB030E22BFB61A75462D
:10E9300040EA0C005B084FEA3202B6EB020E75EBC0
:10E94000030E22BFB61A754640EA5C005B084FEA28
:10E950003202B6EB020E75EB030E22BFB61A7546F5
:10E9600040EA9C005B084FEA3202B6EB020E75EB00
:10E97000030E22BFB61A754640EADC0055EA060EC1
:10E9800018D04FEA051545EA16754FEA06164FEA04
:10E99000C30343EA52734FEAC2025FEA1C1CC0D1B0
:10E9A00011F4801F0BD141EA00014FF000004FF03D
:10E9B000004CB6E711F4801F04BF01430020B4F1FE
:10E9C000FD0C88BFBCF5E06F3FF6AFAEB5EB030CB6
:10E9D00004BFB6EB020C5FEA500C50F1000041EBB3
:10E9E000045170BD0EF0004E4EEA113114EB5C0480
:10E9F000C2BFD4EB0C0541EA045170BD41F4801153
:10EA00004FF0000E013C90E645EA060E8DE60CEA5A
:10EA1000135594EA0C0F08BF95EA0C0F3FF43BAF77
:10EA200094EA0C0F0AD150EA01347FF434AF95EA2E
:10EA30000C0F7FF425AF104619462CE795EA0C0F12
:10EA400006D152EA03353FF4FDAE1046194622E7DF
:10EA500050EA410618BF52EA43067FF4C5AE50EAB9
:10EA600041047FF40DAF52EA43057FF4EBAE12E7A9
:10EA70004FF0FF3C06E000BF4FF0010C02E000BF8A
:10EA80004FF0010C4DF804CD4FEA410C7FEA6C5C6D
:10EA90004FEA430C18BF7FEA6C5C1BD001B050EA10
:10EAA000410C0CBF52EA430C91EA030F02BF90EAFB
:10EAB000020F0020704710F1000F91EA030F58BFBA
:10EAC000994208BF90422CBFD8176FEAE37040F01C
:10EAD000010070474FEA410C7FEA6C5C02D150EABA
:10EAE000013C07D14FEA430C7FEA6C5CD6D152EA75
:10EAF000033CD3D05DF8040B704700BF844610463A
:10EB000062468C461946634600E000BF01B5FFF738
:10EB1000B7FF002848BF10F1000F01BD4DF808ED08
:10EB2000FFF7F4FF0CBF012000205DF808FB00BFD9
:10EB30004DF808EDFFF7EAFF34BF012000205DF833
:10EB400008FB00BF4DF808EDFFF7E0FF94BF012080
:10EB500000205DF808FB00BF4DF808EDFFF7CEFF81
:10EB600094BF012000205DF808FB00BF4DF808EDC0
:10EB7000FFF7C4FF34BF012000205DF808FB00BF91
:10EB80004FEA410C7FEA6C5C02D150EA013C0AD1A9
:10EB90004FEA430C7FEA6C5C02D152EA033C02D19B
:10EBA0004FF0000070474FF0010070474FEA4102FC
:10EBB00012F5001215D211D56FF47873B3EB6252CF
:10EBC00012D94FEAC12343F0004343EA505311F0F6
:10EBD000004F23FA02F018BF404270474FF0000088
:10EBE000704750EA013005D111F0004008BF6FF0C6
:10EBF000004070474FF00000704700BF4A0011D23C
:10EC000012F5001211D20DD56FF47873B3EB625286
:10EC10000ED44FEAC12343F0004343EA505323FA92
:10EC200002F070474FF00000704750EA013002D107
:10EC30004FF0FF3070474FF0000070474FEA41023D
:10EC4000B2F1E04324BFB3F5001CDCF1FE5C0DD94A
:10EC500001F0004C4FEAC0024CEA5070B2F1004F94
:10EC600040EB830008BF20F00100704711F0804F97
:10EC700021D113F13872BCBF01F00040704741F45C
:10EC800080114FEA5252C2F11802C2F1200C10FA60
:10EC90000CF320FA02F018BF40F001004FEAC12344
:10ECA0004FEAD32303FA0CFC40EA0C0023FA02F3E8
:10ECB0004FEA4303CCE77FEA625307D150EA0133BE
:10ECC0001EBF4FF0FE4040F44000704701F000408E
:10ECD00040F0FE4040F40000704700BF53B94AB90D
:10ECE000002908BF00281CBF4FF0FF314FF0FF3054
:10ECF00000F072B9ADF1080C6DE904CE00F006F831
:10ED0000DDF804E0DDE9022304B070472DE9F047A7
:10ED1000089E04468846002B4BD18A42154667D987
:10ED2000B2FA82F24AB1C2F1200701FA02F320FAE4
:10ED300007F7954047EA030894404FEA154E230C25
:10ED4000B8FBFEF71FFA85FC0EFB178843EA084361
:10ED500007FB0CF1994209D9EB1807F1FF3080F05D
:10ED60001B81994240F21881023F2B445B1AA4B2E6
:10ED7000B3FBFEF00EFB103344EA034400FB0CFC33
:10ED8000A44509D92C1900F1FF3380F00781A4456F
:10ED900040F2048102382C4440EA0740A4EB0C0402
:10EDA00000271EB1D4400023C6E900433946BDE820
:10EDB000F0878B4209D9002E00F0EB800027C6E9CE
:10EDC000000138463946BDE8F087B3FA83F7002FD3
:10EDD00047D18B4202D3824200F2FA80841A61EB5F
:10EDE000030301209846002EE0D0C6E90048DDE785
:10EDF00002B9FFDEB2FA82F2002A40F08F80491B8E
:10EE00004FEA154E1FFA85F80127B1FBFEFC230CD3
:10EE10000EFB1C1143EA014308FB0CF1994207D990
:10EE2000EB180CF1FF3002D2994200F2CD808446FB
:10EE3000591AA3B2B1FBFEF00EFB101443EA0444CE
:10EE400008FB00F8A04507D92C1900F1FF3302D2C6
:10EE5000A04500F2B6801846A4EB080440EA0C4036
:10EE60009FE7C7F1200CBB4022FA0CFE4EEA030ECE
:10EE700001FA07F420FA0CF521FA0CF34FEA1E48C8
:10EE80002543B3FBF8F92C0C08FB19331FFA8EFA53
:10EE900044EA034309FB0AF49C4202FA07F200FA2F
:10EEA00007F10BD91EEB030309F1FF3080F08780D7
:10EEB0009C4240F28480A9F1020973441B1BADB24D
:10EEC000B3FBF8F008FB103345EA034400FB0AFAF1
:10EED000A24508D91EEB040400F1FF336BD2A24512
:10EEE00069D90238744440EA0940A0FB0289A4EBC6
:10EEF0000A044C45C2464B4654D351D0002E69D02B
:10EF0000B1EB0A0564EB030404FA0CFCFD40FC4081
:10EF10004CEA0505C6E90054002747E7C2F1200383
:10EF200020FA03F7954001FA02F021FA03F34FEAC1
:10EF3000154E3843010CB3FBFEF71FFA85F80EFBA4
:10EF4000173341EA034107FB08F38B4204FA02F44A
:10EF500007D9691807F1FF3C2FD28B422DD9023F08
:10EF60002944CB1A81B2B3FBFEF00EFB103341EA09
:10EF7000034100FB08F38B4207D9691800F1FF3CFD
:10EF800017D28B4215D902382944C91A40EA0747DB
:10EF90003BE73746304609E70746E7E61846FBE613
:10EFA0004145ABD2B8EB020A69EB0E0201381346B9
:10EFB000A4E76046E9E7184695E76746D1E781464A
:10EFC0007CE702382C4447E7ACF1020C2B442FE7D6
:10EFD000384608E73746E9E6704700BF1FB51C46CC
:10EFE000094B1B680546D86852B1084B0091CDE922
:10EFF000013207492B46224600F01CF802F0C0F807
:10F00000044B1A46F2E700BF980000203987010040
:10F0100046870100DC85010010B5054C13462CB174
:10F020000A4601460220AFF3008010BD2046FCE7EF
:10F03000000000000EB403B5014603AB054853F8C9
:10F04000042B0068019300F05DF902B05DF804EB59
:10F0500003B070479800002070B50D4E0D4CA41BF6
:10F06000A4100025A54209D10B4E0C4C04F0E2FA85
:10F07000A41BA4100025A54205D170BD56F825306B
:10F0800098470135EEE756F8253098470135F2E705
:10F090006802002068020020680200209002002020
:10F0A000D0F8EC0070470000024B0146186800F0F1
:10F0B000A5B800BF98000020024B0146186800F078
:10F0C0004FB800BF9800002082B001B901A942B139
:10F0D0004BB113780B601278101C18BF012002B0DE
:10F0E00070471046FBE76FF00100F8E710B5431ECC
:10F0F0000A44914200D110BD11F8014B03F8014FB1
:10F10000F7E7884210B501EB020307D8421E994287
:10F110000AD011F8014B02F8014FF8E78342F5D904
:10F120008118D21AD34200D110BD13F8014D01F855
:10F13000014DF7E702440346934200D1704703F8BC
:10F14000011BF9E738B502FB01F4214600F056F83F
:10F15000054618B122460021FFF7ECFF284638BDCE
:10F1600038B50546002945D051F8043C0C1F002B4A
:10F17000B8BFE41803F0B4FB1F4A1368104633B954
:10F18000636014602846BDE8384003F0AABBA34280
:10F190000CD921686218934204BF1A685B686360E7
:10F1A00004BF521822600460ECE713465A680AB1A3
:10F1B000A242FAD919685818A0420BD1206801441C
:10F1C000581882421960DDD1106852685A600144B3
:10F1D0001960D7E702D90C232B60D3E720682118E8
:10F1E0008A4204BF11685268626004BF0918216036
:10F1F0005C60C7E738BD00BF3028002070B5CD1C6B
:10F2000025F0030508350C2D38BF0C25002D0646CA
:10F2100001DBA94203D90C233360002070BD03F049
:10F220005FFB214A1468214691B9204C23681BB921
:10F23000304600F0C1FF20602946304600F0BCFF98
:10F24000431C24D10C233360304603F04AFBE4E72F
:10F250000B685B1B18D40B2B0FD90B60CD50CC184F
:10F26000304603F03EFB04F10B00231D20F00700A5
:10F27000C31AD3D05A42E250D0E78C424B6816BF33
:10F28000636013600C46EBE70C464968CCE7C41C8E
:10F2900024F00304A04205D0211A304600F08CFF70
:10F2A0000130CFD02560DBE7302800203428002053
:10F2B0009368013B002B10B4936008DA9469A34271
:10F2C00001DB0A2903D15DF8044B01F08BBE136802
:10F2D000581C1060197008465DF8044B7047F8B56B
:10F2E00006460F461446D518AC4201D1002007E06F
:10F2F0003A4614F8011B3046FFF7DAFF431CF3D1FE
:10F30000F8BD00002DE9F04F9DB00C461746039361
:10F31000064618B183690BB902F06EFE7B4B9C4226
:10F3200057D17468A38918075DD52369002B5AD07B
:10F330000023099320238DF8293030238DF82A30BB
:10F340004FF0010BB846454615F8013B0BB1252B94
:10F3500054D1B8EB070A0BD053463A462146304603
:10F36000FFF7BDFF013000F0C280099B53440993B1
:10F3700098F80030002B00F0BA8000234FF0FF32E5
:10F38000CDE90523049307938DF853301A93A846CB
:10F39000052218F8011B5E4803F052FA049B78BB63
:10F3A000D90644BF20228DF853201A0744BF2B22D0
:10F3B0008DF853202A782A2A2AD0079AA8460020B6
:10F3C0000A25414611F8013B303B092B69D960B34E
:10F3D00024E0504B9C4201D1B468A3E74E4B9C42C1
:10F3E00008BFF4689EE72146304601F05BFE002826
:10F3F0009ED04FF0FF301DB0BDE8F08FA846A2E7C9
:10F40000434A801A0BFA00F0184304904546BEE7C1
:10F41000039A111D12680391002A01DB079204E090
:10F42000524243F002030792049398F800302E2BC7
:10F430000ED198F801302A2B38D1039B1A1D1B6876
:10F440000392002BB8BF4FF0FF3308F10208059379
:10F45000324D98F800100322284603F0F1F940B12C
:10F460004023401B03FA00F0049B034308F101080A
:10F47000049398F800102A488DF82810062208F105
:10F48000010703F0DDF9002837D0264B1BBB039B97
:10F49000073323F0070308330393099B4B44099375
:10F4A00050E705FB0232012088468AE7002308F175
:10F4B0000108059319460A25404610F8012B303AF9
:10F4C000092A03D9002BC3D00591C1E705FB01210F
:10F4D00001238046F0E703AB00932246124B04A9B8
:10F4E000304600F0B7F8B0F1FF3F8146D5D1A3898F
:10F4F0005B063FF57EAF09987DE703AB009322469C
:10F50000094B04A9304600F05BFBECE74889010099
:10F510008487010068890100288901008A87010029
:10F520008E87010055F60000DFF200002DE9FF474D
:10F5300055EC104B0D9FDDF830A0002D0E46914686
:10F540001946B8BF22462B4627F02007BBBF05F15E
:10F5500000431D4600232D23B8BF1446462F0B70D1
:10F5600004D0452F00D10136022100E0032103AB76
:10F57000019302AB00933246534645EC104B01F029
:10F5800093FE472F804602D119F0010F26D0462F57
:10F5900008EB060911D198F80030302B0AD100226F
:10F5A000002320462946FFF7B9FA18B9C6F101062B
:10F5B000CAF80060DAF8003099440022002320469F
:10F5C0002946FFF7ABFA38B93022039B4B4505D2E9
:10F5D000591C03911A70F8E7CDF80C90039B0E9A12
:10F5E000A3EB08034046136004B0BDE8F087F7B50D
:10F5F00000290446BABF49422D232B23092904F8C8
:10F60000022B437020DD0DF107031F460A2691FBF4
:10F61000F6F506FB15113031092D03F8011C03F135
:10F62000FF32294609DC3031023B02F8011CBB42A3
:10F63000224604D3101A03B0F0BD1346E7E713F8CF
:10F64000012B04F8012BF2E7302319448370021DCB
:10F65000C170EFE72DE9F04F8DB00C46DDF8588012
:10F6600016461F46054603F079F8036804931846CA
:10F6700000F0EFFD00230A93D8F80030059007331F
:10F6800023F0070303F1080294F818A0D4F800B09F
:10F69000C8F80020D3E90023C4E91223D4E9128971
:10F6A00029F000430793CDF818804FF0FF32A74BA5
:10F6B000DDE90601FFF764FA70BB4FF0FF32A34BA0
:10F6C000DDE90601FFF73EFA30BB00220023404689
:10F6D0004946FFF72DFA10B12D2384F843309C4A98
:10F6E0009C4BBAF1470F8CBF9046984603232BF0F2
:10F6F0000402236122604FF00009009733460BAAF1
:10F700002146284600F0E6F9013040F08D804FF0A8
:10F71000FF300DB0BDE8F08F42464B4640464946AB
:10F72000FFF72EFA10B18C4A8C4BDAE761684B1C5C
:10F730004BF480620AA83ED1062363600023CDE922
:10F74000020309AB009349EC108B0DF123032260F7
:10F75000CDF804A061682846FFF7E8FE0AF0DF0351
:10F76000472B804609D1099BD81C02DB6268934273
:10F7700047DDAAF1020A5FFA8AFABAF1650F099920
:10F7800024D80139524604F150000991FFF72FFFA8
:10F790000A9A1318012A8146236102DC2268D107E4
:10F7A00001D5013323619DF82330002BA5D02D23F3
:10F7B00084F84330A1E7BAF1670F00F07781BAF11E
:10F7C000470FBBD10029B9D10123B6E7BAF1660FC3
:10F7D00019D1002963680CDD216113B92268D207B1
:10F7E00002D501330B442361099BA3654FF0000947
:10F7F000D9E713B92268D00701D50233F3E7012313
:10F80000F1E74FF0670ADDE90932934205DB226830
:10F810002361D107E8D50133E5E7002BD4BFC3F15D
:10F82000020301231344DEE723685A0507D4236942
:10F83000424631462846B84701302BD167E7BAF136
:10F84000650F40F2DC8000220023D4E91201FFF7AB
:10F8500065F9002833D00123414A31462846B8478C
:10F8600001303FF454AFDDE909239A4202DB2368FB
:10F87000D8070FD5DDE9042331462846B8470130C3
:10F880003FF445AF4FF0000804F11A090A9B013B11
:10F89000434509DC23689B0700F10381E0680B9B6B
:10F8A0009842B8BF184634E701234A4631462846F5
:10F8B000B84701303FF42BAF08F10108E6E7099B98
:10F8C000002B2BDC0123264A31462846B84701305D
:10F8D0003FF41DAF099B23B90A9B13B92368D907CD
:10F8E000D8D5DDE9042331462846B84701303FF436
:10F8F0000EAF4FF0000904F11A0A099B5B424B4519
:10F9000001DC0A9B94E70123524631462846B8475A
:10F9100001303FF4FCAE09F10109EEE70A9AA36D4C
:10F920009A42A8BF1A46002A914607DD134631467F
:10F9300042462846B84701303FF4E9AE04F11A03C5
:10F940004FF0000B29EAE979069315E0FFFFEF7FFE
:10F95000D085010095870100CC85010099870100C1
:10F96000683701000123069A31462846B84701301E
:10F970003FF4CDAE0BF1010BD4F858A0AAEB09036C
:10F980005B45EFDCDDE909239A42D04415DB2368AF
:10F99000DA0712D40A9B0999A3EB0A02A3EB010A26
:10F9A0009245A8BF9246BAF1000F0EDC4FF0000856
:10F9B0002AEAEA7A04F11A0919E0DDE9042331465A
:10F9C0002846B8470130E5D1A1E6534642463146C4
:10F9D0002846B8470130E9D199E601234A46314625
:10F9E0002846B84701303FF492AE08F10108DDE93E
:10F9F00009239B1AA3EB0A034345EEDC4AE70A9A64
:10FA0000012A01DCDB073AD501234246314628466C
:10FA1000B84701303FF47BAEDDE904233146284688
:10FA2000B847013008F101083FF471AE0A9B00228B
:10FA300003F1FF3AD4E912010023FFF76FF8C8B9C8
:10FA40005346424631462846B84701300ED15EE65D
:10FA50000123524631462846B84701303FF457AE9D
:10FA600008F101080A9B013B4345F1DC4B4604F1D8
:10FA70005002DEE64FF0000804F11A0AF2E7012313
:10FA8000DFE701234A4631462846B84701303FF4B4
:10FA90003EAE08F10108E3680B9A9B1A4345F0DC7F
:10FAA000FCE64FF0000804F11909F4E700293FF4DF
:10FAB0008BAE0023CDE9020309AB009349EC108B18
:10FAC0002260CDF804A00DF123032846FFF72EFD98
:10FAD000804648E62DE9F04791461F468A680B6943
:10FAE000DDF820809342B8BF1346C9F8003091F882
:10FAF000432006460C4612B10133C9F80030236892
:10FB0000990642BFD9F800300233C9F800302568A1
:10FB100015F0060507D104F1190AE368D9F80020A9
:10FB20009B1AAB4228DC94F843302268003318BF9C
:10FB3000012392062DD404F1430239463046C047D2
:10FB4000013020D02368E568D9F8002003F00603CF
:10FB5000042B08BFAD1AA36822690CBF25EAE5751E
:10FB600000259342C4BF9B1AED184FF000091A34C8
:10FB70004D451AD1002008E001235246394630464F
:10FB8000C047013003D14FF0FF30BDE8F0870135A9
:10FB9000C3E7E1185A1C302081F84300224494F84E
:10FBA000451082F843100233C5E701232246394647
:10FBB0003046C0470130E6D009F10109D8E700001E
:10FBC0002DE9F04301F1430C0C46097E85B06E2906
:10FBD0001746064698460C9A00F0B38022D863294F
:10FBE00036D00AD8002900F0B980582900F0838067
:10FBF00004F1420584F8421032E0642901D06929F9
:10FC0000F6D120681368050603F104012AD51B68A4
:10FC10001160002B03DA2D225B4284F843206F48E9
:10FC20000A2239E0732900F09D8008D86F2920D07E
:10FC30007029DDD1236843F02003236003E0752998
:10FC400017D07829D4D1782384F84530644855E01A
:10FC50001368191D1B68116004F1420584F84230D5
:10FC600001238CE01B68116010F0400F18BF1BB21D
:10FC7000CFE713682568181D1060280601D51B689A
:10FC800002E06806FBD51B8854486F2914BF0A227E
:10FC90000822002184F843106568A560002DC0F299
:10FCA0009580216821F004012160002B3DD1002DB9
:10FCB00040F08E806546082A0BD12368DB0708D503
:10FCC000236962689A42DEBF302305F8013C05F1E2
:10FCD000FF35ACEB05032361CDF800803B4603AA5A
:10FCE00021463046FFF7F6FE01304DD14FF0FF3090
:10FCF00005B0BDE8F083394884F8451013682168E1
:10FD00001D1D1B6815600A060BD5CA0744BF41F0CC
:10FD1000200121601BB9226822F0200222601022FB
:10FD2000B7E74D0648BF9BB2EFE76546B3FBF2F17C
:10FD300002FB1133C35C05F8013D0B460029F5D1E8
:10FD4000B9E7136825686169181D106028061B68EB
:10FD500001D5196002E06A06FBD5198000232361F2
:10FD60006546B9E71368191D11601D6862680021B6
:10FD7000284602F065FD08B1401B6060636823619E
:10FD8000002384F84330A7E723692A4639463046E2
:10FD9000C0470130AAD023689B0713D4E068039BB7
:10FDA0009842B8BF1846A3E701234A463946304671
:10FDB000C04701309AD00135E368039A9B1AAB42E1
:10FDC000F2DCEBE7002504F11909F5E7002BACD1D3
:10FDD000037884F8423004F142056CE79D87010006
:10FDE000AE8701002DE9F04F9A468B6816465A1EE1
:10FDF000B2F5AE7F87B083BF6FF4AE729B180193EC
:10FE0000002386BF40F25D138B6001930B68884628
:10FE10004FF0000B43F4F06348F81C3BCDE903BB03
:10FE200007460C4645465A46D946CDF808B0A16863
:10FE300081B133681B78492B71D04DD8392B40D80C
:10FE4000312B80F088802D2B00F0908015D82B2B43
:10FE500000F08C80B9F1000F03D0236823F4807385
:10FE60002360013A012A00F2EA80454500F2DC8075
:10FE70000126304607B0BDE8F08F2E2B00F09F80A2
:10FE8000302BE7D1206810F4807F64D0019B20F0F4
:10FE90008000206009F101091BB1013B0131019390
:10FEA000A160A368013BA3602369013323617368E8
:10FEB000013B002B736040F3AC8033680133336047
:10FEC000B5E7452B00F08580462B6AD0412BC1D188
:10FED000012ABFD1022246E0652B7AD018D8542BD4
:10FEE00066D011D84E2BB5D1002A46D1B9F1000FFA
:10FEF00045D1216801F4E060B0F5E06F3FD121F415
:10FF0000F061216001222EE0592B1ED0612BDEE72B
:10FF10006E2BE9D015D8662B43D0692B9AD1BBF153
:10FF2000000F38D1B9F1000F97D1216801F4E060DA
:10FF3000B0F5E06F95D121F4F06121604FF0010B35
:10FF400011E0742B34D0792B84D1BBF1070F81D110
:10FF50004FF0080B07E012EB0B0F7FF47BAF21682B
:10FF600021F4C07121602B7001359AE721680806E1
:10FF70007FF570AF21F08001F4E7022A47D0BBF192
:10FF8000010F03D0BBF1040F7FF464AF0BF1010B41
:10FF90005FFA8BFBE7E7BBF1030FF7D0BBF1050F6F
:10FFA000F2E7BBF1020F7FF455AF4FF0030BDAE736
:10FFB000BBF1060F7FF44EAF4FF0070BD3E721687C
:10FFC00088057FF547AF21F420712160CDF80890B6
:10FFD000C9E7216801F4A060B0F5806F06D048053C
:10FFE0007FF538AFB9F1000F3FF43BAF880558BF3C
:10FFF000029821F4F06158BFA9EB000041F4C071F0
:020000021000EC
:1000000058BFCDE9030521604FF00009ABE703229B
:10001000A9E7D4F880310592314638469847059AC9
:1000200000283FF404AF15E7D4F87C3115F8011D22
:100030003246384698472369013B236115E70BF1A7
:10004000FF33062B0AD8BBF1020F68D9ABF1030BC3
:100050005FFA8BFBA5EB0B0B5D454BD12368DA05F3
:100060001FD55B0568D415F8011C2369652903F1C8
:10007000FF3305F1FF3B23610DD045290BD0D4F8A8
:100080007C31324638469847236915F8021C013BFB
:10009000A5F1020B2361D4F87C31324638469847EB
:1000A0005D46266816F010067AD12E70236803F498
:1000B000C063B3F5806F42D1029BA9EB03035A42A0
:1000C000002B49D100224146384600F0EDFE25685C
:1000D000DAF8003015F0020F03F1040259EC108B2E
:1000E000CAF8002043D01B68C3E90089E3680133E4
:1000F000E360BEE6D4F87C3115F8011D324638467F
:1001000098472369013B2361A6E7D4F87C3115F8B1
:10011000011D3246384698472369013B2361454516
:10012000F3D8A5E6D4F87C3115F8011D32463846DF
:1001300098472369013B23614545F3D898E6039B23
:10014000002BBFD004990A2332460131384600F013
:1001500037FF039B049DC21A04F26F139D4228BF10
:1001600004F5B7750F49284600F03CF8AAE715F0EA
:100170000405B8D11F6810EE102A4B4610EE100A85
:100180004946FEF7FDFC28B1284600F025F887ED2A
:10019000000AABE740464946FEF750FD3860A5E748
:1001A000002666E6BF870100024B0A460146186832
:1001B00002F097BF9800002038B5064C0023054692
:1001C00008462360FDF7C2FC431C02D1236803B13B
:1001D0002B6038BD382800209FED010A704700BF12
:1001E0000000C07F0EB400B59CB01DAB029006901D
:1001F0006FF00041094807910491094953F8042B15
:1002000005910068019302A902F0ECFF029B002215
:100210001A701CB05DF804EB03B070479800002022
:100220000802FFFF10B503461A785C1C3AB9013B7F
:1002300011F8012B03F8012F002AF9D110BD234634
:10024000F2E7034611F8012B03F8012B002AF9D13C
:100250007047034613F8012B002AFBD1181A013806
:10026000704710B56AB10139841810F8013B11F8D4
:10027000012F934203D1A04201D0002BF5D1981A4F
:1002800010BD1046FCE770B504460D4645EC104B1A
:10029000164602F0F3FD51EC100B7EB1C5F30A5384
:1002A000C3F16B03002B09DD1B0503F17F5500240F
:1002B00005F5401522462B46FEF7C8F970BD000033
:1002C0002DE9F04F1F46A1B00023814638460E4667
:1002D00017921C9302F040FA80460068FFF7B9FFBE
:1002E0004FF0000A04464FF0000B1B961B9B1A7838
:1002F0000D2A32D8092A36D2002A3ED000230D9387
:100300001B9D2B78302B40F0AC806B78582B01D0A4
:10031000782B67D10D9B01931CAB009302971DAB0B
:10032000884A1BA9484601F040FF10F00704064622
:1003300005D0062C2BD1013500231B950D93179B5F
:10034000002B40F09A850D9BE3B152460BF1004320
:1003500043EC102B21B0BDE8F08F2B2A15D02D2AAD
:1003600004D0202ACAD101331B93BFE701220D928A
:100370005A1C1B925B78002BC2D1179B1B96002B3B
:1003800040F0798552465B46E2E70022EFE71C9A8F
:100390003AB135211EA802F069FE1C99484602F0C8
:1003A000D5FA013C042C06D8DFE804F00A03141740
:1003B0000A00DDE91EAB3007C1D54BF0004BBEE7AC
:1003C000DDE91EA31D9A23F4801302F2334243EAAF
:1003D000025BF0E7DFF870B1EDE76FF0004B4FF034
:1003E000FF3AE8E71B9B5A1C1B925B78302BF9D035
:1003F000002BA4D00123002506931B9B089307958F
:1004000005950A221B980778A7F13003D9B209296C
:1004100029D92246D8F80010FFF723FF002831D051
:100420000020059C04903B460246652B01D0452BDD
:1004300014D124B910B9069B002B9ED000241B9E1A
:10044000731C1B9373782B2B78D02D2B70D04FF00F
:10045000000CA3F13007092F7CD91B964FF0000E3A
:100460009AE00023C7E705990829DDBF079902FB39
:100470000133079302FB0535059B013001330593DA
:100480001B90BFE71B9B1A191B92059A1B5D002A44
:1004900037D0059C0246A3F13001092913D9012167
:1004A0000491C2E71B9B5A1C1B925B780130302BD6
:1004B000F8D0A3F13102082A00F2E4841B9A0892D2
:1004C000024600200446B3F1300E00F1010112D0C3
:1004D0000A4400EB040C21460A278C4513D121184D
:1004E000082904F10104044419DC079B0A2101FBDB
:1004F00003E3079300211B9B581C1B905B78084665
:10050000C9E70598D3E7082901F1010103DC079B3E
:100510007B430793E1E71029D8BF7D43DDE7102C2B
:10052000DCBF0A2101FB05E5E4E70123049381E731
:100530004FF0010CB31C1B93B3788AE74FF0000C0B
:10054000F8E700BFC48701000000F07F1B9B5F1C21
:100550001B975B78302BF9D0A3F13107082F3FF6BA
:100560007DAFA3F1300E1B9B0A931B9B5F1C1B9757
:100570005B78A3F13008B8F1090F37D90A997F1ACF
:10058000082F44F61F6737DCBE45A8BFBE46BCF146
:10059000000F01D0CEF1000E002C51D100287FF4C5
:1005A000CEAE069A002A7FF4CAAE049A002A7FF4DF
:1005B000E4AE4E2B27D021DC492B7FF4DEAEA049E0
:1005C0001BA802F025F800283FF4D7AE1B9B9D49DD
:1005D000013B1BA81B9302F01BF810B91B9B0133B6
:1005E0001B93DFF874B24FF0000AA8E60A2101FB62
:1005F0000E3EAEF1300EB8E7BE46C8E7692BDED03E
:100600006E2B7FF4BAAE90491BA802F001F80028C7
:100610003FF4B3AE1B9B1B78282B0ED11EAA8B492F
:100620001BA802F009F8052807D11F9BDDF878A068
:1006300043F0FF4B4BF4E00B81E6DFF824B2D2E746
:10064000AEEB02030693059B0798002B08BF2346D9
:10065000102C0593A046A8BF4FF01008FDF77CFFB3
:10066000092C82468B4613DC069B002B3FF467AEB9
:10067000069B7ADD162B61DC754A02EBC30EDEE9C0
:10068000000152465B46FDF7E1FF82468B4656E687
:100690006F4B03EBC80353E91223FDF7D7FF064660
:1006A00028460F46FDF758FF02460B4630463946AE
:1006B000FDF716FE0F2C82468B46D5DD069BA4EB7C
:1006C00008089844B8F1000F40F3968018F00F0323
:1006D0000AD05F4901EBC30152465B46D1E90001F4
:1006E000FDF7B4FF82468B4638F00F0873D0B8F59B
:1006F0009A7F47DD0024A046079405942223DFF863
:1007000058B1C9F800304FF0000A079B002B3FF4A6
:1007100016AE1C99484602F019F90599484602F0B0
:1007200015F94146484602F011F90799484602F08A
:100730000DF92146484602F009F900E6069AC4F18F
:1007400025039342BADB424DC4F10F0405EBC4010B
:1007500052465B46D1E90001FDF778FF069B1C1B62
:1007600005EBC405D5E900238DE713F1160FA5DBD2
:10077000374AA2EBC302D2E9002350465946FEF79E
:100780008FF882E70023334E4FEA28185046594627
:100790001D46B8F1010F21DC0BB182468B462D4B73
:1007A000ABF1547B03EBC50552465B46D5E900012E
:1007B000FDF74CFF284B0A460B4028498B428246E6
:1007C00098D8A1F580118B4286BFDFF898B04FF022
:1007D000FF3A02F1547B0023049377E018F0010FF5
:1007E00006D006EBC503D3E90023FDF72FFF012355
:1007F00001354FEA6808CCE7EDD0C8F1000818F0E1
:100800000F020AD0124B03EBC20350465946D3E9FC
:100810000023FEF745F882468B465FEA2818DAD0B7
:10082000B8F11F0F20DD0024A04607940594222371
:100830004FF0000A4FF0000BC9F8003065E700BF29
:10084000D18501001C890100CD850100D8870100F8
:10085000B0890100888901000000F07F0000A07CC1
:100860000000F8FFFFFFEF7F18F0100318BF6A23A6
:10087000A04D0493504659460023B8F1000F00F3F1
:100880000A810BB182468B46049BBBB1CBF30A5362
:10089000C3F16B03002B594610DD1F2B40F307817A
:1008A000342BDEBF203B4FF0FF3202FA03F34FF050
:1008B000000ACCBF4FF05C7B03EA010B002200234F
:1008C00050465946FEF72AF90028ACD1079B009301
:1008D000059A08992346484602F08AF807900028AE
:1008E0003FF408AF069A069B002AC3F10003A8BF95
:1008F00000230E93002422EAE2731693A046079B7E
:100900004846596801F0EEFF059000283FF4F6AE26
:10091000079B1A69023203F10C0192000C30FEF7BA
:10092000E5FB1EAA1DA94BEC10AB4846CDE908AB70
:1009300002F01AFB1C9000283FF4E0AE012148466B
:1009400002F0E2F8804600283FF4D8AE1D9E1E9AC1
:10095000002EABBF0E9B169B169D0E9FACBFF718CB
:100960009D1B049BF61A1644634B013E9E42C2F146
:10097000360280F2AF809B1B1F2BA2EB03024FF0CD
:10098000010100F39B8001FA03F30F9300230A9304
:10099000BE18049BB74215441D443B46A8BF3346CE
:1009A000AB42A8BF2B46002BC2BFF61AED1AFF1AA6
:1009B0000E9BBBB141461A46484602F045F98046B7
:1009C00000283FF49BAE01461C9A484602F0A5F869
:1009D0000C9000283FF492AE1C99484601F0B6FFF7
:1009E0000C9B1C93002E7ADC069B002B08DD169ACC
:1009F0000599484602F028F9059000283FF47EAE9C
:100A0000002D08DD2A460599484602F06BF905904D
:100A100000283FF473AE002F08DD41463A464846B1
:100A200002F060F9804600283FF468AE059A1C99F0
:100A3000484602F0C5F9044600283FF45FAEC3689B
:100A40000C930023C360414602F0A0F9002855DA58
:100A50000C9BE3B9BAF1000F19D1CBF31303B3B96F
:100A60002BF000431B0D1B05B3F1D66F0FD9636943
:100A700013B92369012B0ADD21460122484602F001
:100A800031F94146044602F081F9002867DC049BF5
:100A9000002B71D13DE618F0010F04D0D5E90023F9
:100AA000FDF7D4FD01234FEA68080835E5E64FF06D
:100AB000FF3202FA03F303EA0A0AFFE6C6F17F46B1
:100AC00006F57F0606F57B46E23601FA06F30A9341
:100AD0000F915DE700230A9301230F9358E73246F5
:100AE0001C99484602F0FEF81C9000287FF47CAF69
:100AF00004E600BFF087010002FCFFFF5D4640F006
:100B000086800C9ACBF313032AB3AF4A934253D196
:100B1000049B5046D3B1AD4A2A40B2F1D46F4FF096
:100B2000FF3116D8120DC2F16B0301FA03F398429C
:100B300042D1A74B9D4202D101303FF4DFADA34B20
:100B40002B4003F5801B4FF0000AA0E74FF0FF3366
:100B5000EDE70B46EBE77BBBBAF1000F2CD1049914
:100B60009A4A5B46F1B102EA0B01B1F1D66F19DC8A
:100B7000B1F15C7F7FF75BAE964A0023CDE914327A
:100B800050465946DDE91423FDF760FD82468B4649
:100B900000297FF4BEAD00287FF4BBAD2223C9F845
:100BA0000030B6E51340A3F580136FEA135B6FEADC
:100BB0000B5B4FF0FF3A6AE70A9B93B12B423FF47D
:100BC00066AF0C9B049A5046594673B1FFF75BFB26
:100BD00002460B46DDE90801FDF782FB82468B46A3
:100BE00055E70F9B13EA0A0FE9E7FFF74CFB0246B4
:100BF0000B46DDE90801FDF771FB00220023824668
:100C00008B46FDF78BFF00287FF411AE3FE741468E
:100C1000204602F0F8F957EC106B00224FF08043A9
:100C200010EE100A3946FDF78DFF002877D00C9B97
:100C3000002B4AD0684B0022CDE90A23664F0026DC
:100C4000624B2B400F930F9A644B9A4240F0CE8038
:100C5000DDE90823DDE90A01A5F1547B4BEC10AB7B
:100C6000CDE91423CDE90A0102F008F9DDE90A0112
:100C700053EC102BFDF7EAFC52465B46FDF730FBC8
:100C80000B465249564A1940914282465BD9099B0C
:100C900002F15472934203D1089B01333FF42EAD0D
:100CA000DFF82CB14FF0FF3A1C99484601F04EFE98
:100CB0000599484601F04AFE4146484601F046FE85
:100CC0002146484601F042FE19E6BAF1000F1AD15A
:100CD000CBF31303EBB900223F4B30463946FDF707
:100CE00027FFC8B93046394600223E4BFDF7AEFC1F
:100CF00006460F4607F1004318961993DDE91823BD
:100D0000CDE90A239CE7BAF1010F02D1002D3FF48F
:100D10008EAD0022344B8FE70026324FEAE7314B8D
:100D2000304639460022FDF791FC0C9B06460F46E3
:100D300033B901F1004310901193DDE91023DFE78F
:100D4000CDE91067F9E703F1547B049B002BABD18D
:100D50002BF000431B0D0F9A1B059A425D46A3D151
:100D600039463046FDF722FFFDF706FC0B460246EA
:100D700039463046FDF7B2FA0C9B06460F4633B9AA
:100D8000BAF1000F03D1CBF31305002D6DD00AA3E8
:100D9000D3E9002330463946FDF7CAFE00287FF428
:100DA000B8AC07A3D3E9002330463946FDF7DEFE91
:100DB00000283FF479AFACE49535A094FFFFDF3F06
:100DC00035E5AF350000E03FFFFF0F000000F07F8A
:100DD000FFFFEF7F000050390000F03F0000E07F90
:100DE000FFFF9F7C0000E03F0000F0BF049B33B397
:100DF0000F9BB3F1D46F22D827A3D3E90023304649
:100E00003946FDF79FFEA0B139463046FDF7F6FEA4
:100E1000002808BF0120FDF79FFB0C9B06460F46EC
:100E200003BB01F1004312901393DDE91223CDE9D6
:100E30000A230B9B0F9A03F1D6639B1A0B939DED2C
:100E4000080BDDE90AAB02F019F8504653EC102B01
:100E50005946FDF7FBFBDDE90823FDF741FA824621
:100E60008B4672E7CDE91267DFE70DA3D3E90023D4
:100E7000FDF75EFE9CE700230D93179A1B9B136002
:100E8000FFF761BA652B4FF000023FF44EAB012132
:100E900014460491FFF7CBBA0000C0FFFFFFDF410B
:100EA0009535A094FFFFCF3F054B1B6810B41B6A1C
:100EB000044C002B08BF23465DF8044BFFF700BA33
:100EC00098000020FC0000202DE9F047804689466C
:100ED00092461E460F463D46089815F8014BFEF710
:100EE000DFF82044437813F0080332D12D2C32D19F
:100EF0007C78BD1C0122002E5DD0102E09D1302C33
:100F000007D12B7803F0DF03582B4FD16C781026D4
:100F10000235002A14BF4FF000416FF00041002756
:100F2000B1FBF6FC384606FB1C1EA4F13003092B6E
:100F300017D81C46A64223DD7B1C07D084451CD352
:100F400001D1A64519DB00FB0640012715F8014B2E
:100F5000EBE72F46BFE72B2C04BFBD1C7C781A465D
:100F6000C9E7A4F14103192B01D8373CE2E7A4F10A
:100F70006103192B04D8573CDCE74FF0FF37E5E756
:100F80007B1C08D12223C8F800300846BAF1000FB4
:100F900007D1BDE8F08702B14042BAF1000FF8D0A6
:100FA0000FB105F1FF39CAF80090F2E73024002EA6
:100FB000AFD10826ADE7302CA3D00A26A9E7000060
:100FC00037B5064C064D2468246A002C08BF2C4611
:100FD0000094FFF779FF03B030BD00BF98000020F8
:100FE000FC000020F8B50E461446054618B183698A
:100FF0000BB901F001F8214B9C422AD16C68A3691E
:10100000A360A3891A072ED5236963B323692068D7
:10101000C01A6369F6B28342374604DC214628468B
:1010200000F080FF28BBA368013BA36023685A1C23
:1010300022601E7063690130834204D0A389DB07FC
:1010400019D50A2E17D12146284600F06BFF90B122
:101050000FE00B4B9C4201D1AC68D0E7094B9C429E
:1010600008BFEC68CBE72146284600F01BF80028B3
:10107000CCD04FF0FF373846F8BD00BF488901009B
:10108000688901002889010049B1FF2A85BF8A23A8
:1010900003600A704FF0FF3098BF01207047084688
:1010A00070470000324B70B51D6806460C4625B1EE
:1010B000AB6913B9284600F09FFF2E4B9C420FD11D
:1010C0006C68B4F90C309AB215072CD4D00611D440
:1010D0000922326043F04003A3814FF0FF303EE02D
:1010E000254B9C4201D1AC68EBE7244B9C4208BFE6
:1010F000EC68E6E7510712D5616B41B104F1440396
:10110000994202D03046FEF72BF800236363A3898F
:1011100023F02403A3810023636023692360A38950
:1011200043F00803A38123694BB9A38903F4207317
:10113000B3F5007F03D02146304601F041FBA28980
:1011400012F001030CD00023A36063695B42A3612A
:10115000236953B9B4F90C3013F08000BAD170BDD3
:10116000920758BF6369A360F2E70020F7E700BF6A
:101170009800002048890100688901002889010041
:1011800008B5062002F04CF9012002F051FA2DE9D1
:10119000F74F03690C69A3428046C0F28280013C8C
:1011A00001F114074FEA840C00F1140657F824509B
:1011B00056F8240006EB0C03013507EB0C090193EC
:1011C000B0FBF5F595B34FF0000A3846B646D34666
:1011D00050F8042B93B205FB03A34FEA134A9BB2CA
:1011E000ABEB0303120CDEF800B005FB02A213FA0E
:1011F0008BF34FEA124A1FFA82FBDEF80020CBEB9A
:10120000124202EB23429BB243EA024381454FEA7A
:10121000224B4EF8043BDBD256F80C3033B9019B1D
:10122000043B9E421A4630D3C8F81040404601F0B5
:10123000ADFD002825DB013530464FF0000C57F896
:10124000042BD0F800E093B2ACEB0303120C13FABA
:101250008EF3C2EB1E4202EB23429BB243EA0243EF
:10126000B9454FEA224C40F8043BE8D256F8242016
:1012700006EB84032AB9043B9E421A460BD3C8F8F6
:101280001040284603B0BDE8F08F1268043B002AE6
:10129000CAD1013CC5E71268043B002AEFD1013CEA
:1012A000EAE70020EEE700002DE9F04F57EC106B65
:1012B00097B0456A069104460B921293DDF8808040
:1012C000CDE900673DB91020FDF7EEFE6062C0E990
:1012D00001550560C560636A196851B15A684A6072
:1012E000012393408B60204601F030FB636A0022AB
:1012F0001A603B1EBBBF23F0004301930023012271
:10130000ACBFC8F80030C8F80020AF4BDDF804804F
:1013100033EA080314D1129A42F20F731360009B50
:1013200023B9C8F31300002800F04285219BDFF8A1
:10133000ACB2002B00F044850BF1030300F03EBD7E
:10134000DDE900670022002330463946FDF7E6FB61
:10135000814668B1129A01231360219B002B00F093
:1013600024859A4B219A03F1FF3B136000F028BDBE
:1013700014AA15A947EC106B204601F0F5FDC8F33F
:101380000A550490002D7CD0C7F3130343F07F5B14
:10139000B2464BF4401BA5F2FF35CDF84C9000222D
:1013A0008B4B50465946FCF799FF81A3D3E90023A4
:1013B000FDF74CF980A3D3E90023FCF791FF064623
:1013C00028460F46FDF7D8F87DA3D3E90023FDF7A3
:1013D0003DF902460B4630463946FCF781FF06468A
:1013E0000F46FDF7E3FB00228246002330463946D4
:1013F000FDF79EFB48B15046FDF7BEF832463B462E
:10140000FDF78CFB08B90AF1FF3ABAF1160F59D86B
:10141000704901EBCA01DDE90023D1E90001FDF7C4
:10142000A5FB002850D00AF1FF3A00230F93149B2C
:101430005D1BB5F1010849BFC5F101030023059308
:101440004FF0000858BF0593BAF1000F3EDB0023B0
:10145000D044CDF838A00793069B092B00F290806A
:10146000052BC4BF043B0693069BA3F10203CCBF2C
:1014700000250125032B00F28F80DFE803F07D7F3C
:101480003171DDE914531D4405F23240202813DD8B
:10149000C0F14000009B08FA00F805F2124023FA60
:1014A00000F048EA0000FDF757F801238246A1F159
:1014B000F87B013D139372E7009BC0F1200003FA13
:1014C00000F0F0E70123B1E70F90B0E7059BA3EB35
:1014D0000A030593CAF10003079300230E93BBE7A9
:1014E00001230A930B9B002B59DD02939946666AF0
:1014F00000227260042202F114009842716853D9EC
:10150000204601F0EFF9636A3060B9F10E0FD3F8AD
:1015100000B000F2E680002D00F0E3809DED007B3E
:10152000BAF1000F8DED107B74DD2A4A0AF00F032B
:1015300002EBC30393ED007B4FEA2A16F0068DED14
:10154000087B65D5244BDDE91001D3E90823FDF7BD
:10155000A7F9CDE9000106F00F0603251E4F4CE068
:1015600001230A930B9B534403F1010902934B4659
:10157000012BB8BF0123BAE70023B2E70023F0E74D
:101580000125002306930A954FF0FF3302939946F5
:10159000002212230B92AAE701230A93F4E7012306
:1015A000029399461A46F5E7013171605200A2E7AD
:1015B00061436F63A787D23FB3C8608B288AC63F59
:1015C000FB799F501344D33F0000F07F693701003F
:1015D0000000F83FB08901008889010022890100DC
:1015E000F10708D5DDE90801D7E90023FDF72EF85A
:1015F000CDE90801013576100837002EF0D1DDE97C
:101600000823DDE90001FDF74BF9CDE900011AE0FF
:101610000225A3E700F0A080CAF100069F4BA04F6F
:1016200006F00F0203EBC203D3E90023DDE910014A
:10163000FDF70CF8CDE90001361100230225002E3C
:101640007FD1002BE1D10F9B002B00F08780DDE9DB
:1016500000670022934B30463946FDF769FA0028AF
:101660007CD0B9F1000F79D0029B002B35DD0AF157
:10167000FF330893394600228B4B3046FCF7E6FFD8
:10168000CDE90001029F01352846FCF775FFDDE931
:101690000023FCF7DBFF0022844BFCF721FE05460C
:1016A000A1F15076002F5DD10022814BDDE90001D0
:1016B000FCF714FE2A463346CDE90001FDF756FA41
:1016C000002840F088822A4606F10043DDE9000147
:1016D000FDF72EFA002840F07C82DDE91023CDE9E9
:1016E0000023159B002BC0F25081BAF10E0F00F3BE
:1016F0004C816A4B03EBCA0393ED007B0B9B002BE1
:101700008DED027B80F2D880B9F1000F00F3D48018
:1017100040F05E820022664B51EC170BFCF796FFFF
:10172000DDE90023FDF718FA4F464E46002840F049
:10173000348231230BF101058BF800300AF1010AE4
:101740002FE2F20705D5D7E90023FCF77FFF01352B
:1017500001237610083772E7022574E7CDF820A040
:101760004F4691E74D4B03EBC70353E902010A9B38
:10177000002B47D002460B4600204E49FDF790F85B
:101780002A463346FCF7AAFDCDE90C015D46DDE9AA
:101790000001FDF70BFA0646FCF7EEFE02460B468B
:1017A000DDE90001FCF79AFD303605F8016BDDE953
:1017B0000C23CDE90001FDF7BBF9002863D1DDE979
:1017C000002300203749FCF789FDDDE90C23FDF7F4
:1017D000AFF9002840F0B780A5EB0B039F427FF7DD
:1017E0007CAF0022304BDDE90C01FCF72FFF00221B
:1017F000CDE90C012C4BDDE90001FCF727FFCDE919
:101800000001C4E72A463346FCF720FFCDE90C016E
:101810000BEB07055E46DDE90001FDF7C7F907465A
:10182000FCF7AAFE303702460B46DDE90001FCF763
:1018300055FD06F8017BAE42CDE900014FF00002F4
:1018400026D11C4BDDE90C01FCF74AFD02460B4694
:10185000DDE90001FDF78AF9002874D1DDE90C23E8
:1018600000201449FCF73AFD02460B46DDE9000171
:10187000FDF75EF900283FF430AF15F8013C302B3E
:1018800005F1FF3202D0DDF820A04AE01546F4E76A
:10189000054BFCF7DBFECDE90001BCE7B089010098
:1018A000888901000000F03F0000244000001C4037
:1018B000000014400000E03FDDE900675D46DDE91F
:1018C000022330463946FCF7EBFFFDF76FF98046FF
:1018D000FCF752FEDDE90223FCF7B8FE02460B4698
:1018E0003046394608F13006FCF7F8FC05F8016B84
:1018F000A5EB0B06B14502460B4639D1FCF7F0FCCF
:10190000DDE9022306460F46FDF730F9C8B9DDE9E7
:10191000022330463946FDF701F910B118F0010FE6
:101920000FD10499204601F011F80023129A2B7070
:101930000AF101031360219B002B00F041821D601E
:101940003EE2CDF820A015F8012C392A05F1FF332D
:1019500008D19B450AD1089B0133089330238BF8AB
:1019600000305B461A7801321A708CE71D46EAE7B0
:1019700000229B4BFCF76AFE0022002306460F461E
:10198000FDF7CCF800289AD0CBE70A9A002A00F09D
:101990008B80069A012A6EDC139A002A67D003F224
:1019A0003343079F059D059A01211A44204605925D
:1019B000984401F0A9F80646002D0CDDB8F1000F9F
:1019C00009DD4545059A2B46A8BF4346D21A059224
:1019D000ED1AA8EB0308079BEBB10A9B002B67D01D
:1019E0008FB131463A46204601F02EF9049A01465D
:1019F0000646204601F091F804990890204600F030
:101A0000A5FF089B0493079BDA1B04D0049920468A
:101A100001F01AF904900121204601F075F80E9B9F
:101A20000746002B00F0D0811A460146204601F0FF
:101A30000BF9069B012B074640DC009B002B39D19C
:101A4000019BC3F31303002B36D1019B23F000430A
:101A50001B0D1B052BB1059B0133059308F10108F4
:101A6000012307930E9B002B2AD1012030E0149B09
:101A7000C3F1360395E7079B09F1FF37BB42BFBFB0
:101A8000079B0797FA1A0E9BBBBF9B180E93DF1B91
:101A90000027B9F1000FB5BF059B059DA3EB090514
:101AA0004B46B8BF00237EE7079F059D0A9E83E74C
:101AB000079AABE70023D4E7009BD2E70023079304
:101AC0003B6907EB8303186900F0D0FFC0F12000E9
:101AD000404410F01F0047D0C0F12003042B3BDD31
:101AE000059BC0F11C000344059305448044059BFD
:101AF000002B05DD1A460499204601F0F3F8049006
:101B0000B8F1000F05DD39464246204601F0EAF8FB
:101B100007460F9B53B33946049801F037F9002864
:101B200024DA00230A220499204600F026FF0A9BAB
:101B300004900AF1FF3A002B00F04D81002331465A
:101B40000A22204600F019FF029B002B06464FDCBC
:101B5000069B022B4CDD11E0C9D0059A1C331A44B8
:101B600005921D449844C2E70346F6E7B9F1000F19
:101B700038DC069B022B35DDCDF80890029B63B95B
:101B800039460522204600F0F8FE01460746049833
:101B900001F0FCF800283FF7CCAD0B9B5D466FEAE7
:101BA000030A4FF000093946204600F0CFFE002E10
:101BB0003FF4B7AEB9F1000F05D0B14503D04946A7
:101BC000204600F0C3FE3146204600F0BFFEA8E6E6
:101BD00000273E46E1E7DDF820A03E46A9E500BF2C
:101BE000000024400A9BCDF80890002B00F0FA80FA
:101BF000002D05DD31462A46204601F073F80646E1
:101C0000079B002B4CD07168204600F06BFE3269B8
:101C100002320546920006F10C010C30FDF766FA1F
:101C200001222946204601F05DF8009BCDF814B052
:101C300003F00103B1460793064639460498FFF7BF
:101C4000A6FA4946054600F13008049801F09EF8CE
:101C5000324600903946204601F0B2F8C368024689
:101C600003BB01460890049801F090F8089A0346D7
:101C700011462046089300F069FE089BA3B9069A16
:101C800092B9079A82B9B8F1390F29D0009B002B7D
:101C900001DD05F13108059B5D1C83F8008082E7BA
:101CA0003046C2E70123E3E7009A002A04DB25D18E
:101CB000069A1ABB079A0ABB002BECDD0122049995
:101CC000204601F00FF83946049001F05FF8002833
:101CD00003DCE0D118F0010FDDD0B8F1390FD8D115
:101CE000059B059A5D1C3923137015F8013C392BAF
:101CF00005F1FF324FD00133137054E7059A002BE2
:101D000002F1010506DDB8F1390FE9D008F101084B
:101D1000059BC2E7029A05F8018CA5EB0B039342E1
:101D200021D000230A220499204600F026FEB14566
:101D300004904FF000034FF00A024946204605D1B7
:101D400000F01BFE81460646059576E700F015FE7D
:101D50003146814600230A22204600F00EFE064648
:101D6000F2E74FF0000901220499204600F0BAFF83
:101D70003946049001F00AF80028B6DC02D118F0C8
:101D8000010FB2D115F8013C302B05F1FF327FF481
:101D90000AAF1546F6E7934505D131230AF1010A4A
:101DA0008BF80030FFE615469FE7DFF864B007E0E8
:101DB000219BDFF860B01BB10BF10803219A13607F
:101DC000584617B0BDE8F08F069B012B7FF735AE64
:101DD0000E9B079349E6029B002B03DC069B022B1C
:101DE0003FF7CCAE5D4639460498FFF7D0F900F1D5
:101DF000300805F8018B029AA5EB0B039A42B0DD7F
:101E000000230A220499204600F0B7FD0490EAE777
:101E100068370100198901008A892DE9F0410546DA
:101E200010070C4658D44B68002B05DC0B6C002BBC
:101E300002DC0020BDE8F081E66A002EF9D0002324
:101E400012F480522F68216A2B6032D0606DA38912
:101E50005A0705D56368C01A636B0BB1236CC01AAF
:101E600000230246E66A216A2846B047431CA3893C
:101E700006D129681D2948D8294ACA40D60744D521
:101E800000226260D9042269226004D5421C01D17B
:101E90002B6803B96065616B2F600029C9D004F11C
:101EA0004403994202D02846FDF75AF900206063A6
:101EB000C0E701232846B047411CC8D12B68002B3E
:101EC000C5D01D2B01D0162B01D12F60B1E7A389FE
:101ED00043F04003A381ADE70F69002FA9D093071A
:101EE0000E6808BF4B690F6018BF0023A6EB0708F8
:101EF0008B60B8F1000F9CDD43463A46216AA66A22
:101F00002846B047002806DCA38943F04003A3819C
:101F10004FF0FF308EE70744A8EB0008E9E700BF69
:101F20000100402038B50B6905460C46DBB118B1FD
:101F300083690BB900F060F80C4B9C4209D16C68C6
:101F4000B4F90C307BB121462846BDE83840FFF794
:101F500063BF074B9C4201D1AC68F1E7054B9C4243
:101F600008BFEC68ECE7002038BD00BF48890100DD
:101F70006889010028890100002310B50446C0E9E2
:101F80000033836081814366C281C0E90433836189
:101F9000194608225C30FDF7CDF8054B6362054B0E
:101FA000A362054BE362054B2462236310BD00BFAF
:101FB000593401007B340100B3340100D7340100EF
:101FC000014900F085B800BF251F010070B54A1E09
:101FD000682555430E4605F17401FDF70FF90446D7
:101FE00040B10021C0E900160C30A06005F1680284
:101FF000FDF7A0F8204670BD836910B5044633BBD9
:10200000C0E912330365124B124A1B688262984280
:1020100004BF0123836100F01FF86060204600F0D8
:102020001BF8A060204600F017F80022E0600421B1
:102030006068FFF7A1FF01220921A068FFF79CFF5C
:1020400002221221E068FFF797FF0123A36110BD70
:1020500078870100C11F0100F8B51B4B1E68B369EA
:10206000074613B93046FFF7C7FF4836D6E90134B3
:10207000013B03D5336833B13668F7E7B4F90C5048
:102080006DB16834F4E704213846FFF79FFF3060F4
:102090000028F1D10C233B6004462046F8BD0B4BD1
:1020A0006566C4E90055A560C4E90335C4E9055572
:1020B0000822294604F15C00FDF73CF8C4E90D55FF
:1020C000C4E91255E9E700BF788701000100FFFF6E
:1020D0002DE9F8438046894600F14804002614B9EA
:1020E0003046BDE8F883D4E90175013F01D5246885
:1020F000F5E7AB89012B07D9B5F90E30013303D0D1
:1021000029464046C84706436835EEE7F0B50669FC
:102110004B119E4200F1140430DD11F01F0104EB5D
:10212000860604EB830208D12146B2420B4611D247
:1021300052F8043B41F8043BF7E754F82350C1F14F
:10214000200CCD4004322346B24217460CD31D600A
:1021500005B104331A1BA3424FEAA20208BF0023B1
:10216000026108BF4361F0BD3F6807FA0CF73D43C9
:1021700043F8045B52F8045BCD40E5E72346E9E70A
:10218000A0F13003092B02D82038C0B27047A0F16B
:102190006103052B01D84738F7E7A0F14103052B70
:1021A00001D82738F1E7002070472DE9F04F8BB0B8
:1021B0008A46029016980693904600F0CDFA03687E
:1021C00003931846FEF745F8039B019003444FF034
:1021D000000B13F8013C0793DAF8003002331F4676
:1021E00013F8010B30286CD0FFF7CAFF0446002813
:1021F0006AD1019A03993846FEF733F8002866D170
:10220000019BF85CFE18FFF7BBFF002862D0334645
:10221000187830281F4603F10103F9D0FFF7B0FF0B
:10222000B0FA80F56D0934464FF0010B3A46164678
:1022300001323078FFF7A4FF0028F8D1019A039902
:102240003046FEF70EF850B954B9019BF4182246F7
:10225000164601323078FFF793FF0028F8D10CB111
:10226000A41BA4003378502B01D0702B40D173787D
:102270002B2B31D02D2B33D0711C4FF00009087857
:10228000FFF77EFF431EDBB2182B31D8A0F11002FE
:1022900011F8010FFFF774FF431EDBB2182B22D990
:1022A000B9F1000F00D052421444CAF800100DB327
:1022B000BBF1000F0CBF0627002738460BB0BDE866
:1022C000F08F0BF1010B8AE700252C46AEE73E4666
:1022D0000125C7E70446FBE74FF00009B11CCEE734
:1022E0004FF00109FAE70A2303FB0202103ACFE795
:1022F0003146DAE7F31B013B2946072B49DC0298FC
:1023000000F0F0FA019B00F114094FF0000BC3F14B
:1023100001030546CDF81090DA460893B7423BD347
:10232000049840F804ABA0EB090080102861470135
:10233000504600F09BFBD8F800603F1AB74264DDBE
:10234000BF1B3946284600F0ABFE824678B17B1EA3
:10235000591103F01F024FF0010A59F821100AFA2F
:1023600002F20A4203D0534546DC4FF0020A3946D6
:102370002846FFF7CBFE3C44D8F80830A34252DA97
:102380002946029800F0E2FA149A00231360A3276A
:1023900093E701315B10B0E7731E0593079A16F8B7
:1023A000013C934218D0BBF1200F07D1049BC3F826
:1023B00000A004334FF0000A0493D34616F8010C32
:1023C000FFF7DEFE00F00F0000FA0BF04AEA000A09
:1023D0000BF1040B059B0DE0059B089A1344BB42CF
:1023E000E1D31846019A03990993FDF73AFF099B37
:1023F0000028D8D11E4691E7B91E284600F050FEAD
:102400000028B2D04FF0030AB1E709DAF71B2946DA
:102410003A46029800F066FCE41B054600F11409F8
:102420004FF0000AA8E7D8F80400A0426ADD041BB8
:10243000A6422EDCD8F80C30022B22D0032B24D05D
:10244000012B15D1A64213D1012E0BDC069AD8F828
:102450000430136001232B61C9F80030149B6227FC
:102460001D602AE7711E284600F01AFE0028EDD1F3
:102470002946029800F06AFA149A00231360502744
:102480001BE7159B002BE1D0F2E7159B002BDDD15C
:10249000EEE7671EBAF1000F31D127B13946284661
:1024A00000F0FEFD82467A11012307F01F0703FAB0
:1024B00007F759F8223021461F42284618BF4AF034
:1024C000020A361BFFF722FED8F804400227BAF1B1
:1024D000000F48D0D8F80C30022B15D0032B17D0A2
:1024E000012B09D11AF0020F06D0D9F800304AEAC0
:1024F000030A1AF0010F0ED147F0100733E04FF036
:10250000010AD0E70127E2E7159BC3F10103159308
:10251000159B002BF0D0D5F8109005F114034FEA6D
:10252000890A03EB0A014FF0000C184653F8042BFC
:10253000B2F1FF3F1CD001320260022F05F11403FB
:1025400038D1D8F80020013AB2420AD171110122E3
:1025500006F01F0653F8213002FA06F61E4218BF95
:10256000174647F02007149B1D60069B1C60A4E6DD
:10257000994243F804CCD8D8AB68994512DB696816
:102580000298013100F0AEF92A69023205F10C011E
:10259000834692000C30FCF7A9FD2946029800F012
:1025A000D5F95D462B695A1C05EB83032A6101228C
:1025B0005A61C2E72A694A450BDD01212846FFF727
:1025C000A5FDD8F808300134A342FFF6D9AE0127A3
:1025D000C7E716F01F06FAD09A44C6F120065AF84B
:1025E000040C00F043FAB042E7DBF0E7C2F1080266
:1025F000920070B5C2F120064368046803FA06F53C
:102600002C43D340046040F8043F8842F4D370BDAB
:1026100030B50368013311F8014B14B90360012090
:1026200030BD13F8012BA2F14105192D98BF2032BE
:10263000A242F0D00020F3E72DE9F04F0B680168CB
:102640005F1102EB870713F01F0387B018BF043731
:1026500000253E1F82469046019347F8045CB14630
:1026600034460295AB464A784B1C039342B310465E
:1026700005910492FFF784FD002843D1049A05993F
:10268000202A18D8029B9B4513DD4C4506D2072D06
:1026900004DC2A4649462046FFF7A8FF444544D9B2
:1026A0000023A4F1040944F8043CCDF808B04C46DA
:1026B0001D460399D7E7292A4AD10231CAF80010EA
:1026C000BBF1000F44D04C4506D2072D04DC2A464E
:1026D00049462046FFF78AFF444528D9434654F827
:1026E000042B43F8042BA642F9D2002243F8042B12
:1026F0009E42FBD233681BB9464527D10123336084
:10270000052026E00135082D0BF1010B06DD4445BF
:10271000CFD9002344F8043C0125043C226800F092
:102720000F0040EA02102060C3E70825C1E7019BC3
:10273000002BDFD04FF0FF32C3F1200322FA03F366
:1027400057F8042C1A4047F8042CD3E7043ED1E78D
:10275000042007B0BDE8F08FF0307047044B1B68D1
:10276000186A044B002808BF1846F030704700BFB5
:1027700098000020FC00002070B50E46B1F90E1044
:10278000002996B014461D4607DA00232B60B38952
:102790001A0610D44FF480630EE06A4600F0C2FEC1
:1027A0000028F2DB019A02F47042A2F500535A426B
:1027B0005A412A60EEE740230020236016B070BD26
:1027C0008B8973B59D0706460C4607D504F1470370
:1027D000236023610123636102B070BD01AB6A46CF
:1027E000FFF7CAFF009905463046FCF707FD48B9D8
:1027F000B4F90C309A05EFD423F0030343F002033D
:10280000A381E3E70D4BB362A389206043F080030B
:10281000A381009B6361019B20615BB1B4F90E1041
:10282000304600F091FE28B1A38923F0030343F062
:102830000103A381A3891D43A581CDE7C11F010029
:1028400001F0FF01102A2BDB10F0070F08D010F861
:10285000013B013A8B422DD010F0070F42B3F6D165
:10286000F0B441EA012141EA014122F007047FF07E
:1028700000070023F0E80256083C85EA010586EAD5
:10288000010685FA47F5A3FA87F586FA47F6A5FA11
:1028900087F68EB9EED1F0BC01F0FF0102F007021D
:1028A00032B110F8013B013A83EA010313B1F8D1C8
:1028B0000020704701387047002D06BF35460338A9
:1028C000073815F0010F07D1013015F4807F02BFE2
:1028D000013015F4C03F0130F0BC0138704700BF33
:1028E0007047704770B5456A04460E463DB91020E2
:1028F000FCF7DAFB6062C0E901550560C560656AF6
:10290000EB6883B1636ADB6853F82600B8B901212C
:1029100001FA06F56A1D92002046FCF713FC60B12F
:10292000C0E901650EE0212204212046FCF70AFCE3
:10293000636AE860DB68002BE4D1002070BD0268A8
:1029400043F826200023C0E90333F7E770B5446A53
:1029500006460D463CB91020FCF7A6FB7062C0E9A4
:1029600001440460C4603DB1736A6A68DB6853F86F
:102970002210296043F8225070BD2DE9F0410D6905
:102980001F4606460C4601F1140C0023DCF800003B
:1029900081B202FB01710F0C000C02FB007089B2C6
:1029A000013301EB00419D424FEA10474CF8041BF4
:1029B000ECDCD7B1A368AB4212DC61683046013170
:1029C000FFF790FF2269023204F10C018046920069
:1029D0000C30FCF78BFB21463046FFF7B7FF44462F
:1029E00004EB850301355F6125612046BDE8F08178
:1029F0002DE9F8430C4615461F46092208330646C2
:102A000093FBF2F3002101229A4220DB3046FFF7CC
:102A100069FF089B4361092D4FF00103036119DD34
:102A200004F10908C1462C4419F8013B0146303B2A
:102A30000A223046FFF7A1FFA145F5D108EB0504B6
:102A4000083C2D1B6319BB4207DBBDE8F88352002D
:102A50000131D9E70A340925F3E714F8013B0146AF
:102A6000303B0A223046FFF788FFEBE7020C1204E6
:102A70000346B2B90304102013F07F4F04BF1B02BA
:102A8000083013F0704F04BF1B01043013F0404FA7
:102A900004BF9B000230002B06DB5B0003D5013036
:102AA00070470020E8E720207047036813F0070212
:102AB00001460BD0DA0723D4980749BF5B089B086F
:102AC00001200B605CBF0B600220704798B2A8B970
:102AD0001B0C102013F0FF0F04BF1B0A08301A074D
:102AE00004BF1B0904309A0704BF9B080230DA07B1
:102AF00002D45B0806D001300B6070471046E9E74E
:102B0000002070472020704710B50C460121FFF7C8
:102B1000E9FE01224461026110BD2DE9F74F144620
:102B20000A6923699A42B8BF0B468846BCBFA046D3
:102B30001C46D8F81070D4F81090D8F80830D8F89F
:102B4000041007EB0906B342B8BF0131FFF7CAFE14
:102B500000F1140505EB860E2B460022734516D3B3
:102B600004F1140208F1140102EB890301EB870759
:102B70000093009B019293420CD8002E03DD5EF877
:102B8000043D002B5DD0066103B0BDE8F08F43F833
:102B9000042BE3E7B2F800B0BBF1000F23D0894665
:102BA000AC464FF0000859F8044BDCF800A0A3B283
:102BB0001FFA8AFA0BFB03A34FEA144ADCF8004021
:102BC00043444FEA14480BFB0A8404EB1344E246E7
:102BD0009BB243EA04434F454FEA14484AF8043B8A
:102BE0002BD8CCF80480019BB3F802A00432BAF1D0
:102BF000000F20D02B688946A8464FF0000BB9F88B
:102C000000C0B8F802400AFB0C445C44C4469BB2C6
:102C100043EA04434CF8043B59F8043BB8F804B0C9
:102C20001B0C0AFB03B303EB14434F454FEA134B52
:102C300005D8C8F8043004359BE7D446B3E7E0462E
:102C4000DDE7013E99E700002DE9F843154612F053
:102C5000030206460F4607D0013A214C002354F8E0
:102C60002220FFF78AFE0746AD1035D0746A3CB9C2
:102C70001020FCF719FA7062C0E901440460C460D6
:102C8000D6F82480D8F808404CB940F2712130467B
:102C9000FFF73AFF0023C8F80800044603604FF02E
:102CA0000008EB070AD5394622463046FFF735FFC4
:102CB000394681463046FFF749FE4F466D100BD02E
:102CC000206838B9224621463046FFF726FF2060AB
:102CD000C0F800800446E4E73846BDE8F88300BF4A
:102CE000788A01002DE9F0470C464FEA621A236901
:102CF00049680AEB0309A3680746164609F101056E
:102D0000AB4232DB3846FFF7EDFD0023804600F191
:102D100014011A4653452BDB20692AEAEA7A04F1AA
:102D2000140316F01F0201EB8A0103EB800C25D07F
:102D3000C2F1200E00201E688A46964030434AF8B1
:102D4000040B53F8040B9C4520FA0EF014D848608D
:102D500008B109F10205013D3846C8F81050214676
:102D6000FFF7F4FD4046BDE8F08701315B00C7E79F
:102D700041F823200133CDE75146DCE7043953F80D
:102D8000042B41F8042F9C45F9D8E4E703690A694C
:102D90009B1A30B50CD192001430143184181144B0
:102DA00054F8045D51F8042D954203D005D3012356
:102DB000184630BDA042F3D3FAE74FF0FF33F7E7F0
:102DC0002DE9F0470D460746114628461446FFF701
:102DD000DDFF061E08D131463846FFF783FD01238B
:102DE000C0E90436BDE8F087A4BF23462C46384628
:102DF0006168A6BF1D4600260126FFF773FD2B69FB
:102E0000C660266905F1140904F1140202EB860775
:102E100009EB830800F114054FF0000E52F804ABE3
:102E200059F8044B1EFA8AF1A3B2C91A230CC3EB5A
:102E30001A4303EB214389B24FEA234EC84541EAC6
:102E40000343944645F8043BE8D8BC4504D355F801
:102E5000043D83B10661C5E75CF8041B1EFA81F3EB
:102E60001A1402EB11429BB243EA02434FEA224E8C
:102E700045F8043BE9E7013EE9E70000124B10EE9C
:102E8000902A1A40A2F15073002B04DD002019464D
:102E900041EC100B70475B421B15132B4FF00000E9
:102EA0004FF0000104DC4FF4002242FA03F1EFE797
:102EB000143B1E2B4FF00102DABFC3F11F0302FACD
:102EC00003F313461846E3E70000F07FF8B5056901
:102ED00000F1140707EB85052E1F55F8044C20461A
:102EE000FFF7C4FDC0F120030A280B60DFF874C0AF
:102EF00014DCC0F10B0E24FA0EF1B74241EA0C03C8
:102F000034BF55F8081C0021153004FA00F021FAEE
:102F10000EF140EA010243EC102BF8BDB7423ABF74
:102F2000A5F1080655F8081C00210B3815D084407F
:102F3000C0F1200544F07F5444F44014BE4221FA0D
:102F400005FC44EA0C038CBF56F8044C002401FA3B
:102F500000F0EC4040EA0402DDE744EA0C030A46D4
:102F6000D9E700BF0000F03F2DE9F7430E460121ED
:102F700059EC108B1546FFF7B5FCC9F30A54074608
:102F8000C9F3130334BB0193B8F1000327D002A89F
:102F900040F8083DFFF789FD0099F0B1019AC0F1B2
:102FA000200302FA03F30B43C2407B610192019BB1
:102FB000BB61002B14BF022101213961C4B1A4F20D
:102FC000334404443460C0F135002860384603B00F
:102FD000BDE8F08343F48013D5E77961E7E701A802
:102FE000FFF763FD019B7B61012139612030E5E73B
:102FF00007EB8103A0F2324030601869FFF736FD1D
:10300000C0EB4110E1E72DE9F74F8846694681465C
:10301000FFF75CFF01A9404657EC106BFFF756FF26
:10302000D9F81030D8F81020A3EB020CDDE90032FB
:103030009B1A03EB4C135BEC10AB002BCEBF3A4654
:10304000C3EB03335A4659463D46D4BF02EB035106
:1030500002EB0355304610EE102A0B462946FBF7CB
:103060001FFC41EC100B03B0BDE8F08F013910B527
:1030700049111469013102F1140300EB810103EBE2
:103080008404A342024603D300238A4205D310BD21
:1030900053F8042B40F8042BF3E742F8043BF4E721
:1030A00000F1140200694B11984210B511DB0ADDE2
:1030B00011F01F0107D052F8234024FA01F000FA62
:1030C00001F18C420BD102EB8303934203D8002021
:1030D00010BD0346F7E753F8041D0029F5D0012081
:1030E000F6E7F8B5074614460E4621B91146BDE885
:1030F000F840FCF783B822B9FCF732F82546284699
:10310000F8BD00F043FAA0420FD221463846FCF742
:1031100075F805460028F2D031462246FBF7E6FF57
:1031200031463846FCF71CF8E9E73546E7E72DE974
:10313000F0478E689E4282460C469046994637D8A4
:103140008A8912F4906F31D0256809696F1A656910
:10315000022305EB450595FBF3F509F101033B441B
:103160009D4238BF1D46530530D52946FCF746F829
:10317000064650B90C23CAF80030A38943F0400337
:10318000A3814FF0FF30BDE8F0873A462169FBF795
:10319000ADFFA38923F4906343F08003A3812661EC
:1031A00065613E44ED1B2660A5604E464E4500D944
:1031B0004E46324641462068FBF7A3FFA3689B1B9F
:1031C000A36023681E4426600020DCE72A46FFF740
:1031D00088FF06460028E2D121695046FBF7C0FF70
:1031E000C8E700002DE9F04F9DB0804603938B891E
:1031F0001D060C4616460FD50B696BB94021FBF72F
:10320000FDFF2060206128B90C23C8F800304FF082
:10321000FF30C7E0402363610023099320238DF82A
:10322000293030238DF82A304FF0010B37463D46C8
:1032300015F8013B0BB1252B3ED1B7EB060A0BD09D
:103240005346324621464046FFF771FF013000F0F9
:10325000A480099B534409933B78002B00F09D8088
:1032600000234FF0FF32CDE90523049307938DF837
:1032700053301A932F46052217F8011B4F48FFF7CA
:10328000DFFA049BD0B9D90644BF20228DF8532021
:103290001A0744BF2B228DF853202A782A2A15D0EA
:1032A000079A2F4600200A25394611F8013B303B8A
:1032B000092B4DD9B8B10FE02F46B8E73F4A801A25
:1032C0000BFA00F0184304903D46D3E7039A111D12
:1032D00012680391002A01DB079204E0524243F096
:1032E0000203079204933B782E2B0CD17B782A2B78
:1032F00033D1039B1A1D1B680392002BB8BF4FF0FC
:10330000FF33023705932E4D397803222846FFF705
:1033100097FA38B14023401B03FA00F0049B0343A3
:1033200001370493397827488DF8281006227E1C2F
:10333000FFF786FA002838D0234B13BB039B0733D3
:1033400023F0070308330393099B4B4409936DE76C
:1033500005FB023201200F46A6E700230137059343
:1033600019460A25384610F8012B303A092A03D9A4
:10337000002BC8D00591C6E705FB012101230746B4
:10338000F0E703AB00932246104B04A94046FCF73C
:1033900061F9B0F1FF3F8146D6D1A3895B063FF5C5
:1033A00036AF09981DB0BDE8F08F03AB00932246FD
:1033B000064B04A94046FCF703FCEAE784870100BA
:1033C0008A8701008E87010055F600002F31010029
:1033D0001F2938B504460D4604D9162303604FF063
:1033E000FF3038BD426C12B152F821304BB9204643
:1033F00000F030F82A4601462046BDE8384000F08B
:1034000017B8012B0AD0591C03D1162303600120E1
:10341000E7E7002442F82540284698470020E0E7E7
:10342000024B01461868FFF7D3BF00BF9800002089
:1034300038B5074C0023054608461146236000F0C6
:10344000DFF8431C02D1236803B12B6038BD00BFF5
:103450003828002000F0C4B810B50C46B1F90E10A1
:1034600000F09CF80028ABBF636DA3891B1823F400
:103470008053ACBF6365A38110BD2DE9F0411F46A9
:103480008B89DB0505460C46164605D5022300222E
:10349000B1F90E1000F068F8A389B4F90E1023F406
:1034A0008053A38132463B462846BDE8F04100F0F8
:1034B00017B810B50C46B1F90E1000F055F8431CC2
:1034C000A38915BF606523F4805343F48053A3811F
:1034D00018BFA38110BDB1F90E1000F013B80000A1
:1034E00038B5074C054608461146002222601A46A8
:1034F000F8F77CFB431C02D1236803B12B6038BD75
:103500003828002038B5064C0023054608462360BD
:1035100000F056F8431C02D1236803B12B6038BD7C
:103520003828002038B5074C0023054608461146C8
:10353000236000F04DF8431C02D1236803B12B60D7
:1035400038BD00BF3828002038B5064C002305469A
:103550000846236000F04CF8431C02D1236803B1F5
:103560002B6038BD3828002038B5074C0546084682
:103570001146002222601A4600F04AF8431C02D18C
:10358000236803B12B6038BD3828002051F8043C73
:10359000181F002BBCBF0B58C018704738B5074C1C
:1035A000054608461146002222601A4600F038F807
:1035B000431C02D1236803B12B6038BD382800209A
:1035C000024B58221A604FF0FF3070473828002015
:1035D000024B58221A604FF0FF3070473828002005
:1035E000024B58221A604FF0FF30704738280020F5
:1035F000024B58221A600020704700BF3828002074
:10360000024B58221A604FF0FF30704738280020D4
:10361000024B58221A604FF0FF30704738280020C4
:10362000024B58221A604FF0FF30704738280020B4
:10363000FEE700BFF8B500BFF8BC08BC9E46704767
:10364000F8B500BFF8BC08BC9E4670474F46462000
:1036500020000000000054485361726162756E5092
:10366000534B333000E0B89BE0B8A3E0B8B4E0B807
:10367000A1E0B8B2E0B893E0B898E0B8B2E0B8958D
:10368000E0B8B8E0B8ADE0B8B2E0B8ABE0B8B2E0EE
:10369000B8A3E0B8ABE0B8A5E0B8B1E0B881E0B954
:1036A00083E0B899E0B894E0B8B4E0B899005072FB
:1036B000696D61727920536F696C204E75747269FF
:1036C000656E7473004E504B204C6576656C204DD2
:1036D0006574657220312E303200E0B984E0B8990B
:1036E000E0B982E0B895E0B8A3E0B980E0B888E03E
:1036F000B899004E6974726F67656E004E203A008B
:103700006D672F6B6700E0B89FE0B8ADE0B8AAE046
:10371000B89FE0B8ADE0B8A3E0B8B1E0B8AA0050F7
:10372000686F7370686F7275730050203A00E0B96B
:1037300082E0B89EE0B981E0B897E0B8AAE0B9802D
:10374000E0B88BE0B8B5E0B8A2E0B8A100506F7463
:1037500061737369756D004B203A00544853617270
:103760006162756E50534B323000E0B88AE0B8B5F4
:10377000E0B8A7E0B8B020E0B897E0B8B1E0B8A8EA
:10378000E0B899E0B8B20043686577612054686199
:103790007373616E6100414934442041475249507E
:1037A000485953494353004F4E004F464600427517
:1037B00074746F6E20412050726573736564202DA0
:1037C0003E20526564204C45443A20004275747492
:1037D0006F6E20422050726573736564202D3E2009
:1037E000477265656E204C45443A200042757474FA
:1037F0006F6E20432050726573736564202D3E20E8
:10380000426C7565204C45443A200031312F3035EB
:103810002F3230323400253032643A253032643A67
:103820002530326400524544202000475245454E21
:1038300000424C55452000414C4C2020004D554C39
:1038400054490025346C75005B4E504B5D202300BD
:10385000204E3D0020503D00204B3D00206D672F45
:103860006B67207C204247523A20002C00207C20AD
:103870004C45443A20005344206361726420696ED1
:10388000697469616C697A6174696F6E20737563BC
:103890006365737366756C21004E504B2E7478749B
:1038A0000054696D652C622C672C722C4E2C502CA8
:1038B0004B005344206361726420696E69746961CE
:1038C0006C697A6174696F6E206661696C656420E9
:1038D0006F72206E6F7420696E73657274656421F7
:1038E00000466F756E6420544353333437323520AD
:1038F00073656E736F72004E6F20544353333437C9
:10390000323520666F756E64202E2E2E206368651A
:10391000636B20636F6E6E656374696F6E73002FE7
:1039200054485361726162756E50534B33302E763A
:103930006C77005468616920666F6E742054485338
:1039400061726162756E50534B333020666F756ED5
:103950006421000000000000000000008950000009
:10396000E14E0000DD4E0000154F0000314F000019
:1039700047510000174F0000705F736572636F6DF1
:1039800020213D204E554C4C002F55736572732FEE
:1039900063686577617468617373616E612F4C69E8
:1039A00062726172792F41726475696E6F31352F61
:1039B0007061636B616765732F53656565647569D5
:1039C0006E6F2F68617264776172652F73616D64C9
:1039D0002F312E382E362F6C6962726172696573D1
:1039E0002F5350492F5350492E6370700053504944
:1039F000436C6173733A3A535049436C6173732853
:103A0000534552434F4D2A2C2075696E74385F74AC
:103A10002C2075696E74385F742C2075696E74384B
:103A20005F742C20536572636F6D537069545850E6
:103A300061642C20536572636F6D52585061642924
:103A400000000000795E0000A95600004D5B0000F8
:103A50006D5D0000795700000000211042206330A6
:103A60008440A550C660E770088129914AA16BB1D6
:103A70008CC1ADD1CEE1EFF131121002733252227E
:103A8000B5529442F772D662399318837BB35AA326
:103A9000BDD39CC3FFF3DEE362244334200401144E
:103AA000E664C774A44485546AA54BB52885099576
:103AB000EEE5CFF5ACC58DD553367226111630061E
:103AC000D776F6669556B4465BB77AA719973887C6
:103AD000DFF7FEE79DD7BCC7C448E5588668A778DE
:103AE0004008611802282338CCC9EDD98EE9AFF916
:103AF000488969990AA92BB9F55AD44AB77A966ABE
:103B0000711A500A333A122AFDDBDCCBBFFB9EEB65
:103B1000799B588B3BBB1AABA66C877CE44CC55C8D
:103B2000222C033C600C411CAEED8FFDECCDCDDDB5
:103B30002AAD0BBD688D499D977EB66ED55EF44E5D
:103B4000133E322E511E700E9FFFBEEFDDDFFCCF05
:103B50001BBF3AAF599F788F8891A981CAB1EBA159
:103B60000CD12DC14EF16FE18010A100C230E320D5
:103B70000450254046706760B9839893FBA3DAB37D
:103B80003DC31CD37FE35EF3B1029012F322D23225
:103B90003542145277625672EAB5CBA5A89589854D
:103BA0006EF54FE52CD50DC5E234C324A014810475
:103BB0006674476424540544DBA7FAB79987B8971D
:103BC0005FE77EF71DC73CD7D326F2369106B016C5
:103BD00057667676154634564CD96DC90EF92FE9DD
:103BE000C899E9898AB9ABA9445865480678276815
:103BF000C018E1088238A3287DCB5CDB3FEB1EFBBD
:103C0000F98BD89BBBAB9ABB754A545A376A167A64
:103C1000F10AD01AB32A923A2EFD0FED6CDD4DCD8C
:103C2000AABD8BADE89DC98D267C076C645C454CB4
:103C3000A23C832CE01CC10C1FEF3EFF5DCF7CDF5C
:103C40009BAFBABFD98FF89F176E367E554E745E04
:103C5000932EB23ED10EF01E0009121B242D363FCA
:103C600048415A536C657E7719100B023D342F265C
:103C70005158434A757C676E323B2029161F040D4C
:103C80007A7368615E574C452B2239300F061D143C
:103C9000636A7178474E555C646D767F4049525B2C
:103CA0002C253E3708011A137D746F6659504B421C
:103CB000353C272E1118030A565F444D727B60690C
:103CC0001E170C053A3328214F465D546B627970FC
:103CD000070E151C232A31384148535A656C777EEC
:103CE00009001B122D243F3658514A437C756E67DC
:103CF0001019020B343D262F737A6168575E454CCC
:103D00003B3229201F160D046A6378714E475C55BB
:103D1000222B3039060F141D252C373E0108131AAB
:103D20006D647F7649405B523C352E2718110A039B
:103D3000747D666F5059424B171E050C333A21288B
:103D40005F564D447B7269600E071C152A2338317B
:103D5000464F545D626B7079000000000000000067
:103D6000FD6000002F610000DD4E00004D6100008D
:103D7000136100007162000059610000C700FC007F
:103D8000E900E200E400E000E500E700EA00EB0003
:103D9000E800EF00EE00EC00C400C500C900E6003A
:103DA000C600F400F600F200FB00F900FF00D600A8
:103DB000DC00A200A300A500A7209201E100ED0015
:103DC000F300FA00F100D100AA00BA00BF001023EE
:103DD000AC00BD00BC00A100AB00BB00912592254A
:103DE0009325022524256125622556255525632521
:103DF000512557255D255C255B2510251425342587
:103E00002C251C2500253C255E255F255A2554259B
:103E100069256625602550256C256725682564255C
:103E2000652559255825522553256B256A251825C2
:103E30000C25882584258C2590258025B103DF005D
:103E40009303C003A303C303B500C403A6039803ED
:103E5000A903B4031E22C603B50329226122B100BF
:103E60006522642220232123F7004822B000192272
:103E7000B7001A227F20B200A025A00061001A031B
:103E8000E0001703F8000703FF00010078010001BC
:103E9000300132010601390110014A012E01790178
:103EA000060180014D0043028101820182018401EB
:103EB000840186018701870189018A018B018B01B9
:103EC0008D018E018F019001910191019301940167
:103ED000F60196019701980198013D029B019C0112
:103EE0009D0120029F01A001A001A201A201A40145
:103EF000A401A601A701A701A901AA01AB01AC0178
:103F0000AC01AE01AF01AF01B101B201B301B30128
:103F1000B501B501B701B801B801BA01BB01BC01D7
:103F2000BC01BE01F701C001C101C201C301C4014E
:103F3000C501C401C701C801C701CA01CB01CA013B
:103F4000CD011001DD0101008E01DE011201F3013E
:103F50000300F101F401F401F80128012202120129
:103F60003A020900652C3B023B023D02662C3F02EF
:103F700040024102410246020A015302400081010F
:103F80008601550289018A0158028F015A02900167
:103F90005C025D025E025F029301610262029401B3
:103FA0006402650266026702970196016A02622C4A
:103FB0006C026D026E029C01700271029D0173021F
:103FC00074029F0176027702780279027A027B02FC
:103FD0007C02642C7E027F02A60181028202A9017A
:103FE0008402850286028702AE014402B101B20159
:103FF00045028D028E028F0290029102B7017B036F
:104000000300FD03FE03FF03AC03040086038803E3
:1040100089038A03B1031103C2030200A303A303AC
:10402000C4030803CC0303008C038E038F03D8035F
:104030001801F2030A00F903F303F403F503F6038E
:10404000F703F703F903FA03FA03300420035004DB
:104050001007600422018A043601C1040E01CF0456
:104060000100C004D00444016105260400007D1D48
:104070000100632C001E9601A01E5A01001F0806B5
:10408000101F0606201F0806301F0806401F0606E0
:10409000511F0700591F521F5B1F541F5D1F561FE2
:1040A0005F1F601F0806701F0E00BA1FBB1FC81FCE
:1040B000C91FCA1FCB1FDA1FDB1FF81FF91FEA1F1A
:1040C000EB1FFA1FFB1F801F0806901F0806A01F8A
:1040D0000806B01F0400B81FB91FB21FBC1FCC1FB9
:1040E0000100C31FD01F0206E01F0206E51F0100EA
:1040F000EC1FF21F0100FC1F4E2101003221702134
:104100001002842101008321D0241A05302C2F04B1
:10411000602C0201672C0601752C0201802C6401C1
:10412000002D260841FF1A03000066665F6469736C
:104130006B696F5F72656769737465720070647232
:1041400076203C205F564F4C554D4553002F5573FC
:104150006572732F63686577617468617373616EEC
:10416000612F446F63756D656E74732F4172647552
:10417000696E6F2F6C69627261726965732F536526
:104180006565645F41726475696E6F5F46532F7336
:1041900072632F66617466732F6469736B696F2E27
:1041A0006300696D706C20213D204E554C4C0080A1
:1041B0009A45418E418F804545454949498E8F90AA
:1041C00092924F994F555559999A9B9C9D9E9F410C
:1041D000494F55A5A5A6A7A8A9AAABACADAEAFB04F
:1041E000B1B2B3B4B5B6B7B8B9BABBBCBDBEBFC047
:1041F000C1C2C3C4C5C6C7C8C9CACBCCCDCECFD037
:10420000D1D2D3D4D5D6D7D8D9DADBDCDDDEDFE026
:10421000E1E2E3E4E5E6E7E8E9EAEBECEDEEEFF016
:10422000F1F2F3F4F5F6F7F8F9FAFBFCFDFEFF0105
:10423000030507090E10121416181C1EEB76904584
:104240005846415420202000222A3A3C3E3F7C7FA1
:10425000002B2C3B3D5B5D00E0FF000000F8000000
:10426000E0070000000000001F000000EF03000056
:104270001FF8000000000000000000000000000027
:10428000000000000000004040404040404040002E
:10429000400000000000A0A0A000000000000000FE
:1042A00000000000000000242424FF2424FF242414
:1042B000240000000000003C42404070407040403C
:1042C000FE000000000000619192640810264989F8
:1042D00086000000000000205088885020528C8CFE
:1042E000730000000000404040800000000000001B
:1042F00000000000000C1020404080808080804042
:104300004020100C00C02010080804040404040815
:10431000081020C000000000109254385492100081
:10432000000000000000000000002020F820200015
:10433000000000000000000000000000000000C0BD
:10434000C04080000000000000000000F8000000F5
:10435000000000000000000000000000000000C09D
:10436000C000000000000404080810102020404095
:1043700080800000000000384444828282824444ED
:104380003800000000000010305010101010101005
:104390007C000000000000384482020418204080A5
:1043A000FE00000000000078840204380402028449
:1043B00078000000000000040C14244484FE04046F
:1043C00004000000000000FC808080F804020284E9
:1043D000780000000000003C408080B8C482824425
:1043E000380000000000007E0202040408081010DB
:1043F00010000000000000384482443844828244A7
:104400003800000000000038448282463A0202046C
:1044100078000000000000000000C0C000C0C00024
:1044200000000000000000000000C0C000C0C0404C
:104430008000000000000000081020408040201094
:104440000800000000000000000000F800F8000074
:1044500000000000000000008040201008102040F4
:1044600080000000000000384482020408101000A0
:10447000100000000000003C4299A5A5A5A59E40A3
:104480003E0000000000001010282844447C828276
:1044900082000000000000F8848284F88482828414
:1044A000F80000000000003C428080808080804254
:1044B0003C000000000000F88482828282828284B4
:1044C000F8000000000000FE808080FC808080807A
:1044D000FE000000000000FE808080F88080808068
:1044E000800000000000003C428080809C8282426C
:1044F0003C00000000000084848484FC8484848464
:1045000084000000000000E0404040404040404047
:10451000E0000000000000020202020202028244E7
:1045200038000000000000848890A0C0A09088841B
:104530008200000000000080808080808080808079
:10454000FC000000000000000000C180C180A280CB
:10455000A280948094808880888080808080000001
:1045600000000000000000C2C2A2A292928A8A86C5
:1045700086000000000000384482828282828244E9
:1045800038000000000000F88482828284F8808075
:1045900080000000000000384482828282828244CF
:1045A00038080600000000F884828284F89088842D
:1045B0008200000000000038448280601C028244B7
:1045C00038000000000000FE101010101010101035
:1045D0001000000000000082828282828282824477
:1045E00038000000000000828282824444282810A3
:1045F00010000000000000000000808080808080AB
:104600008880888049005500550022002200000063
:10461000000000000000008282442810102844821C
:1046200082000000000000828282442810101010D6
:1046300010000000000000FE02040810102040805E
:10464000FE0000000000E08080808080808080800C
:1046500080E0000000000404080810102020404002
:10466000808000000000E02020202020202020204A
:1046700020E00000001028440000000000000000BE
:10468000000000000000000000000000000000002A
:10469000000000000000000000000000000000001A
:1046A0000000FF000000000000000000000000000B
:1046B000000000000000006090906000000000001A
:1046C00000000000000000000000700804748C8CE2
:1046D00074000000000000008080B0C8848484C89A
:1046E000B0000000000000000000384480808044DA
:1046F00038000000000000000404344C8484844C22
:1047000034000000000000000000384484F88044B9
:10471000380000000000003048404040E040404089
:1047200040000000000000000000304C8484844CF5
:1047300034040870000000808080B0C884848484C1
:104740008400000000000000400040404040404025
:104750004000000000000000100030101010101089
:10476000101090600000008080808890A0C0A09011
:1047700088000000000000C04040404040404040F1
:1047800040000000000000000000ACD29292929223
:1047900092000000000000000000B0C884848484FF
:1047A000840000000000000000003844828282443F
:1047B00038000000000000000000B0C8848484C8F5
:1047C000B0808080000000000000344C8484844C61
:1047D00034040406000000000000B0C8808080801F
:1047E00080000000000000000000708880700888D1
:1047F00070000000000000004040E04040404040A9
:104800003000000000000000000084848484844C98
:1048100034000000000000000000828282824428F0
:10482000100000000000000000008282829292AA24
:1048300044000000000000000000888850205088DC
:104840008800000000000000000084848484844C00
:1048500034040870000000000000FC0408304080B0
:10486000FC000000001020202020202040202020DC
:104870002020201000004040404040404040404048
:1048800040404000004020202020202010202020F8
:1048900020202040000000324C00000000000000FA
:1048A0000000000000003048483000000000000018
:1048B000000000007F010A810581058105810581D5
:1048C00005810581058105810581058105810581B8
:1048D0001581058105813A098001800380018003EB
:1048E00080018003800180038001800380018003B8
:1048F0008001807F112E8101810C8002800D800259
:10490000800C8101810C8002800D800280088D085E
:104910008002800D8002800D800280088D08800258
:10492000800D8002800C8101810C8002800D80024C
:10493000800C8101817F0D1F85058903820382021E
:104940008107810181078101810B820B810A870721
:10495000810B810B810B810A810B860280018B0107
:10496000810483632D82078105860580068102818B
:10497000048105810481028106810481028007810E
:1049800004810181088102810280098601800C82F4
:10499000028102820C8001860980028102810881E5
:1049A00001810481078002810481068102810481E2
:1049B00005810481028106800586058107820780C2
:1049C0007F0C15840A860882028207810481078190
:1049D000048107810382088101820A840A830B858E
:1049E00003810382018202810282038201810281AA
:1049F000058403810683038107810482048503887B
:104A00000182038504827606820282028204800388
:104A1000810281740D8105800581058005810581F4
:104A20000581048105810581058105810581058157
:104A30000581058105810681058105810680068144
:104A400006800681070781068006810680068105AB
:104A50008105810681058105810581058105810525
:104A60008105810581058104810581058105800518
:104A700081058005810D10810981098106800181F0
:104A800001800289038506830681018104820182F7
:104A9000048003807F365381078107810487018763
:104AA0000481078107816771820382038205800484
:104AB000810480048117588501856871820382030F
:104AC00082320D8105810580058105810580058182
:104AD00005810580058105810580058105810580A9
:104AE000058105810580058105812D2083078704C7
:104AF000830183038105810282058201810781018F
:104B0000810781018107810181078101810781017D
:104B1000810781018107810182058202810581036C
:104B2000830183048707836622810B810A820785BC
:104B300007850B810B810B810B810B810B810B8115
:104B40000B810B810B810B810B81661F850589030E
:104B50008203820282068101810781018107810B24
:104B6000810A820883078406840783088209820AEF
:104B7000810B8B018B621F85068704820382038170
:104B80000581028205810B810A82078408850B82D8
:104B90000B810181078101810781018205820282E7
:104BA0000382038905856524810A820983098308B4
:104BB00081008107810181068102810681028105D0
:104BC0008103810481048103810581038B018B09A9
:104BD000810B810B810B81641D89038903810B810A
:104BE0000B810B8100840589028303820281068286
:104BF0000B810B810B810181078101820582028279
:104C00000382038905856520840688038204810365
:104C10008106810281068101810B810184048A025F
:104C2000830382028205820181078101810781015C
:104C300081078102810582028203820488058565DD
:104C40001C8B018B0A810A8209820A810A820A81ED
:104C50000A810B810A820A810B810B810A810B81F7
:104C60000B81692083078705810381048105810306
:104C700081058103810581048103810685068704FE
:104C800082038202810781018107810181078101FD
:104C90008107810282038203890585651F85058856
:104CA00004820382028205810281078101810781DA
:104CB000018107810182058202820383028A0484C2
:104CC00001810B81018106810281068103810482B9
:104CD00003880586652B8203820382348203820364
:104CE00082322B8203820382348203820382058014
:104CF000048104800481176B82088207830782087D
:104D0000810D820D820C820C827F0C5186018613EC
:104D10008601866362820C820C830C820D8108827C
:104D20000783078208827F15108504880382038227
:104D30000182058101810681018106810982088243
:104D400008820882098109820982238209820982F4
:104D50005F21880D82068209820A8107810D810503
:104D6000810F810480068301800381028104810216
:104D70008303810281038104810481018104810410
:104D80008104810181038105810481018103810501
:104D900081048101810381048104810281038104F2
:104DA00081048102810381048103810481038102E2
:104DB0008202810581048301840781178117810B99
:104DC00081098205830D876C15830B830B830A8110
:104DD00001810981018109810181088103810781A4
:104DE000038107810381068105810581058105898C
:104DF000048B03810781038107810281098101817D
:104E00000981008209826F128A058C03810782035F
:104E1000810881038108810381088103810881035E
:104E2000810782038A058C0381078203810981023D
:104E3000810981028109810281098102810782033E
:104E40008C038A7A1786088A058304830382088183
:104E500003810A8101820A8101810F810F810F8103
:104E60000F810F810B8101820A81028109820282F6
:104E7000088104830483058A08867F021389078BCF
:104E800005810683048108820381098103810982E7
:104E900002810A8102810A8102810A8102810A81DA
:104EA00002810A8102810A810281098202810981CB
:104EB0000381088203810683048B05897F03118C9B
:104EC000028C02810D810D810D810D810D810D8B73
:104ED000038B03810D810D810D810D810D810D8C61
:104EE000028C70108B028B02810C810C810C810C66
:104EF000810C810C8A038A03810C810C810C810C4A
:104F0000810C810C810C81731886098A06820583C5
:104F1000048208810481098202820F81108110813C
:104F200005870281058702810B8102810B81028244
:104F30000A8103810982038207830483048405892B
:104F40000081078503807F06138109810381098120
:104F50000381098103810981038109810381098119
:104F600003810981038D038D0381098103810981F7
:104F700003810981038109810381098103810981F9
:104F80000381098103810981038109817F078103ED
:104F900081038103810381038103810381038103F1
:104FA00081038103810381038103810381038103E1
:104FB000812B15810A810A810A810A810A810A816D
:104FC0000A810A810A810A810A810181068101819F
:104FD00006810181068101820482028804865E12B4
:104FE000810882028107820381068204810582058D
:104FF000810482068103820781028208810182097D
:105000008100830987088301820782038206810564
:105010008106810582058106820481078203810859
:105020008202810982760E810A810A810A810A81BF
:105030000A810A810A810A810A810A810A810A8118
:105040000A810A810A810A8A018A5A16820A82031F
:105050008308830383088303830883038100810615
:105060008100810381008106810081038100810626
:105070008100810381018104810181038101810417
:105080008101810381018104810181038102810207
:1050900081028103810281028102810381028102F6
:1050A00081028103810381008103810381038100E7
:1050B00081038103810384038103810482048103CA
:1050C00081048204817F1413820881038208810392
:1050D00083078103840681038100810681038100A7
:1050E000820581038101820481038102810481039D
:1050F0008102820381038103820281038104810290
:10510000810381048201810381058200810381067C
:105110008100810381068403810783038108820360
:105120008108827F1886098A0683048304820882A4
:1051300003810A8102820A8201810C8101810C8132
:1051400001810C8101810C8101810C8101810C8123
:1051500001820A8202810A81038208820483048315
:10516000068A09867F0A118A048B038107820281DD
:1051700008810281088102810881028108810281FF
:105180000782028B038A04810D810D810D810D81BF
:105190000D810D810D817B1886098A0683048304A5
:1051A00082088203810A8102820A8201810C8101C4
:1051B000810C8101810C8101810C8101810C8101B3
:1051C000810C8101820680028202810582018103B5
:1051D00082058504830483068C0786018210807310
:1051E000128B048C0381088202810981028109816A
:1051F000028109810281098102810881038C038B6C
:105200000481078203810881038108820281098168
:10521000028109810281098102810981028109815A
:10522000771485078904820582038107810381073A
:10523000810381078202820D840B860B850C830D0E
:10524000820182088102810881028108810283052E
:1052500082038A0686730D9B05810B810B810B816E
:105260000B810B810B810B810B810B810B810B81DE
:105270000B810B810B810B816713810981038109EC
:1052800081038109810381098103810981038109E6
:1052900081038109810381098103810981038109D6
:1052A00081038109810381098103810981038109C6
:1052B000810382078204820582068908877F020EA5
:1052C00082088200810881018108810181088102B0
:1052D00081068103810681038106810481048105A1
:1052E0008104810581048106810281078102810791
:1052F000810281088100810981008109840A820B71
:10530000826E1682068206820081068206810181F3
:105310000682068101820481008104820281048167
:10532000008104810381048100810481038104815F
:105330000081048103820281028102820481028150
:10534000028102810581028102810281058102813F
:105350000281028105820081048100820681008130
:10536000048100810781008104810081078100811F
:1053700004810081078306830882068209820682EF
:105380007F250F81088101820682028106810481C6
:1053900004810582028206810281088100810984DC
:1053A0000A820B820A8100810882008207810281C1
:1053B00006810481048204820381068102820682BE
:1053C00000820882680F82098200820782028107B8
:1053D00081038205820481058106810381078201A0
:1053E00082088101810A830B830C810D810D810D5F
:1053F000810D810D810D810D8176118C028C0C82C5
:105400000B820B820C810C810C820B820B820C8133
:105410000C810C820B820B820B820C8D018D700B28
:105420008403840381068106810681068106810644
:105430008106810681068106810681068106810634
:10544000810681068106810681068403841201801B
:105450000B800B810B800B800B810B800B800B81F1
:105460000B800B800B810B800B800B810B800B80E2
:105470000B810B800B800B810B800B800B810B80D1
:105480000E09840384068106810681068106810651
:1054900081068106810681068106810681068106D4
:1054A00081068106810681068106810384038414B6
:1054B00010820781008105810281038104810181BD
:1054C00006817F6F7F7F1D8C260B83038501820100
:1054D00082008103810081038100820182018503B2
:1054E000837F1A5785058804810482038105810B17
:1054F0008105870389028205810281068102810676
:105500008102820383038600830284028261108108
:105510000C810C810C810C810C8101830681008639
:10552000048401830382058103810682028107814D
:105530000281078102810781028106820282058140
:105540000384018303810086048101836D528306F5
:10555000870383018203810581018209810A810A0F
:10556000810A820581028105810283018204870606
:10557000835E19810C810C810C810C810683018171
:1055800004860081038301840381058202820681EF
:1055900002810781028107810281078102820681DF
:1055A00003810582038301840486008106830181CF
:1055B0006A58830787048301830381058102820679
:1055C00081018B018B01810B820B8105820283019A
:1055D0008304870783660A8302840281058105812B
:1055E000038600860281058105810581058105818B
:1055F000058105810581058105813B5E830181046B
:105600008600810383018403810582028107810270
:10561000810781028107810281078102820681035D
:105620008105820383018404860081068301810C45
:105630008102810781028106820382038204890636
:10564000851310810C810C810C810C810C810184EB
:10565000058100860483038203820581038106811C
:10566000038106810381068103810681038106810E
:1056700003810681038106810381068103810681FE
:105680006A0781038103810F810381038103810301
:1056900081038103810381038103810381038103EA
:1056A000812B0781038103810F81038103810381A2
:1056B00003810381038103810381038103810381CA
:1056C000038103810381038103810183018208191E
:1056D0008109810981098109810482018103820292
:1056E000810282038101820481008205850586048E
:1056F000820181048102820381038103810382028A
:105700008104810281048253078103810381038123
:105710000381038103810381038103810381038169
:105720000381038103810381038103812B7F058131
:10573000018303830581008500860483028402823D
:10574000038204820481038105810581038105812F
:10575000058103810581058103810581058103811F
:10576000058105810381058105810381058105810D
:105770000381058105810381058105817F1B5B8193
:1057800001840581008604830382038205810381ED
:1057900006810381068103810681038106810381DD
:1057A00006810381068103810681038106810381CD
:1057B00006816A5E8407880483028303810681026E
:1057C00082068201810881018108810181088101AD
:1057D0008206820281068103830283048807846D26
:1057E0005B81018306810086048401830382058135
:1057F000038106820281078102810781028107817C
:10580000028106820282058103840183038100866E
:105810000481018306810C810C810C810C81285E3E
:105820008301810486008103830184038105820250
:10583000820681028107810281078102810781023C
:105840008206810381058203830184048600810628
:105850008301810C810C810C810C810C811F3181B1
:105860000082018501820481058105810581058110
:10587000058105810581058105813B4A84058702F3
:105880008203810281058101810A840786078409D8
:1058900081018105810182038202870485560F817F
:1058A00004810481048102850085028104810481D0
:1058B00004810481048104810481048104830382BE
:1058C00031558106810281068102810681028106AD
:1058D00081028106810281068102810681028106A0
:1058E0008102810681028105820282038303860090
:1058F00081048401816247810681008106810181E2
:105900000481028104810281048103810281048176
:105910000281048102810581008106810081068463
:1059200007820882586B810482048100810482040A
:105930008100810480008004810181028100810254
:105940008102810281008102810281028100810243
:105950008102810280028002810381008102810034
:105960008104810081028100810481008102810023
:10597000810582048206820482068204827F014EAF
:1059800081068101820482028104810481028105F1
:1059900082008206840882088406820082058102D1
:1059A000810481048102820482018106815B4D822F
:1059B00006820081068101810681028104810381C2
:1059C00004810381048104810281058102810581B2
:1059D00002810681008107810081078100810882A0
:1059E0000982098209810982068407831448890192
:1059F0008908820782078207820881088207820756
:105A000082078208890189540683078209810A81F5
:105A10000A810A810A810A810A810A810A8109812F
:105A200008820B810B810A810A810A810A810A811D
:105A30000A810A810A810A820A830E04810A810A84
:105A4000810A810A810A810A810A810A810A810AFE
:105A5000810A810A810A810A810A810A810A810AEE
:105A6000810A810A810A810A810A810A81120183DD
:105A70000A820A810A810A810A810A810A810A81CD
:105A80000A810A810B810B82088109810A810A81BE
:105A90000A810A810A810A810A810A8109820783AF
:105AA000131183098101810781038203800080062D
:105AB000810181008007837F7F2C197F7F7F7F3F5B
:105AC0007F7F458A058A058A058A7F7F7F2B7F7FB6
:105AD0007F558409840984098409847F3823870FCA
:105AE0008D0B8F0991078605860684098406830B32
:105AF0008305840B8404830D8304830D8304830D49
:105B00008303830F8302830F8302830F8302830F38
:105B10008302830F8302830F8302830F8302830F29
:105B20008302830F8302830F8302830F8302830F19
:105B30008302830F8302830F8303830D8304830D0A
:105B40008304830D8304840B8405830B83068409FB
:105B500084068605860791098F0B8D0F877F7F321C
:105B600029821782168316831584148512870D8C5B
:105B70000D8C0D8700830D84038316831683168393
:105B8000168316831683168316831683168316834D
:105B9000168316831683168316831683168316833D
:105BA000168316831683168316837F7F4C248710F3
:105BB0008C0B8F0991088505860684098406840A62
:105BC0008306830B8404840C8304830D8304830D78
:105BD0008304830D8316831584158414841485131C
:105BE0008512861187108810880F881087118612F9
:105BF00085138514841484158316831596039603E0
:105C00009603967F7F4523870F8D0B90089107861B
:105C100005860684098405840B8404840B8404832C
:105C20000D8304830D8304830D83158415841484EC
:105C300014850D8B0E89108B0E8C1486158416849A
:105C4000158402830F8302830F8302830F830284F0
:105C50000D8402840C8503840B84048509850586E4
:105C600005860791098F0B8D0F877F7F4D45831523
:105C70008414851386138612871183008311830091
:105C800083108301830F8302830E8402830E8303B8
:105C9000830D8304830C8305830B8405830B8306A8
:105CA000830A830783098407830983088308830998
:105CB0008307830A83079702970297029711831637
:105CC0008316831683168316831683168316837FA3
:105CD0007F4A3A91089108910891088216831683A9
:105CE0001683168217821782168302870B83008B16
:105CF00009910892078605860684098505830B8429
:105D000016831684168316831683168316830383DD
:105D10000E8303830D8403830D8304840B84058425
:105D20000985058605860791098F0B8D0F877F7F73
:105D3000322486118B0C8E0A90088605850685090B
:105D40008405840B8305830C8403840D8303830EF5
:105D500083038316831583168304860A83028B07C5
:105D600083008E0694058805860486098404850BC5
:105D70008403840D8303840D8402830F8302830FC5
:105D80008302830F8302830F8302830F8303830DB8
:105D90008403830D8304840B8405840985058605AB
:105DA000860791098F0C8C0F887F7F313796039679
:105DB000039603961683158315831583158414841F
:105DC0001484158315841484158414841583158410
:105DD00015831584158415831584158316831584FE
:105DE00015831683168316831584158316831683ED
:105DF0007F7F532485118B0C8F09910786058606BA
:105E000084098405840B8404840B8404830D830437
:105E1000830D8304830D8304840B8405830B830625
:105E200084098407850585098F0B8D0B8F099107E0
:105E300085078505840B8404830D8303840D840208
:105E4000830F8302830F8302830F8302830F8302F6
:105E5000830F8302840D8402840D8403840B8404E5
:105E600086078605930791098F0D897F7F312288E8
:105E70000F8C0C8F0991078605860585098405849A
:105E80000B8404830D8303840D8303830F830283B8
:105E90000F8302830F8302830F8302830F830284A5
:105EA0000D8403830D8403840B8504840986048692
:105EB00005880594068E0083078B02830A86048377
:105EC00016831583168303830E8303830D84038453
:105ED0000C8305830B840584098506850586089057
:105EE0000A8E0C8B11867F7F337F1A840984098484
:105EF000098409847F3D8409840984098409847F95
:105F0000747F7B880F8D0A9009910785068506842A
:105F10000A8405830C8305830C8305830C83168315
:105F200015840E8B09900792068D018305880783DF
:105F300005840B8304840C8304830D8304830D8305
:105F400004830C8404830B85048409860584068AF3
:105F5000038F0184048D0284058A058307867F7F71
:105F6000357F7F7F058607860A830289048A088336
:105F7000008C028C0783008D008E068705890584BE
:105F800006850886088405840A840A8305840A84B1
:105F90000A8305830B830B8305830B830B830583A4
:105FA0000B830B8305830B830B8305830B830B838D
:105FB00005830B830B8305830B830B8305830B8383
:105FC0000B8305830B830B8305830B830B83058373
:105FD0000B830B8305830B830B8305830B830B835D
:105FE00005830B830B8305830B830B8305830B8353
:105FF0000B8305830B830B8305830B830B83058343
:106000000B830B837F7F7F7A7F7F10860C83028BCD
:106010000983018D0883008F078805860686098419
:1060200006850B8405840D8305840D8305840D840A
:1060300004830F8304830F8304830F8304830F83FC
:1060400004830F8304830F8304830F8304830F83EC
:1060500004830E8404840D8305840C8405850B84DD
:1060600005860984068805860683008F0783018DCF
:106070000883028B098304860C8318831883188392
:10608000188318831883188318831883327F7F7FBF
:106090007F7F7F7F7F7F7F7F7F7F7F7F7F7E7F7F11
:1060A0007F7F7F7F7F7F36910A910A910A910A91C3
:1060B0000A910A917F7F7F7F7F7F7F077F7F7F7F2E
:1060C0007F7F7F7F7F7F7F7F7F7F488813881388D4
:1060D000138813881388138813881388447F708A61
:1060E000289023941F981C9A1A9C189E16A0158C11
:1060F000068C148B0A8B128A0E89128910891188DA
:106100001288108912890F8814880E8914880E88C5
:1061100016880D8816880D8816880C8818880B88B4
:1061200018880B8818880B8818880B8818880B88A3
:1061300018880A881A8809881A8809881A88098894
:106140001A8809881A8809881A8809881A88098883
:106150001A8809881A8809881A8809881A88098873
:106160001A8809881A8809881A8809881A88098863
:106170001A8809881A8809881A8809881A88098853
:106180001A880A8818880B8818880B8818880B8842
:1061900018880B8818880B8818880C8816880D8832
:1061A00016880D8816880D8914890E8814880F8921
:1061B00012891088128811891089118A0E8A128B0F
:1061C0000A8B148C068C15A0169E189C1A9A1C9883
:1061D0001F942390288A4D7F78852F862F862E87BF
:1061E0002D882D882C892B8A2A8B298C278E268F07
:1061F00025902491229320951E8D00881D8C028865
:106200001D8B03881D8A04881D8806881D870788C2
:106210001D8509881D830B881D810D882D882D887B
:106220002D882D882D882D882D882D882D882D88C6
:106230002D882D882D882D882D882D882D882D88B6
:106240002D882D882D882D882D882D882D882D88A6
:106250002D882D882D882D882D882D882D882D8896
:106260002D882D882D882D882D882D882D882D8886
:106270002D882D887F017F6F8A279221961D9A1A7B
:106280009C189E16A014A2128E078D118B0C8C0FD9
:106290008A108A0F89128A0D8914890D8914890D33
:1062A0008816890C8816890B8818880B8818880B23
:1062B0008818880F8418882D882D882D882C892C83
:1062C000882C892C892B892C892B892B8A2A8A2A2C
:1062D0008B298B298B298B298B298C288C288C281E
:1062E0008C288C278C288C288C288C288C278D2710
:1062F0008D278C288C288C298B298B298A2A8A2BFC
:10630000892B8A2B892B892CAA0AAB0AAB0AAB09E9
:10631000AC09AC09AC09AC09AC747F6F8929902336
:10632000941F971D9A1A9C189E16A0158C068C1403
:106330008B0A8B128A0E8912891089118812881093
:106340008912890F8814880F8814880E8914880E82
:10635000881588128415882D882D882C882D882CE6
:10636000892B892B892A8B288C2391248F268D2891
:106370008F2592239421952081078C2B8B2C8A2C9E
:10638000892D892D892C892D882D892D882D882D61
:10639000882D882D882D880D841A8809881A8809E7
:1063A000891889098918880B8818880B8916890B20
:1063B0008915890D8914890D8A12890F8A108A0F0F
:1063C0008B0D8B118D078D13A214A0169D199B1B8D
:1063D000991E95229128894E7F7F34862E872D889D
:1063E0002C892C892B8A2A8B298C288D288D278E05
:1063F000268F259025902491239222932293218AFF
:106400000088208A01881F8A02881E8B02881E8AC3
:1064100003881D8A04881C8A05881B8A06881B8AB3
:1064200006881A8A0788198A0888188A0988188AA3
:106430000988178A0A88168A0B88158A0C88158A93
:106440000C88148A0D88138A0E88128A0F88118B83
:106450000F88118A1088108A11880F8A12880E8A74
:1064600013880EAF06AF06AF06AF06AF06AF06AF96
:1064700006AF06AF25882D882D882D882D882D887C
:106480002D882D882D882D882D882D882D882D8864
:106490002D882D887B7F7F1EA015A014A114A11428
:1064A000A114A114A113A213A213882D882D882C46
:1064B000892C882D882D882D882C892C882D882D35
:1064C000882D882C8906881C89038E1988029217CA
:1064D00088009615A113A312A411A5108F078E0F83
:1064E0008C0D8C0D8B118A0D8A138A0C89158910DD
:1064F0008417892C892D882D882D892D882D882D0C
:10650000882D882D882D882D882D882D880D841A1A
:1065100088098819880A8918880A8918880B8817B1
:10652000890B8916880C8915890D8913890E8A11A2
:106530008A0E8B0F8A108B0D8A128D078D12A21472
:10654000A0169E199B1B981F952290288A4E7F7239
:1065500089289023951E981C9A1A9C189E16A014A0
:106560008D068D128B0B8B128A0E8A108911890F62
:106570008A12890E8913890E8815880D8915890C50
:106580008816890B8917880B8818840F882D872D0A
:10659000882D882D882D880A881987088E168706E9
:1065A0009213880496118803981088029A0F880124
:1065B0009C0E88009E0D92078E0C900C8C0B8E10FA
:1065C0008A0B8D128A0A8C14890A8B1689098A17FC
:1065D0008909891988098919880989198908881BED
:1065E0008808881B8808881B8808881B8809871BDF
:1065F0008809871B8809871B8809871B8809881ACF
:10660000880A8719890A8719880B8818880B8817C0
:10661000890C8816880D8815890E8814890E8912B0
:10662000891089108A108B0C8B128C078D14A11580
:106630009F179D199B1C971F95238F29894D7F7F3D
:1066400017AB0AAB0AAB0AAB0AAB0AAB0AAB0AAB95
:106650000AAA2E862E862E872D872D872D872E8798
:106660002D872D872E872D872D882D872D872D8887
:106670002D872D882D872D882C882D882C882D8876
:106680002C882D882C882D882D882C882D882C8866
:106690002D882D882C882D882D882C882D882D8854
:1066A0002C882D882D882D882C882D882D882D8844
:1066B0002C882D882D882D882D882D882C892C8834
:1066C0002D882D882D882D887F0C7F708928912218
:1066D000951E991B9B199D179F15A1138D078C1350
:1066E0008B0B8B118A0F8A10891189108813880FE0
:1066F0008913890E8815880E8815880E8815880ECE
:106700008815880E8815880E8815880E8815880FBC
:10671000881388108813881089118911890F8913AB
:10672000890D89158B078C169D199B1C972093202A
:10673000961D9A1A9D179F158C078C138A0C8B1126
:106740008A0F8A0F8A11890F8913890D8915880D7F
:106750008915890C8817880C8817880B8819880A6E
:106760008819880A8819880A8819880A8819880A5D
:106770008819880A8819880A8819880A8819880A4D
:106780008917890B8817880C8915890C8915890D3B
:106790008913890E8A118A0F8A0F8A108C0C8B112B
:1067A0008D078D13A1159F179D199B1B991E95226F
:1067B0009128894E7F70882990239420971C9A1ADB
:1067C0009C189E16A0148E078B138C0B8A118B0FAE
:1067D00088118A11880F8A13880E8914880D8916EA
:1067E000870D8917870C8818870C8818870B8919DB
:1067F000870A881A870A881A870A881A870A881ACD
:10680000870A881A870A881A8809881A8809881ABC
:106810008809881A88098918890A8818890A8818AD
:10682000890A89168A0A89168A0B89148B0B8A129F
:106830008C0C8A108D0C8C0C8F0D8E07910E9D0088
:10684000880F9B018810990288119703881295047C
:106850008813920687168E088719880A882D882D36
:10686000882D882D872D88108417880C8817880C10
:106870008915880D8915880E8814890E8913880F4B
:1068800089128910891089118A0E8A118B0B8B133A
:106890008C078C159F169E189C1A9A1D971F94237F
:1068A000902889507F7F7F7F7F23881388138813E8
:1068B00088138813881388138813887F7F7F7F7FCE
:1068C0007F7F33881388138813881388138813886D
:1068D00013881388447F7F7F7F3F7F7F7F7F7F2761
:1068E0008E0E920A9609940C907F7F7F7F7F477F60
:1068F0007F7F7B82078406840684078210278E0FA1
:10690000900D920D9001800881018E018206831006
:106910008404850E8504850E8504850E8504850E08
:106920008504850E8504850E8504850E8504850EF7
:106930008504850E8504850E8504850E8504850EE7
:106940008504850E850484108404821482048018D2
:106950008024801E8215810484118304850E8504A1
:10696000850E8504850E8504850E8504850E8504B7
:10697000850E8504850E8504850E8504850E8504A7
:10698000850E8504850E8504850E8504850E850497
:10699000850E85058310830781018E01810B900D83
:1069A000920D900F8E287F19801D821B84198519E6
:1069B00085198519851985198519851985198519E7
:1069C000851985198519851B831D811E805D811B95
:1069D00083198519851985198519851985198519C9
:1069E000851985198519851985198519851A831CB5
:1069F000817F24278E0F900D920D9001800C8E01C7
:106A0000821B841985198519851985198519851998
:106A1000851985198519851985198519851A840A95
:106A20008E028208920280069606800194078201F7
:106A30009009841A8519851985198519851985196B
:106A40008519851985198519851985198519851A55
:106A5000831C81018E0F900D920D900F8E28278E32
:106A60000F900D920D9001800C8E01821B84198570
:106A70001985198519851985198519851985198526
:106A800019851985198519851A840A8E028208923A
:106A90000280069609940C9002811B831985198542
:106AA00019851985198519851985198519851985F6
:106AB00019851985198519851A830B8E01810B900B
:106AC0000D920D900F8E287F198008811282068307
:106AD000108404850E8504850E8504850E85048545
:106AE0000E8504850E8504850E8504850E85048536
:106AF0000E8504850E8504850E8504850E85048526
:106B00000E8504850E85048410840482028E028220
:106B1000048002920280069609940C9002811B83E5
:106B20001985198519851985198519851985198575
:106B30001985198519851985198519851A831C8167
:106B40007F24278E0F900D920D900B81018E0B8369
:106B50001A85198519851985198519851985198544
:106B60001985198519851985198519841A82028E46
:106B70000A8002920A9609940C9002811B8319855F
:106B80001985198519851985198519851985198515
:106B9000198519851985198519851A830B8E018127
:106BA0000B900D920D900F8E28278E0F900D920D49
:106BB000900B81018E0B831A85198519851985190A
:106BC00085198519851985198519851985198519D5
:106BD0008519841A82028E0A8002920A9606800122
:106BE000940782019002810484118304850E850438
:106BF000850E8504850E8504850E8504850E850425
:106C0000850E8504850E8504850E8504850E850414
:106C1000850E8504850E8504850E8504850E850404
:106C2000850E85058310830781018E01810B900DF0
:106C3000920D900F8E28278E0F900D920D9001804F
:106C40000C8E01821B841985198519851985198572
:106C50001985198519851985198519851985198544
:106C60001A841C821E805D811B83198519851985F4
:106C70001985198519851985198519851985198524
:106C80001985198519851A831C817F24278E0F90F9
:106C90000D920D9001800881018E0182068310847F
:106CA00004850E8504850E8504850E8504850E8574
:106CB00004850E8504850E8504850E8504850E8564
:106CC00004850E8504850E8504850E8504850E8554
:106CD00004850E85048410840482028E028204805E
:106CE000029202800696068001940782019002813A
:106CF0000484118304850E8504850E8504850E8524
:106D000004850E8504850E8504850E8504850E8513
:106D100004850E8504850E8504850E8504850E8503
:106D200004850E8504850E8504850E8505831083F4
:106D30000781018E01810B900D920D900F8E2827F7
:106D40008E0F900D920D9001800881018E018206B8
:106D500083108404850E8504850E8504850E8504C4
:106D6000850E8504850E8504850E8504850E8504B3
:106D7000850E8504850E8504850E8504850E8504A3
:106D8000850E8504850E85048410840482028E029B
:106D900082048002920280069609940C9002811B64
:106DA00083198519851985198519851985198519F5
:106DB000851985198519851985198519851A830BF2
:106DC0008E01810B900D920D900F8E287F1F8207F0
:106DD000840684068407827F1882078406840684DA
:106DE00007827F20E47201000000000000003E5B8B
:106DF0004F5B3E3E6B4F6B3E1C3E7C3E1C183C7E08
:106E00003C181C577D571C1C5E7F5E1C00183C18EC
:106E100000FFE7C3E7FF0018241800FFE7DBE7FFE8
:106E200030483A060E2629792926407F0505074075
:106E30007F05253F5A3CE73C5A7F3E1C1C08081C36
:106E40001C3E7F14227F22145F5F005F5F06097F74
:106E5000017F006689956A606060606094A2FFA20D
:106E60009408047E040810207E201008082A1C08BC
:106E7000081C2A08081E101010100C1E0C1E0C30C6
:106E8000383E3830060E3E0E0600000000000000BE
:106E90005F00000007000700147F147F14242A7F7E
:106EA0002A1223130864623649562050000807034B
:106EB00000001C2241000041221C002A1C7F1C2AC9
:106EC00008083E080800807030000808080808001C
:106ED0000060600020100804023E5149453E004217
:106EE0007F400072494949462141494D33181412E7
:106EF0007F1027454545393C4A494931412111090F
:106F0000073649494936464949291E000014000000
:106F1000004034000000081422411414141414001A
:106F20004122140802015909063E415D594E7C1266
:106F300011127C7F494949363E414141227F4141FE
:106F4000413E7F494949417F090909013E4141517B
:106F5000737F0808087F00417F41002040413F01C6
:106F60007F081422417F404040407F021C027F7F07
:106F70000408107F3E4141413E7F090909063E4118
:106F800051215E7F09192946264949493203017F6B
:106F900001033F4040403F1F2040201F3F403840FA
:106FA0003F631408146303047804036159494D4393
:106FB000007F4141410204081020004141417F040B
:106FC00002010204404040404000030708002054F2
:106FD0005478407F28444438384444442838444452
:106FE000287F385454541800087E090218A4A49C21
:106FF000787F0804047800447D40002040403D0034
:107000007F1028440000417F40007C047804787C95
:10701000080404783844444438FC182424181824FC
:107020002418FC7C08040408485454542404043FE5
:1070300044243C4040207C1C2040201C3C403040EC
:107040003C44281028444C9090907C4464544C4418
:1070500000083641000000770000004136080002B9
:10706000010204023C2623263C1EA1A161123A40E3
:1070700040207A385454555921555579412154545A
:107080007841215554784020545579400C1E527255
:107090001239555555593954545459395554545831
:1070A0000000457C410002457D420001457C40F0E6
:1070B000292429F0F0282528F07C54554500205437
:1070C000547C547C0A097F49324949493232484844
:1070D0004832324A4848303A4141217A3A424020C7
:1070E00078009DA0A07D39444444393D4040403D56
:1070F0003C24FF2424487E4943662B2FFC2F2BFF82
:107100000929F620C0887E090320545479410000E3
:10711000447D413048484A32384040227A007A0A59
:107120000A727D0D19317D2629292F282629292922
:107130002630484D40203808080808080808083854
:107140002F10C8ACBA2F102834FA00007B000008BA
:10715000142A142222142A1408AA005500AAAA5597
:10716000AA55AA000000FF00101010FF001414140C
:10717000FF001010FF00FF1010F010F0141414FCAA
:10718000001414F700FF0000FF00FF1414F404FCC7
:10719000141417101F10101F101F1414141F0010A8
:1071A0001010F0000000001F101010101F10101021
:1071B00010F010000000FF10101010101010101030
:1071C000FF10000000FF140000FF00FF00001F1070
:1071D000170000FC04F414141710171414F404F42A
:1071E0000000FF00F714141414141414F700F7141B
:1071F0001414171410101F101F141414F41410106A
:10720000F010F000001F101F0000001F140000000D
:10721000FC140000F010F01010FF10FF141414FF05
:10722000141010101F00000000F010FFFFFFFFFF00
:10723000F0F0F0F0F0FFFFFF0000000000FFFF0F94
:107240000F0F0F0F38444438447C2A2A3E147E0224
:10725000020606027E027E026355494163384444B9
:107260003C04407E201E2006027E020299A5E7A56E
:10727000991C2A492A1C4C7201724C304A4D4D30DF
:107280003048784830BC625A463D3E494949007E04
:107290000101017E2A2A2A2A2A44445F444440519B
:1072A0004A444040444A51400000FF0103E080FF4F
:1072B000000008086B6B083612362436060F090FDB
:1072C00006000018180000001010003040FF0101F7
:1072D000001F01011E00191D1712003C3C3C3C0020
:1072E0000000000000000000E96D0100E86D0100F1
:1072F00000000000E46D0100E86D010008070000D7
:10730000B4730100347B0100100D0000E46D010036
:10731000E86D01000000000034750100947B01005D
:107320001A130000E46D0100E86D01000000000088
:10733000B4760100F47B010030240000B479010030
:10734000B47C0100302F000034780100547C01002F
:107350004B4900002F00466F6E742066696C6520F3
:1073600000206E6F7420666F756E6421000000004F
:107370000000000000000000919E000021B9000004
:10738000DD4E0000D78F000045910000719A00008B
:10739000F98F00000DA10000C5A100007DA2000032
:1073A00051A30000E58F0000DF8F0000D98F00009F
:1073B00005AF0000744201008442010094420100C4
:1073C000A4420100B4420100C4420100D4420100C1
:1073D000E4420100F44201000443010014430100AF
:1073E000244301003443010044430100544301009D
:1073F000644301007443010084430100944301008D
:10740000A4430100B4430100C4430100D44301007C
:10741000E4430100F443010004440100144401006A
:107420002444010034440100444401005444010058
:107430006444010074440100844401009444010048
:10744000A4440100B4440100C4440100D444010038
:10745000E4440100F4440100044501001445010026
:107460002445010034450100444501006445010004
:10747000744501008445010094450100A4450100C4
:10748000B4450100C4450100D4450100E4450100B4
:10749000F445010014460100244601003446010071
:1074A0004446010054460100644601007446010050
:1074B00094460100B4460100C4460100D4460100D0
:1074C000E4460100F44601000447010014470100AE
:1074D000244701003447010044470100544701009C
:1074E000644701007447010084470100944701008C
:1074F000A4470100B4470100C4470100D44701007C
:10750000E4470100F4470100044801001448010069
:107510002448010034480100444801005448010057
:107520006448010074480100844801009448010047
:10753000A4480100B4480100B6480100D748010042
:10754000F54801003749010064490100C2490100C2
:10755000074A0100144A0100454A0100764A010029
:10756000964A0100A74A0100B64A0100BB4A010041
:10757000C24A0100EB4A0100284B01004B4B0100BD
:10758000764B0100A74B0100D84B0100074C0100CE
:10759000404C0100634C01009C4C0100D54C0100A3
:1075A000E24C0100F74C01000B4D0100144D0100AD
:1075B000284D0100514D0100C84D0100074E01004A
:1075C000444E01007C4E0100BE4E0100E34E01001E
:1075D000084F0100484F01008D4F0100B24F0100DC
:1075E000DF4F0100265001004B500100C750010041
:1075F000245101006651010097510100E051010042
:10760000215201005652010079520100BF5201007F
:107610000253010082530100C5530100FA530100D7
:107620001F5401004E54010081540100B054010068
:10763000C4540100C9540100E35401000E55010077
:107640004D55010072550100B1550100D65501009C
:10765000FB5501004256010081560100A25601006F
:10766000CF560100085701002D5701007E57010039
:10767000B3570100E05701001F5801005E58010098
:107680007B5801009E580100C1580100F6580100C6
:10769000255901007F590100AE590100ED59010043
:1076A000085A01003B5A01006E5A0100A15A01001C
:1076B000BA5A0100BB5A0100BB5A0100BB5A010073
:1076C000BB5A0100BB5A0100BB5A0100BB5A010062
:1076D000BB5A0100BB5A0100BB5A0100BB5A010052
:1076E000BB5A0100BB5A0100C05A0100CE5A01002A
:1076F000BB5A0100DD5A0100605B0100AD5B010077
:10770000065C01006D5C0100D25C0100315D01008E
:10771000AC5D0100F35D01006E5E0100E95E0100F9
:10772000BB5A0100BB5A0100BB5A0100BB5A010001
:10773000BB5A0100BB5A0100BB5A0100BB5A0100F1
:10774000BB5A0100BB5A0100BB5A0100BB5A0100E1
:10775000BB5A0100BB5A0100BB5A0100BB5A0100D1
:10776000BB5A0100BB5A0100BB5A0100BB5A0100C1
:10777000BB5A0100BB5A0100BB5A0100BB5A0100B1
:10778000BB5A0100BB5A0100BB5A0100BB5A0100A1
:10779000BB5A0100BB5A0100BB5A0100BB5A010091
:1077A000BB5A0100BB5A0100BB5A0100BB5A010081
:1077B000BB5A0100BB5A0100015F0100BB5A010026
:1077C000BB5A0100BB5A0100BB5A0100BB5A010061
:1077D000BB5A0100BB5A0100BB5A0100BB5A010051
:1077E000BB5A0100BB5A0100615F0100BB5A010096
:1077F000BB5A010008600100BB5A0100BB5A0100DE
:10780000BB5A0100BB5A0100BB5A0100BB5A010020
:10781000BB5A0100BB5A0100BB5A0100BB5A010010
:10782000BB5A0100BB5A0100BB5A0100BB5A010000
:10783000BB5A01008D6001008D6001008D60010068
:107840008D6001008D6001008D6001008D60010080
:107850008D6001008D6001008D6001008D60010070
:107860008D6001008D6001009E600100BC60010020
:107870008D600100DD600100D761010076620100CA
:107880001A630100D8630100956401004E65010090
:107890003E660100CA660100B4670100A4680100E9
:1078A0008D6001008D6001008D6001008D60010020
:1078B0008D6001008D6001008D6001008D60010010
:1078C0008D6001008D6001008D6001008D60010000
:1078D0008D6001008D6001008D6001008D600100F0
:1078E0008D6001008D6001008D6001008D600100E0
:1078F0008D6001008D6001008D6001008D600100D0
:107900008D6001008D6001008D6001008D600100BF
:107910008D6001008D6001008D6001008D600100AF
:107920008D6001008D6001008D6001008D6001009F
:107930008D6001008D6001008D6001008D6001008F
:107940008D6001008D6001008D6001008D6001007F
:107950008D6001008D6001008D6001008D6001006F
:107960008D6001008D6001008D6001008D6001005F
:107970008D6001008D6001008D6001008D6001004F
:107980008D6001008D6001008D6001008D6001003F
:107990008D6001008D6001008D6001008D6001002F
:1079A0008D6001008D6001008D6001008D6001001F
:1079B0008D600100D5680100D5680100D56801001F
:1079C000D5680100D5680100D5680100D5680100BF
:1079D000D5680100D5680100D5680100D5680100AF
:1079E000D5680100D5680100DA680100EF68010080
:1079F000D5680100FD680100A6690100F369010076
:107A00005E6A0100C76A0100426B0100A96B0100B8
:107A1000366C01008C6C01003F6D0100CC6D0100E3
:107A2000D5680100D5680100D5680100D56801005E
:107A3000D5680100D5680100D5680100D56801004E
:107A4000D5680100D5680100D5680100D56801003E
:107A5000D5680100D5680100D5680100D56801002E
:107A6000D5680100D5680100D5680100D56801001E
:107A7000D5680100D5680100D5680100D56801000E
:107A8000D5680100D5680100D5680100D5680100FE
:107A9000D5680100D5680100D5680100D5680100EE
:107AA000D5680100D5680100D5680100D5680100DE
:107AB000D5680100D5680100D5680100D5680100CE
:107AC000D5680100D5680100D5680100D5680100BE
:107AD000D5680100D5680100D5680100D5680100AE
:107AE000D5680100D5680100D5680100D56801009E
:107AF000D5680100D5680100D5680100D56801008E
:107B0000D5680100D5680100D5680100D56801007D
:107B1000D5680100D5680100D5680100D56801006D
:107B2000D5680100D5680100D5680100D56801005D
:107B3000D5680100060304090809090307070806B8
:107B400003060507080808080808080808080303CA
:107B500006060608090808080808080808040808AE
:107B6000070A0808080808080808080A0808080496
:107B7000070407090507070707070607070405069F
:107B8000040807080708060605070808060707058A
:107B900003050806050808130E15110608080C0A47
:107BA000070807080E0E0E0E0E0E0E0E0E0E07071D
:107BB0000E090E0D1910111212100F1312060D11CD
:107BC0000D151213101311100E120F170F101009AC
:107BD0000D090C0D090E0F0D0F0E080F0F06060CE8
:107BE00006160F0F0F0F080C070E0C120D0D0C0DC3
:107BF0000D0D0F010C0C0C0C0C0C0C0C0C0C0C0CCB
:107C00000C110F0C1B1B1B1B1B1B1B1B1B1B0F0C13
:107C10000C0C0C0C0C0C0C0C0C0C0C0C0C0C0C0CA4
:107C20000C0C0C0C0C0C0C0C0C0C0C0C0C0C0C0C94
:107C30000C0C0C0C0C1B0C0C0C0C0C0C0C0C0C0C75
:107C40000C2A0C0C1D0C0C0C0C0C0C0C0C0C0C0C45
:107C5000070C0C0C1D1D1D1D1D1D1D1D1D1D1D1D9D
:107C60001D1D1D1D373737373737373737371D1D40
:107C70001D1D1D1D1D1D1D1D1D1D1D1D1D1D1D1D34
:107C80001D1D1D1D1D1D1D1D1D1D1D1D1D1D1D1D24
:107C90001D1D1D1D1D1D1D1D1D1D1D1D1D1D1D1D14
:107CA0001D1D1D1D1D1D1D1D1D1D1D1D1D1D1D1D04
:107CB0001D1D1D1D0C0C0C0C0C0C0C0C0C0C0C0CC0
:107CC0000C200C0C202020202020202020200C0C18
:107CD0000C0C0C0C0C0C0C0C0C0C0C0C0C0C0C0CE4
:107CE0000C0C0C0C0C0C0C0C0C0C0C0C0C0C0C0CD4
:107CF0000C0C0C0C0C0C0C0C0C0C0C0C0C0C0C0CC4
:107D00000C0C0C0C0C0C0C0C0C0C0C0C0C0C0C0CB3
:107D10000C0C0C0C01000000080000000100000029
:107D20000A0000000200000900090800010000002C
:107D300009000000010000000A0000000300010922
:107D40000109090000000000070000000100000018
:107D50000A000000070001060106070001000000FC
:107D60000400000001000000800000000600FFFF8A
:107D7000FFFF0400010000000500000001000000FA
:107D8000800000000700FFFFFFFF0500010000006A
:107D90000600000001000000800000000800FFFF56
:107DA000FFFF0600000000000400000001000000CA
:107DB0000A000000040000050005040001000000A6
:107DC0000700000001000000800000000900FFFF24
:107DD000FFFF070000000000060000000100000097
:107DE0000A00000006000006000606000000000071
:107DF0000200000001000000020000000000FFFF80
:107E0000FFFF02000000000005000000010000006C
:107E1000020000000500FFFFFFFF05000200000058
:107E2000140000000E00000004000000FF00FFFF2F
:107E3000FFFF0400030000000B0000000E00000024
:107E400000010000FF000400040006000000000024
:107E50000F0000000E00000000010000FF00010202
:107E600001020F00010000001F0000000E000000D2
:107E700008000000FF00010501050F0000000000E0
:107E8000140000000E00000000020000FF000000CF
:107E900000000400010000000F0000000E000000C0
:107EA00000010000FF00010401040F0001000000B8
:107EB0001C0000000E00000000010000FF00040094
:107EC00004000E0001000000110000000E00000080
:107ED00000010000FF000103010301000100000098
:107EE0001D0000000E00000000020000FF00050160
:107EF00005010F00000000000E0000000E00000051
:107F000008000000FF00000800080E00020000004A
:107F1000010000000E000000800000000B00FFFFC9
:107F2000FFFF01000200000002000000010000004D
:107F3000800000000400FFFFFFFF020002000000BD
:107F40000300000001000000800000000500FFFFAA
:107F5000FFFF030002000000040000000E0000000C
:107F600000020000FF00000000000400020000000A
:107F70001F00000001000000800000000D00FFFF56
:107F8000FFFF0F0003000000000000000E000000D3
:107F9000800000000E00FFFFFFFF00000300000054
:107FA000010000000E000000800000000F00FFFF35
:107FB000FFFF0100020000001A0000000E00000098
:107FC00004000000FF00FFFFFFFF0A0002000000A6
:107FD0001B0000000E00000004000000FF00FFFF77
:107FE000FFFF0B00020000001C0000000E0000005C
:107FF00004000000FF00FFFFFFFF0C000300000073
:10800000140000000E00000004000000FF00FFFF4D
:10801000FFFF0A00030000000C0000000E0000003B
:1080200004000000FF00FFFFFFFF07000300000047
:10803000090000000E00000004000000FF00FFFF28
:10804000FFFF040003000000080000000E00000015
:1080500004000000FF00FFFFFFFF0300030000001B
:108060000A0000000E00000004000000FF00FFFFF7
:10807000FFFF0500010000000E0000000E000000E0
:1080800000010000FF000004FFFF0E0001000000DF
:108090000C0000000E00000000010000FF000003C3
:1080A000FFFF0C00010000000D0000000E000000AA
:1080B00000010000FF000103FFFF0D0002000000AF
:1080C0001E00000001000000800000000C00FFFF07
:1080D000FFFF0E00010000001A0000000200000077
:1080E00004010000FF000201FFFF0C00010000007E
:1080F0001B0000000200000004010000FF0003015B
:10810000FFFF0D0000000000180000000700000045
:1081100000000000FF00FFFFFFFF0800000000005C
:10812000190000000700000000000000FF00FFFF32
:10813000FFFF0900000000001B0000000700000016
:1081400004000000FF00FFFFFFFF0B000000000025
:10815000100000000300000004000000FF00FFFF0B
:1081600001010000000000001100000003000000F9
:1081700004000000FF00FFFF0001010001000000FB
:1081800000000000030000000A000000FF00000CD7
:10819000000C0000010000000200000003000000CD
:1081A0000A000000FF00000B000B020001000000AD
:1081B00003000000030000000A000000FF00010BA4
:1081C000010B03000100000001000000030000009B
:1081D0000A000000FF00010C010C0100000000007B
:1081E000140000000E00000000020000FF0000006C
:1081F0000000070001000000100000000200000065
:1082000004000000FF00FFFFFFFFFF000000000070
:10821000160000000E00000000020000FF00020037
:10822000FFFF060000000000150000000E00000027
:1082300000020000FF000100FFFF05000000000039
:10824000080000000700000000000000FF00FFFF22
:10825000FFFF100000000000090000000700000000
:1082600000000000FF00FFFFFFFF0900000000000A
:108270000A0000000700000000000000FF00FFFFF0
:10828000FFFF0A00000000000B00000007000000D4
:1082900000000000FF00FFFFFFFF0B0001000000D7
:1082A0000A0000000700000000000000FF00FFFFC0
:1082B000FFFF0A00010000000B00000007000000A3
:1082C00000000000FF00FFFFFFFF0B0002000000A6
:1082D000120000000200000004000000FF00FFFF89
:1082E000FFFF02000200000010000000020000007A
:1082F00004000000FF00FFFFFFFF0000020000007D
:10830000110000000200000004000000FF00FFFF59
:10831000FFFF010002000000130000000200000047
:1083200004000000FF00FFFFFFFF03000300000048
:10833000150000000E00000000010000FF00010118
:10834000FFFF0B000100000012000000030000000E
:1083500004000000FF00FFFFFFFF0200010000001B
:10836000130000000300000004000000FF00FFFFF6
:10837000FFFF0300010000001400000003000000E4
:1083800004000000FF00FFFFFFFF040001000000E9
:10839000150000000300000004000000FF00FFFFC4
:1083A000FFFF050002000000060000000E000000B4
:1083B00004000000FF00FFFFFFFF060002000000B6
:1083C000070000000E00000004000000FF00FFFF97
:1083D000FFFF050002000000050000000E00000085
:1083E00004000000FF00FFFFFFFF05000200000087
:1083F0000A00000001000000020000000A00FFFF68
:10840000FFFF0A00020000000B0000000100000056
:10841000020000000B00FFFFFFFF0B000200000046
:108420000C0000000E00000000010000FF00020030
:10843000FFFF0C00020000000D0000000E00000015
:1084400000010000FF000200FFFF0D00000000001F
:108450000C0000000300000004000000FF00000703
:1084600000070C00000000000D00000003000000E9
:1084700004000000FF00010701070D0002000000DA
:10848000150000000E00000004000000FF00FFFFC8
:10849000FFFF050000000000120000000E000000B9
:1084A00004000000FF00FFFFFFFF020000000000CB
:1084B000130000000E00000004000000FF00FFFF9A
:1084C000FFFF030002000000160000000200000091
:1084D00004000000FF00FFFFFFFF06000200000095
:1084E000170000000200000004000000FF00FFFF72
:1084F000FFFF07000200000018000000020000005B
:1085000004000000FF00FFFFFFFF08000100000063
:10851000180000000200000004000000FF00FFFF40
:10852000FFFF080001000000190000000200000029
:1085300004000000FF00FFFFFFFFFF00020000003B
:10854000190000000200000004000000FF00FFFF0F
:10855000FFFF0900000000001E00000007000000EF
:1085600000000000FF00FFFFFFFFFF000000000011
:108570001F0000000700000000000000FF00FFFFD8
:10858000FFFFFF00010000001E00000007000000C8
:1085900000000000FF00FFFFFFFFFF0002000000DF
:1085A0000E0000000E00000004000000FF00FFFFAE
:1085B000FFFF0E00020000000F0000000E00000090
:1085C00004000000FF00FFFFFFFF0F006E616E0060
:1085D000696E66006F7666002E000D0A00000000CE
:1085E0000030004007032E002F0030003100000053
:1085F000003400400803320033003400350000002E
:108600000020014117033600370038003900000010
:108610000040014118033A003B003C003D000000CF
:108620000000004322033E003F00400041000000E4
:1086300000040043230342004300440045000000BF
:10864000000800432403460047004800490000009A
:10865000000C004325034A004B004C004D00000075
:10866000000000000000000095C1000015C20000DD
:1086700091C10000C9C10000ADC10000F5C10000FA
:10868000D9C10000D1C100000000000000000000BE
:10869000ADC4000081C70000FFC2000067C7000032
:1086A00045C70000FDC2000023C300000BC400004A
:1086B00053656565642057696F205465726D696EF6
:1086C000616C0000040309045365656564205374FC
:1086D0007564696F00120100020000004086282DB9
:1086E0008004010102030112010002EF0201408631
:1086F000282D800401010203010000000000000099
:108700000000000051D7000021B90000FDD5000095
:1087100065D6000081D6000009D6000003D4000011
:10872000F9D3000085D400001DD40000F5D300006B
:10873000252525642E256466002C2066756E6374DD
:10874000696F6E3A2000617373657274696F6E2091
:1087500022257322206661696C65643A2066696C23
:108760006520222573222C206C696E6520256425E6
:108770007325730A000000009C0000204300504F46
:1087800053495800232D302B2000686C4C0065663F
:108790006745464700494E46004E414E0030313253
:1087A0003334353637383941424344454600303159
:1087B0003233343536373839616263646566006553
:1087C000256C640035000000CEFBFFFFCB030000EA
:1087D000010000000000000034000000CEFBFFFF9D
:1087E000CB030000010000000000000000000000BA
:1087F000BC89D897B2D29C3C33A7A8D523F6493977
:108800003DA7F444FD0FA5329D978CCF08BA5B2598
:10881000436FAC642806681100202020202020200F
:108820002020282828282820202020202020202020
:108830002020202020202020208810101010101030
:10884000101010101010101010040404040404047C
:108850000404041010101010101041414141414116
:1088600001010101010101010101010101010101F8
:108870000101010110101010101042424242424208
:1088800002020202020202020202020202020202C8
:108890000202020210101010200000000000000070
:1088A00000000000000000000000000000000000C8
:1088B00000000000000000000000000000000000B8
:1088C00000000000000000000000000000000000A8
:1088D0000000000000000000000000000000000098
:1088E0000000000000000000000000000000000088
:1088F0000000000000000000000000000000000078
:108900000000000000000000000000000000000067
:10891000000000000000000000496E66696E697486
:1089200079004E614E0000000000000000000000D1
:108930000000000000000000000000000000000037
:108940000000000000000000000000000000000027
:108950000000000000000000000000000000000017
:108960000000000000000000000000000000000007
:1089700000000000000000000000000000000000F7
:1089800000000000000000000080E03779C3414390
:10899000176E05B5B5B89346F5F93FE9034F384D65
:1089A000321D30F94877825A3CBF737FDD4F157511
:1089B000000000000000F03F000000000000244024
:1089C00000000000000059400000000000408F40FF
:1089D000000000000088C34000000000006AF8406A
:1089E0000000000080842E4100000000D01263418E
:1089F0000000000084D797410000000065CDCD4104
:108A0000000000205FA00242000000E876483742E4
:108A1000000000A2941A6D42000040E59C30A24282
:108A20000000901EC4BCD64200003426F56B0C43F7
:108A30000080E03779C3414300A0D885573476439E
:108A400000C84E676DC1AB43003D9160E458E143FF
:108A5000408CB5781DAF154450EFE2D6E41A4B4474
:108A600092D54D06CFF08044F64AE1C7022DB544B9
:108A7000B49DD9794378EA4405000000190000004C
:088A80007D0000000000000071
:088A88008462FF7F0100000081
:108A9000000000000C0000002E0000000101010099
:108AA00020000000FFFFFFFF00C2010000000800DF
:108AB000080B00020202000009040000010202008B
:108AC0000005240010010424020605240600010507
:108AD00024010101070581031000100904010002AF
:108AE0000A0000000705020240000007058302405B
:108AF00000000000FFFFFFFF0000000083000000F7
:108B000002000000820000000000000000000000E1
:108B10000000000000000000000000000000000055
:108B2000000E2707FFFFFFFF9C0000200000000051
:108B300048890100688901002889010000000000BF
:108B40000000000000000000000000000000000025
:108B50000000000000000000000000000000000015
:108B60000000000000000000000000000000000005
:108B700000000000000000000000000000000000F5
:108B800000000000000000000000000043000000A2
:108B900000000000000000000000000000000000D5
:108BA0000000000000000000000000004300000082
:108BB00000000000000000000000000000000000B5
:108BC0000000000000000000000000004300000062
:108BD0000000000000000000000000000000000095
:108BE0000000000000000000000000004300000042
:108BF0000000000000000000000000000000000075
:108C00000000000000000000000000004300000021
:108C10000000000000000000000000000000000054
:108C20000000000000000000000000004300000001
:108C30000000000000000000000000000000000034
:108C400000000000000000000000000043000000E1
:108C50000000000000000000000000000000000014
:108C6000000000000000000000000000891001006A
:108C7000C9F000000000000018880100D88501003C
:108C8000DC850100DC850100DC850100DC8501005C
:108C9000DC850100DC850100DC850100DC8501004C
:108CA000DC850100FFFFFFFFFFFFFFFFFFFFFFFF6E
:108CB000FFFF00000100415343494900000000004C
:108CC00000000000000000000000000000000000A4
:108CD000000000000000415343494900000000002B
:108CE0000000000000000000000000000000000084
:108CF000000000000000000089420000894E0000D2
:108D0000B9520000AD5400007D560000198F0000DC
:108D100069B100006DB80000D9C20000E5D30000C1
:108D2000654200000000000000000000000000009C
:040000030000D9918F
:00000001FF
