Order,Color,P4_R,P60_R,P80_W,P40_W,P40_A,P2_B,P80_WR,P80_A,P100_blank,BG_rbru0,P2_W,P2_A,BG_rbru1,P4_blank,P6_R,P10_WR,P6_A,P10_NoR,P2_R,P6_W,P4_B,P2_blank,P80_R,P4_W,P60_W,P6_B,P2_NoR,P40_R,P80_blank,P60_A,P4_A,P60_NoR,P20_WR,P8_blank,P20_blank,P20_A,P100_WR,P20_W,P20_R,P8_NoR,P60_WR,P80_NoR,P40_blank,P20_NoR,P6_blank,P4_NoR,P2_WR,BG_1,BG_0,P10_blank,P8_WR,P10_R,P8_A,P60_blank,P4_WR,P8_W,P8_B,P100_A,P100_W,P40_WR,P100_R,P10_B,P100_NoR,P6_WR,P40_NoR,P10_W,P6_NoR,P8_R,P10_A
1,Black,0.5,0.9574271077563382,0.9574271077563382,1.0,0.957427107756338,1.0,0.957427107756338,0.5773502691896257,0.5000000000000001,0.5,0.0,0.957427107756338,0.8164965809277259,0.5,0.5000000000000001,2.06155281280883,0.957427107756338,1.414213562373095,0.4999999999999999,0.4999999999999996,0.957427107756338,0.5,1.0,0.4999999999999999,0.816496580927726,0.4999999999999999,0.816496580927726,0.9574271077563382,0.5773502691896257,1.2583057392117916,0.957427107756338,0.957427107756338,0.957427107756338,0.5000000000000001,0.4999999999999999,0.5773502691896257,0.5773502691896258,0.957427107756338,0.5,1.0,0.4999999999999999,0.4999999999999999,0.816496580927726,1.7320508075688776,0.9574271077563382,0.5,0.0,0.5773502691896257,0.4999999999999999,0.816496580927726,0.816496580927726,0.5773502691896257,0.816496580927726,0.5773502691896257,0.9574271077563382,0.4999999999999996,0.5,0.5,0.957427107756338,1.707825127659933,0.5773502691896257,0.816496580927726,1.4142135623730951,1.2909944487358056,1.2583057392117916,1.2583057392117918,0.9574271077563384,0.5,0.4999999999999998
1,Blue,5.354126134736333,9.4339811320566,1.707825127659933,1.8929694486000876,1.825741858350552,3.0,2.061552812808831,2.629955639676582,0.9574271077563418,4.99165971062398,2.6457513110645907,1.5,3.559026084010436,2.8284271247461903,18.303005217723125,4.43471156521669,2.3804761428476167,2.1602468994692847,8.42614977317636,3.109126351029608,2.160246899469288,6.0,6.601767440112788,1.2909944487358074,2.98607881119482,1.892969448600092,1.4142135623730885,9.215023964519396,1.914854215512677,3.464101615137756,1.707825127659933,3.8622100754188224,3.1091263510296048,3.696845502136476,0.9574271077563368,2.309401076758505,1.7320508075688743,1.8929694486000972,3.415650255319868,2.9860788111948198,2.8284271247461867,5.5976185412488855,0.5,3.304037933599835,1.499999999999996,2.8284271247461934,5.852349955359815,1.9148542155126724,2.3629078131263026,1.1547005383792517,3.366501646120686,4.4347115652166895,1.707825127659932,1.73205080756888,6.601767440112785,2.1602468994692847,2.217355782608345,1.707825127659932,3.201562118716424,3.1091263510296034,4.966554808583778,2.5,3.304037933599835,4.716990566028299,2.061552812808831,2.75378527364305,3.304037933599835,7.25718035235908,1.825741858350556
1,Green,10.904891868637057,14.453949863849214,2.7537852736430666,9.810708435174297,1.000000000000001,2.08166599946613,1.8257418583505536,4.242640687119285,3.829708431025355,2.3804761428476207,5.439056290693567,2.449489742783179,2.9439202887759426,1.290994448735802,37.66519171153476,3.0956959368344585,1.2583057392117902,21.54646142641525,34.56756668709365,2.629955639676586,1.707825127659933,5.000000000000004,16.062378404209014,8.5,2.9860788111948198,2.872281323269013,4.654746681256314,14.387494569938156,2.3629078131262973,3.3040379335998327,2.629955639676584,5.228129047119372,11.803954139750514,7.14142842854285,4.509249752822888,2.217355782608345,20.564937798755103,4.573474244670751,8.381527307120104,15.143755588800724,31.394001550190016,6.806859285554044,9.57427107756338,3.593976442141301,5.678908345800281,3.1091263510296097,15.063753405664434,1.290994448735813,2.7080128015453164,3.403429642777021,10.893423092245468,14.38749456993816,1.707825127659933,1.707825127659933,10.626225419530051,16.82012683265696,1.5,1.1547005383792517,14.291605927956452,4.546060565661952,8.717797887081344,2.06155281280883,5.737304826019503,1.4142135623730916,4.112987559751016,8.020806277010637,8.524474568362955,28.36664708185771,2.8722813232690143
1,Red,14.730919862656236,11.803954139750516,2.645751311064587,2.6299556396765835,0.9574271077563375,0.5773502691896247,7.675719293112969,1.5000000000000002,2.7080128015453164,2.3804761428476167,3.0956959368344554,2.0615528128088285,3.774917217635375,1.707825127659933,51.33874430356343,4.041451884327388,1.7320508075688767,2.5166114784235774,50.861740696388544,2.9860788111948198,1.4142135623730956,4.203173404306168,4.96655480858378,2.061552812808831,1.7078251276599343,0.4999999999999996,4.573474244670748,12.19289410544792,1.707825127659926,2.629955639676583,2.943920288775949,3.696845502136475,1.707825127659933,2.645751311064598,3.5118845842842465,2.2173557826083456,2.217355782608345,2.645751311064583,8.831760866327848,2.500000000000001,1.7078251276599343,2.3804761428476207,1.4142135623730951,1.2909944487358056,2.6299556396765835,3.8622100754188224,16.911534525287767,2.160246899469287,3.774917217635376,2.449489742783178,3.1091263510296128,34.70230539892127,0.957427107756338,2.629955639676586,18.02544497832624,2.7537852736430586,0.9999999999999996,1.258305739211792,6.238322424070967,1.4142135623730916,8.524474568362946,1.2909944487358056,1.707825127659933,9.912113800799505,4.349329450233298,2.4494897427831703,2.6299556396765835,43.48467162882418,0.5773502691896257
1,White,75.91826745476567,63.773035054010094,1.290994448735813,5.737304826019502,2.0615528128088343,4.358898943540674,3.5939764421413187,3.685557397916,4.203173404306164,4.24264068711927,3.304037933599822,5.188127472091127,3.651483716701113,7.187952884282608,179.02793078176376,13.598406769422164,3.86221007541882,17.802153427792557,146.04337255304216,1.707825127659933,2.3804761428476167,13.598406769422152,34.76947895305115,8.655441448399179,9.878427675158296,1.4142135623730934,5.852349955359803,57.42531381426371,4.725815626252614,3.162277660168378,2.0615528128088343,2.645751311064605,3.201562118716423,5.446711546122731,2.5,6.928203230275508,6.557438524302011,2.872281323269016,46.38246795216199,29.43920288775949,8.65544144839919,4.509249752822907,6.952217871538054,1.290994448735813,9.215023964519393,5.56027577253743,36.55475345286847,2.9439202887759524,5.259911279353167,26.55183609470352,0.816496580927726,166.76605369998617,3.403429642777026,5.686240703077317,28.3357842077234,15.478479684172274,1.914854215512676,5.18812747209113,1.707825127659933,3.1622776601683853,39.76074278313556,1.732050807568876,16.713268182295575,9.201449161228174,2.217355782608345,10.307764064044164,24.198829172778872,196.03231026202457,2.5000000000000004
2,Black,0.5773502691896257,1.0,0.9574271077563382,1.0,0.816496580927726,0.0,0.957427107756338,0.816496580927726,0.957427107756338,0.5,0.5773502691896257,1.4142135623730951,0.4999999999999999,0.0,0.957427107756338,0.957427107756338,0.5,0.957427107756338,0.0,1.914854215512676,0.4999999999999999,0.5,0.957427107756338,0.5773502691896257,1.5,0.957427107756338,0.4999999999999998,0.4999999999999999,1.5000000000000002,0.816496580927726,0.816496580927726,1.707825127659933,0.957427107756338,1.2909944487358056,0.957427107756338,0.4999999999999999,0.816496580927726,1.2583057392117911,0.9574271077563382,1.4142135623730951,0.957427107756338,1.7320508075688772,1.0,0.0,1.5,0.5773502691896257,0.957427107756338,0.5,0.8164965809277259,1.4142135623730951,1.2583057392117911,1.1547005383792517,0.957427107756338,0.5773502691896258,1.2909944487358056,0.816496580927726,1.0,0.816496580927726,2.0615528128088303,0.957427107756338,0.5773502691896258,0.5773502691896257,0.4999999999999999,2.9860788111948198,1.707825127659933,0.816496580927726,1.258305739211792,1.0,1.0
2,Blue,7.588368291888143,11.842719282327014,3.696845502136472,4.434711565216694,4.5,2.6457513110645907,1.8929694486000876,1.0,2.943920288775949,2.6299556396765835,2.8284271247461867,1.4142135623730951,1.2583057392117944,2.8722813232690143,18.38477631085024,2.6299556396765835,2.708012801545318,2.7080128015453253,8.770214744615247,2.160246899469287,2.645751311064592,4.041451884327384,7.54983443527075,2.380476142847615,1.707825127659933,3.4641016151377544,3.265986323710904,7.438637868140463,3.947573094109007,2.217355782608345,3.1091263510296034,1.1547005383792432,0.9574271077563404,2.3804761428476207,3.0956959368344497,2.4999999999999982,1.892969448600095,0.5,6.130524719249842,3.3040379335998327,2.217355782608345,2.9439202887759537,3.1091263510296048,3.2015621187164296,2.9860788111948167,3.947573094109007,7.071067811865472,0.816496580927726,2.3804761428476167,2.943920288775949,2.2173557826083483,6.557438524301999,2.629955639676582,3.1622776601683777,6.3966136874651625,3.30403793359984,1.258305739211791,2.217355782608347,6.130524719249848,2.000000000000002,1.825741858350556,2.5166114784235827,1.5000000000000078,2.217355782608345,1.9148542155126689,2.943920288775949,2.44948974278318,4.924428900898052,2.380476142847615
2,Green,11.086778913041726,9.535023160258536,1.707825127659947,10.468205831628136,0.9574271077563388,4.041451884327377,2.943920288775949,1.9148542155126755,3.8622100754188224,4.57347424467074,7.852812659593159,2.7080128015453173,1.9999999999999951,4.242640687119285,40.32369030731191,5.099019513592792,2.8722813232690143,17.568911937472585,37.02701716314724,2.3629078131262973,1.2909944487358047,1.5,15.121728296285005,8.286535263104035,3.7749172176353816,1.258305739211791,1.0000000000000049,12.419742348374218,3.3665016461206885,1.8257418583505545,1.4142135623730934,8.655441448399191,6.454972243679028,5.597618541248883,4.112987559751019,2.4999999999999987,22.052966542697447,4.112987559751022,11.4418821295566,17.914147109663542,28.5482048472404,3.201562118716424,10.90489186863706,4.203173404306164,4.856267428111161,3.41565025531987,14.314910641239315,2.217355782608345,1.732050807568872,2.943920288775949,12.233832869001718,14.750706197783662,2.06155281280883,2.0615528128088303,14.73091986265623,13.9522996909709,1.914854215512676,0.957427107756338,11.412712210513323,7.724420150837645,7.7028133388608975,1.914854215512676,2.0615528128088383,1.825741858350556,2.217355782608345,5.0,7.874007874011806,24.79919353527449,2.75378527364305
2,Red,16.173538058610838,7.932002689527196,1.1547005383792517,3.1622776601683715,0.957427107756338,0.5773502691896247,5.4390562906935775,1.2583057392117916,3.4641016151377544,1.7320508075688827,3.0000000000000013,2.7080128015453213,3.366501646120693,4.690415759823432,53.44389581607987,5.066228051190223,0.816496580927726,3.304037933599827,48.84669896727925,3.109126351029599,1.8929694486000908,5.1881274720911295,7.25718035235908,2.5000000000000067,3.5939764421412983,1.732050807568877,2.21735578260834,11.236102527122116,3.8622100754188224,1.8929694486000916,1.707825127659933,1.8257418583505536,2.449489742783186,1.892969448600095,2.499999999999999,0.816496580927726,0.5000000000000047,3.8622100754188224,9.66091783079296,3.741657386773941,3.1091263510296048,2.581988897471611,3.9475730941090057,1.7078251276599288,0.957427107756338,1.2583057392117898,19.27649691550135,4.546060565661952,2.217355782608345,1.4142135623730985,2.5166114784235774,31.63726705432482,1.258305739211792,2.516611478423589,20.36950334855189,3.500000000000001,1.2909944487358056,1.5000000000000004,4.203173404306156,0.4999999999999952,5.1234753829798,0.9574271077563375,2.645751311064598,6.849574196011505,4.193248541803047,2.753785273643043,2.4999999999999933,44.96202101032974,1.4142135623730945
2,White,71.2320152740325,66.34442955767526,2.0615528128088325,34.03307215048327,5.852349955359813,4.163331998932264,2.7080128015453098,4.123105625617658,3.095695936834447,4.99165971062398,2.1602468994693,6.879922480183425,8.850612031567838,8.888194417315589,179.18147225648082,32.998737349581525,0.816496580927726,6.130524719249827,142.70015183360294,2.21735578260833,1.892969448600088,11.757976016304834,37.35416085703618,4.358898943540674,8.098353742170898,1.5,2.9860788111948198,59.295868321494375,3.915780041490251,3.774917217635373,3.87298334620742,3.304037933599835,4.760952285695233,4.96655480858378,9.678154093971983,3.774917217635375,4.203173404306164,2.362907813126318,43.74547595656797,34.989284073841795,9.398581453247774,9.255628917943222,2.943920288775949,2.2173557826083514,2.217355782608345,4.193248541803052,35.036885325801066,1.7078251276599303,2.5000000000000018,26.38812864401969,7.41057802513857,145.14131045295136,3.366501646120693,1.154700538379268,22.750457870850266,23.951339558919592,2.217355782608345,5.972157622389639,4.193248541803052,8.88350531415762,37.65634076752546,1.2909944487358056,10.376254944182254,3.915780041490258,3.304037933599835,18.227726133558185,2.3094010767584865,194.2753629945564,1.2909944487358056
3,Black,0.4999999999999999,0.957427107756338,0.957427107756338,1.8257418583505536,1.4142135623730951,0.5773502691896257,0.816496580927726,0.5,0.957427107756338,1.1547005383792517,0.0,0.957427107756338,0.8164965809277259,0.5773502691896257,0.0,1.2583057392117918,0.8164965809277263,0.957427107756338,0.816496580927726,1.258305739211792,0.5,0.5,1.2583057392117918,0.0,0.4999999999999999,0.4999999999999999,0.9574271077563384,0.5773502691896257,1.2583057392117911,0.5,0.5773502691896257,0.9999999999999998,0.957427107756338,1.5000000000000002,0.816496580927726,0.957427107756338,0.4999999999999999,0.957427107756338,0.5,0.5000000000000001,0.957427107756338,1.2583057392117918,0.8164965809277259,0.8164965809277263,0.816496580927726,0.957427107756338,0.5773502691896257,0.0,0.816496580927726,0.957427107756338,0.0,0.5000000000000001,0.5000000000000001,1.5,1.707825127659933,0.5773502691896263,0.5,0.4999999999999999,0.9574271077563382,0.816496580927726,0.0,0.5,0.5773502691896257,2.872281323269014,1.1547005383792517,0.957427107756338,0.5773502691896257,1.0,0.0
3,Blue,5.560275772537426,9.110433579144296,0.957427107756338,2.160246899469287,2.5,1.5275252316519428,2.581988897471604,2.362907813126305,2.380476142847615,2.872281323269017,2.217355782608345,1.8929694486000928,3.000000000000004,4.425306015783918,16.34013463836819,3.41565025531987,1.6329931618554536,1.707825127659933,8.366600265340756,2.160246899469287,1.4142135623730958,4.242640687119285,4.991659710623977,2.2173557826083448,2.8284271247461867,0.9574271077563388,4.203173404306164,6.849574196011509,2.943920288775945,3.1622776601683773,2.06155281280883,2.6457513110645907,2.7537852736430586,3.2015621187164247,2.380476142847615,2.449489742783178,3.0956959368344554,2.217355782608345,8.698658900466592,4.5,2.081665999466135,4.242640687119287,1.2909944487358056,3.415650255319866,2.217355782608345,3.774917217635375,7.410578025138572,2.999999999999999,2.7537852736430497,2.4999999999999964,3.559026084010437,3.9157800414902417,1.707825127659932,1.258305739211789,4.991659710623975,2.6299556396765844,2.2173557826083443,0.816496580927726,5.377421934967227,2.6299556396765835,3.109126351029607,2.380476142847616,0.577350269189634,2.7080128015453164,1.732050807568872,1.914854215512676,0.8164965809277203,6.238322424070967,2.0615528128088285
3,Green,11.902380714238085,10.1447851956888,2.9860788111948278,9.486832980505138,1.4142135623730958,3.0550504633038904,2.753785273643043,1.7320508075688767,2.3629078131262973,3.559026084010433,4.99165971062398,2.8722813232690143,1.707825127659933,3.8729833462074144,48.472500795124375,7.371114795832,1.5,11.354147553500733,37.50888783564059,5.228129047119377,2.3804761428476167,7.047458170621983,11.729592206608604,4.760952285695233,1.892969448600095,1.707825127659932,5.507570547286094,14.032699906527847,4.500000000000003,1.707825127659933,1.000000000000001,6.130524719249833,16.14517471774978,4.272001872658765,5.50757054728611,3.304037933599836,19.78214683327706,3.4641016151377544,11.176612486199325,16.79285562374667,36.6333181680284,5.377421934967221,11.37248140615466,4.112987559751019,2.160246899469287,5.446711546122733,15.499999999999996,2.7080128015453164,3.559026084010437,2.4494897427831703,10.739335795724667,16.049402896473545,0.5,2.217355782608345,12.83225103661344,13.598406769422162,1.7320508075688772,1.8257418583505531,9.322910847298,19.44865033877673,9.105858919765158,0.5773502691896257,2.8284271247461934,3.403429642777018,0.0,4.082482904638629,7.719024117939612,21.9848432637882,1.892969448600092
3,Red,15.129992289048488,11.7011395456454,3.5000000000000075,2.0615528128088303,1.2909944487358056,1.5275252316519452,5.737304826019502,2.7537852736430506,1.5,0.957427107756338,0.8164965809277203,2.943920288775949,3.1622776601683795,1.5,52.24940191045252,2.9860788111948264,1.8257418583505536,5.56027577253742,52.3354564325181,3.559026084010436,1.8929694486000903,1.7320508075688772,7.88986691902975,3.3166247903554056,1.707825127659933,1.2909944487358056,4.924428900898061,8.99536917900909,5.315072906367325,0.5773502691896263,2.217355782608345,4.716990566028302,2.0615528128088383,3.947573094108996,2.44948974278318,1.258305739211792,2.2173557826083528,1.2909944487358056,9.93310961716756,4.645786621588778,1.0000000000000049,0.9999999999999952,1.258305739211786,2.217355782608345,3.593976442141302,4.16333199893227,19.578900207451227,3.0,2.886751345948129,0.957427107756338,3.1622776601683715,33.99387199677808,0.9574271077563382,2.8867513459481358,17.41646730348418,3.8622100754188224,1.707825127659933,1.707825127659933,1.632993161855452,1.2583057392117971,6.946221994724901,1.8257418583505536,1.707825127659926,11.090536506409425,2.160246899469291,2.999999999999992,3.304037933599835,40.79522030826651,1.4142135623730956
3,White,74.16367035145981,66.80568838055635,2.872281323269006,29.892864254422545,2.3804761428476167,4.58257569495584,3.774917217635376,1.5000000000000009,2.6299556396765817,5.188127472091121,7.544313531837524,10.340051579497397,5.1234753829798,11.803954139750532,182.19678006668136,4.96655480858378,2.0615528128088307,3.7749172176353736,149.3519333654573,1.707825127659933,2.3804761428476167,11.814539065631507,32.321303604073066,6.806859285554061,7.505553499465138,3.40342964277702,4.082482904638619,59.46988033169957,6.898067362191618,2.160246899469287,3.36650164612069,2.629955639676589,4.112987559751007,5.560275772537425,5.830951894845317,2.8722813232690143,5.354126134736349,3.651483716701123,43.545952739606015,33.68976105584601,10.935416468216152,7.393691004272944,4.434711565216697,2.753785273643053,5.315072906367319,0.957427107756338,38.16084380618437,3.829708431025337,2.160246899469291,22.24672260506401,10.688779163215964,144.41837371562758,0.9574271077563368,4.499999999999986,29.647934160747173,20.56493779875511,2.217355782608345,2.081665999466131,4.509249752822886,10.099504938362086,36.07746295588609,1.5,9.574271077563372,1.8257418583505485,2.160246899469278,15.30522786501398,15.26160760426853,192.23856706360112,3.862210075418826
4,Black,0.816496580927726,0.957427107756338,1.2583057392117916,0.5,0.957427107756338,0.5773502691896257,1.0,0.5773502691896257,1.707825127659933,0.5,0.816496580927726,0.9999999999999998,0.8164965809277259,1.0,0.9574271077563384,1.0,0.5773502691896255,1.4142135623730951,0.4999999999999999,1.5,0.957427107756338,0.5773502691896257,0.5773502691896258,0.4999999999999999,0.4999999999999999,1.1547005383792517,0.957427107756338,0.5,1.2583057392117916,1.2583057392117918,0.5000000000000001,1.2909944487358054,1.2583057392117911,1.414213562373095,0.8164965809277259,0.0,0.4999999999999999,0.5000000000000001,0.0,0.957427107756338,0.5,0.816496580927726,0.957427107756338,1.707825127659933,0.5,0.5773502691896257,0.4999999999999999,0.4999999999999999,0.4999999999999999,1.5,0.957427107756338,0.5,1.5,0.9574271077563382,1.7320508075688772,0.5,0.0,0.816496580927726,1.7320508075688772,0.5773502691896257,0.816496580927726,0.5773502691896257,0.816496580927726,1.914854215512676,0.816496580927726,0.9999999999999998,1.0,0.5,0.957427107756338
4,Blue,4.57347424467075,10.781929326423908,2.6299556396765844,1.632993161855452,1.8257418583505536,3.2145502536643145,3.403429642777021,1.914854215512676,4.112987559751022,3.559026084010437,2.6457513110645907,2.160246899469287,2.629955639676582,2.9439202887759524,15.286159317064136,1.4142135623730985,1.500000000000002,2.217355782608346,6.557438524302,2.5166114784235774,3.5,4.43471156521669,5.909032633745278,1.2909944487358056,2.6299556396765835,2.380476142847615,1.707825127659926,8.082903768654758,0.9574271077563368,4.349329450233296,0.957427107756338,3.0956959368344497,3.593976442141304,2.9439202887759497,2.943920288775949,1.7078251276599314,1.8929694486000972,2.3804761428476167,5.322906474223773,2.986078811194825,2.6299556396765835,4.509249752822888,2.499999999999998,2.581988897471611,2.380476142847617,2.160246899469287,5.477225575051663,1.4142135623730967,3.1091263510296048,3.109126351029607,1.7078251276599343,4.242640687119285,2.7080128015453213,3.2015621187164247,6.806859285554048,2.581988897471611,1.8929694486000903,0.816496580927726,4.031128874149275,2.449489742783177,4.272001872658767,2.061552812808831,2.6299556396765835,3.8622100754188224,3.559026084010437,3.5118845842842545,0.816496580927726,6.78232998312527,0.816496580927726
4,Green,10.099504938362074,10.785793124908956,6.18465843842649,10.801234497346432,1.2909944487358056,1.0,2.0615528128088303,1.9148542155126764,2.160246899469287,2.3804761428476167,5.25198375219624,2.3804761428476167,6.3966136874651625,5.066228051190227,47.01329599166602,7.804912982645403,3.499999999999998,16.640813281407446,36.8725281657406,4.43471156521669,2.217355782608346,4.654746681256307,14.908051515875574,8.164965809277264,2.499999999999999,2.516611478423582,2.9439202887759475,14.407752542757438,1.2909944487358056,3.862210075418824,3.304037933599835,6.701989754294367,12.12435565298214,4.242640687119285,5.315072906367317,1.4142135623730945,17.81385228784986,4.509249752822889,10.16530045465127,20.66196183005541,29.894258088580607,5.315072906367317,10.904891868637057,5.057996968497839,3.6968455021364672,3.464101615137752,12.727922061357855,5.377421934967221,3.872983346207417,4.43471156521669,7.135591542869209,15.110702608857515,2.516611478423582,4.031128874149275,13.93735986476636,15.945218719101982,1.914854215512676,0.5773502691896247,8.54400374531753,19.04380914278093,10.177589760514683,2.5819888974716108,3.947573094109009,3.109126351029608,3.69684550213648,5.597618541248891,4.966554808583774,20.645822822062577,2.708012801545321
4,Red,14.2828568570857,8.962886439832502,1.9999999999999951,1.914854215512676,1.5,2.6457513110645907,3.3665016461206982,1.8929694486000916,2.943920288775949,3.1091263510296048,3.1091263510296048,0.9574271077563388,0.8164965809277203,2.309401076758503,51.37687547266117,2.160246899469287,2.5819888974716108,2.449489742783178,48.84243373679626,2.8722813232690143,1.500000000000001,3.109126351029601,6.055300708194983,2.9860788111948198,4.031128874149275,1.5,2.3804761428476087,10.67707825203131,2.3804761428476207,1.8929694486000916,2.581988897471612,3.500000000000005,2.6299556396765835,2.645751311064598,0.9999999999999952,2.3804761428476167,2.449489742783178,3.593976442141304,10.21028892833107,2.629955639676581,2.98607881119482,3.9475730941090057,0.957427107756338,3.4641016151377544,4.96655480858378,2.629955639676581,17.397317800933184,3.774917217635374,1.892969448600095,4.082482904638634,4.349329450233296,32.01431971269523,1.4142135623730947,2.986078811194812,19.155068954891977,5.737304826019502,1.5000000000000002,1.2909944487358054,1.732050807568872,2.7080128015453253,6.3966136874651625,0.5773502691896257,1.825741858350556,8.755950357709132,4.509249752822888,1.4142135623730885,2.5166114784235774,44.61315202194677,0.9574271077563382
4,White,68.67799259345506,64.01757571167468,2.70801280154533,26.24245923435276,3.915780041490245,2.6457513110645907,3.3040379335998247,3.8622100754188224,2.36290781312631,6.48074069840786,5.446711546122731,3.4034296427770165,2.1602468994692736,9.251126057585289,178.73886911730568,9.358596760910975,3.559026084010436,6.683312551921141,144.37335857652778,2.581988897471604,2.516611478423586,11.295279249904937,33.96444219081676,9.98331942124796,10.144785195688806,1.8257418583505525,2.217355782608345,57.314192541347616,2.217355782608356,4.43471156521669,6.652067347825035,3.593976442141316,1.2909944487358056,2.217355782608343,6.898067362191611,0.816496580927726,2.217355782608345,3.3166247903554056,43.43193909248507,36.95943722515264,23.867690853257397,5.439056290693565,5.25991127935315,1.4142135623730816,7.164728420068242,3.6968455021364823,37.54108860080289,3.3166247903554056,3.3040379335998336,21.11081871142536,9.03234926989281,160.89955458815498,2.872281323269012,2.21735578260833,33.31666249791535,14.999999999999984,2.217355782608345,3.593976442141304,3.3665016461207014,6.184658438426496,37.93305506634901,1.7320508075688772,24.390913608691804,1.290994448735813,2.7537852736430355,6.499999999999988,5.196152422706632,183.27824930052847,4.4999999999999964
5,Black,0.4999999999999999,0.816496580927726,1.2583057392117916,1.414213562373095,0.4999999999999999,1.1547005383792517,0.5,0.4999999999999999,1.7320508075688776,0.5,0.4999999999999999,1.5,0.0,0.816496580927726,0.0,1.0,0.957427107756338,0.816496580927726,0.957427107756338,0.5773502691896257,0.5,0.5773502691896257,1.0,0.4999999999999999,0.4999999999999999,0.816496580927726,0.957427107756338,0.0,0.957427107756338,0.5,0.5000000000000001,1.707825127659933,1.0,1.2583057392117916,0.9574271077563382,1.0,0.8164965809277259,0.5000000000000001,0.816496580927726,1.0,1.0,0.957427107756338,1.2909944487358056,1.4142135623730951,1.414213562373095,1.0,0.4999999999999999,0.0,0.816496580927726,0.957427107756338,1.2583057392117911,0.816496580927726,1.4142135623730951,0.4999999999999999,1.0,0.5773502691896257,0.4999999999999999,0.4999999999999999,0.5773502691896257,1.2909944487358056,0.0,0.957427107756338,0.957427107756338,2.872281323269014,0.5773502691896257,0.957427107756338,0.5773502691896263,1.5,0.8164965809277263
5,Blue,4.193248541803043,7.675719293112969,1.5,2.081665999466126,2.160246899469288,0.0,2.9439202887759426,2.380476142847617,4.12310562561766,1.4142135623730985,2.0615528128088303,0.9574271077563368,2.160246899469287,2.061552812808833,16.633299933166196,2.1602468994692936,1.892969448600092,2.9860788111948198,8.544003745317534,0.957427107756338,2.5,4.123105625617661,3.366501646120692,0.9574271077563368,4.0414518843273735,1.2909944487358056,3.829708431025345,5.909032633745275,2.1602468994692834,2.2173557826083443,2.629955639676582,3.4641016151377544,3.8622100754188224,1.2909944487358056,3.1091263510296048,1.2909944487358056,3.4641016151377544,2.0615528128088303,7.767453465154028,1.4142135623730985,0.957427107756338,3.3166247903554056,2.3804761428476167,1.732050807568872,0.9574271077563368,4.924428900898049,5.196152422706632,1.8929694486000928,2.3629078131263075,1.8257418583505525,3.8622100754188224,4.272001872658764,2.380476142847616,2.3629078131263057,7.393691004272941,2.217355782608345,1.2909944487358056,1.8257418583505536,2.2173557826083528,2.0816659994661326,4.163331998932267,1.258305739211791,3.741657386773943,3.2015621187164243,3.499999999999997,2.7537852736430586,2.1602468994692847,5.560275772537424,3.3040379335998336
5,Green,12.503332889007364,10.242883708539637,2.5,9.63932916061417,0.9999999999999988,2.309401076758505,3.304037933599827,2.943920288775949,3.696845502136472,4.193248541803047,5.3541261347363305,2.217355782608345,2.5,5.123475382979799,43.12385264174186,6.055300708194984,1.2909944487358047,16.329931618554514,34.11744421846396,1.1547005383792432,1.1547005383792517,7.257180352359074,13.225606476327153,7.228416147400475,2.886751345948134,0.957427107756338,2.499999999999995,13.400870618483465,5.446711546122738,1.7078251276599334,2.217355782608345,5.909032633745282,14.583095236151571,3.464101615137757,6.3966136874651545,0.9574271077563388,26.812621406096543,3.593976442141304,10.242883708539637,19.90812229551882,24.308777564218783,6.849574196011509,13.025615788386622,5.715476066494089,2.9439202887759537,5.852349955359813,17.616280348965088,3.785938897200179,3.095695936834454,10.535653752852737,11.661903789690594,14.525839046333951,3.109126351029606,4.7871355387816905,13.73559851869101,8.225975119502051,1.4142135623730945,2.943920288775949,7.22841614740048,15.521490478258412,9.21502396451939,2.753785273643052,5.678908345800274,2.645751311064587,3.7859388972001855,5.852349955359816,8.30160627027484,15.195942440884233,1.7078251276599334
5,Red,13.32916601542147,10.874281585465774,1.5000000000000078,2.1602468994692847,1.7320508075688776,1.5275252316519463,6.48074069840786,1.732050807568877,3.0956959368344497,3.0956959368344554,2.3804761428476167,3.559026084010437,6.377042156569663,4.573474244670748,49.72926703662542,4.031128874149282,2.0615528128088303,3.2015621187164296,49.08156476723211,3.8622100754188224,1.2583057392117918,6.946221994724902,6.976149845485449,1.7320508075688772,2.6457513110645925,0.5773502691896257,2.3804761428476167,12.093386622447824,1.4999999999999984,1.2909944487358056,1.707825127659933,3.1091263510296048,2.7537852736430586,1.707825127659933,5.909032633745278,1.5000000000000002,1.7078251276599343,2.75378527364305,10.404326023342406,2.217355782608342,6.137317546507315,1.2909944487358056,1.8929694486000876,6.994045086119094,3.696845502136472,3.304037933599835,19.31105037709412,1.707825127659933,2.9860788111948198,3.201562118716424,2.75378527364305,29.42221383014315,1.290994448735806,2.3804761428476087,17.16585758611164,3.499999999999995,1.914854215512676,1.0000000000000002,3.872983346207417,5.830951894845299,7.588368291888141,1.5000000000000002,4.112987559751022,6.683312551921147,2.2173557826083483,2.362907813126307,4.991659710623971,41.8568990729127,0.9999999999999996
5,White,69.24353158719352,61.01024504130433,0.957427107756338,17.841898254763514,2.061552812808828,4.509249752822893,2.217355782608345,2.5,6.3966136874651625,8.888194417315601,7.571877794400358,3.366501646120686,3.593976442141304,14.338177476002064,174.9533271094513,35.32114569678246,2.449489742783178,5.744562646538017,143.86191295822533,2.0615528128088187,1.7320508075688787,11.2361025271221,35.50938842991621,6.350852961085892,6.701989754294367,3.3040379335998318,3.8622100754188224,57.94537657714088,3.304037933599848,3.304037933599835,1.707825127659933,1.1547005383792517,3.109126351029617,5.830951894845289,3.500000000000015,1.4999999999999991,1.000000000000009,2.4494897427831743,40.31025510545259,33.008837200563946,19.765289440498137,8.582928793055826,4.031128874149275,2.9439202887759524,14.7648230602334,1.8929694486000987,42.32020793899767,5.25198375219623,1.000000000000009,14.888474289418197,10.436314802968846,158.41164729905438,2.0615528128088303,1.632993161855452,31.33023034280684,31.752952618614867,2.9860788111948198,0.9574271077563368,3.685557397915985,9.273618495495692,38.35253142449226,2.217355782608345,26.449637678677806,9.53502316025852,4.396968652757625,14.38459824488215,6.377042156569663,187.88538172690997,0.5000000000000023
6,Black,0.957427107756338,1.2583057392117916,0.5773502691896257,0.957427107756338,1.2583057392117918,1.0,0.8164965809277259,0.5773502691896257,0.957427107756338,0.8164965809277259,0.5773502691896257,0.5773502691896257,0.4999999999999999,0.5773502691896258,0.0,0.957427107756338,0.957427107756338,0.5000000000000001,0.5,1.1547005383792517,0.5773502691896257,0.0,1.2909944487358056,1.0,0.957427107756338,0.5,0.957427107756338,0.5,1.4142135623730951,0.4999999999999999,0.816496580927726,0.957427107756338,0.9999999999999998,1.2583057392117911,0.957427107756338,0.0,1.2909944487358056,0.957427107756338,1.0,1.707825127659933,0.5773502691896258,0.4999999999999999,0.957427107756338,0.8164965809277259,0.5,0.5773502691896257,1.0,0.5773502691896257,0.5773502691896257,0.957427107756338,0.5,0.5773502691896257,0.816496580927726,0.957427107756338,1.4142135623730951,0.957427107756338,0.5773502691896257,0.957427107756338,1.4142135623730951,1.5,0.0,0.5,1.2909944487358056,2.217355782608345,1.2909944487358056,1.2583057392117918,0.957427107756338,0.957427107756338,0.5000000000000001
6,Blue,6.551081335677852,5.163977794943222,3.3665016461206982,1.258305739211786,1.7320508075688772,1.7320508075688772,1.7320508075688772,1.7078251276599314,2.8284271247461903,2.64575131106459,2.6299556396765835,2.8722813232690143,3.0956959368344497,2.9860788111948167,14.221462653327892,3.74165738677394,4.203173404306164,4.7871355387816905,8.0156097709407,1.258305739211786,0.9574271077563388,2.000000000000002,8.582928793055824,3.5000000000000004,0.816496580927726,1.2583057392117902,3.46410161513776,7.071067811865473,3.651483716701109,2.380476142847616,1.8257418583505536,4.795831523312721,2.629955639676586,1.5,3.685557397915997,1.732050807568876,1.707825127659933,1.4142135623730916,6.18465843842649,3.304037933599827,2.5000000000000004,2.5,1.5,3.915780041490237,3.559026084010437,1.73205080756888,4.08248290463863,2.581988897471611,1.5,0.9574271077563418,2.2173557826083528,3.109126351029604,2.160246899469287,4.272001872658763,7.889866919029747,2.581988897471604,1.892969448600092,2.6457513110645907,2.0816659994661397,2.449489742783177,3.201562118716423,2.0615528128088294,2.6299556396765835,5.354126134736337,1.8257418583505536,3.304037933599827,2.449489742783178,9.1104335791443,2.217355782608345
6,Green,11.176612486199325,9.979144919948467,3.403429642777027,10.80123449734643,2.6299556396765835,3.0,2.8722813232690085,2.449489742783178,0.957427107756338,1.707825127659933,4.7871355387816985,1.707825127659933,3.0956959368344497,5.715476066494082,40.73798391346009,1.258305739211786,1.1547005383792497,9.291573243177575,34.16991854443515,1.632993161855452,2.160246899469287,9.358596760910965,11.224972160321824,6.97614984548545,2.44948974278318,1.2909944487358056,2.9860788111948264,14.908051515875576,2.449489742783178,1.632993161855452,2.9860788111948198,2.9860788111948198,15.44884030167529,4.272001872658758,5.377421934967218,1.825741858350552,21.54646142641524,4.573474244670748,12.516655570345725,7.88986691902975,23.90780904502405,4.573474244670748,12.996794476587937,3.872983346207417,1.2909944487358056,0.957427107756338,13.304134695650063,2.629955639676586,5.228129047119374,8.261355820929158,11.401754250991385,13.832329280830956,1.2909944487358056,3.415650255319862,13.022416570411696,10.21028892833107,0.5000000000000006,1.1547005383792517,3.2015621187164243,15.599145275730114,10.661457061146317,1.2909944487358056,5.196152422706636,3.862210075418824,4.991659710623987,7.593857166596345,4.654746681256307,14.032699906527847,2.160246899469288
6,Red,14.773286702694154,10.3400515794974,2.449489742783178,1.4142135623730916,2.0615528128088303,2.88675134594813,2.8722813232690143,1.707825127659933,1.2583057392117898,2.449489742783178,2.4999999999999933,2.886751345948129,1.5000000000000078,2.449489742783178,52.52618394667559,3.1622776601683715,2.309401076758502,0.9574271077563308,48.33563212924119,2.7537852736430586,0.957427107756338,3.774917217635375,8.770214744615247,1.707825127659926,4.69041575982343,0.4999999999999996,2.6299556396765835,11.586630226256467,4.425306015783916,1.2583057392117916,1.1547005383792517,1.5,1.914854215512676,5.25198375219625,1.8929694486000972,1.290994448735806,4.163331998932272,2.9860788111948198,9.322910847297996,2.217355782608345,3.1091263510296048,3.559026084010437,2.160246899469291,3.0956959368344585,3.593976442141306,4.112987559751022,18.0069431053691,1.707825127659926,3.3040379335998318,4.031128874149283,2.9860788111948198,29.21614850272591,1.8257418583505536,2.217355782608345,17.594980344783952,0.816496580927726,1.0000000000000002,1.914854215512676,8.015609770940706,5.354126134736337,4.78713553878169,1.2909944487358056,1.5,6.800735254367722,4.08248290463863,3.304037933599835,2.8722813232690143,38.309050279709794,1.2583057392117916
6,White,69.56292115775473,59.0162407025953,2.886751345948129,27.264140062238035,1.7320508075688743,7.23417813807024,5.416025603090633,5.678908345800274,4.760952285695217,5.678908345800278,7.804912982645397,3.3166247903553927,3.3040379335998247,14.008925726121912,172.29891661489535,8.381527307120109,1.4142135623730985,4.6457866215887815,146.52047638470196,3.4156502553198576,0.9574271077563344,11.401754250991369,34.68429039204925,6.849574196011499,10.87428158546578,1.4142135623730951,5.916079783099614,58.52278758455262,3.109126351029617,3.095695936834455,2.3629078131263026,2.9860788111948198,6.3770421565696696,6.4031242374328485,7.2341781380702495,2.160246899469288,3.559026084010453,5.1639777949432295,40.40627014049511,24.70323865407124,20.141168453361058,4.7871355387816905,1.7078251276599414,1.2583057392118029,3.415650255319866,6.055300708194974,39.9082280572148,6.377042156569663,3.316624790355394,17.07825127659933,10.1447851956888,156.00961508830153,2.500000000000004,2.217355782608356,28.571547618799592,37.809831173033984,2.309401076758505,2.8867513459481318,2.9439202887759524,12.35583532856708,34.393555597912034,1.2909944487358056,6.244997998398398,5.887840577551898,1.7320508075688663,13.375973484822191,5.354126134736353,191.6983307178234,0.5
7,Black,0.957427107756338,0.5773502691896257,0.0,0.957427107756338,0.5773502691896257,1.0,0.4999999999999999,0.4999999999999999,2.0615528128088303,0.5773502691896257,0.4999999999999999,0.9574271077563384,0.4999999999999999,0.5,0.5000000000000001,0.957427107756338,1.2583057392117911,0.957427107756338,0.5773502691896257,0.957427107756338,0.8164965809277259,0.957427107756338,0.957427107756338,0.5773502691896257,0.957427107756338,1.0,0.4999999999999999,0.5,0.8164965809277259,0.816496580927726,0.4999999999999998,1.7078251276599332,0.957427107756338,0.957427107756338,0.5,0.957427107756338,0.816496580927726,0.5773502691896257,0.5,1.0,0.816496580927726,0.4999999999999999,0.816496580927726,0.957427107756338,0.9574271077563382,0.5,0.5,0.816496580927726,0.8164965809277259,1.2583057392117918,0.0,0.9574271077563384,0.5773502691896257,0.5,1.0,0.9574271077563382,0.5773502691896258,1.2583057392117916,1.2583057392117916,0.5773502691896257,0.957427107756338,0.5,0.957427107756338,2.629955639676583,2.217355782608345,0.8164965809277263,1.5000000000000002,1.1547005383792517,0.816496580927726
7,Blue,5.909032633745278,5.322906474223768,2.449489742783178,2.3804761428476167,3.162277660168378,1.0,2.44948974278318,2.6457513110645907,2.0816659994661326,2.217355782608345,1.290994448735802,1.7078251276599363,2.9860788111948198,3.8729833462074144,14.352700094407329,2.44948974278318,0.4999999999999988,1.8929694486000972,8.616843969807045,2.8722813232690143,2.0615528128088303,3.593976442141304,5.446711546122731,4.041451884327382,1.258305739211786,3.593976442141304,1.7078251276599343,7.410578025138574,2.7080128015453173,1.707825127659933,2.886751345948129,3.2015621187164296,2.753785273643043,1.499999999999996,3.0,1.6329931618554536,2.3804761428476167,0.4999999999999952,6.020797289396148,2.6299556396765897,1.914854215512676,2.0615528128088294,2.2173557826083448,2.8722813232690143,3.095695936834455,2.217355782608345,3.1091263510296048,1.7320508075688772,1.7078251276599363,3.593976442141304,2.500000000000005,5.965176722724428,3.862210075418822,2.081665999466135,10.719919153924002,4.43471156521669,2.061552812808831,2.5000000000000013,2.581988897471611,1.73205080756888,4.654746681256314,1.8257418583505536,1.1547005383792517,4.830458915396474,3.947573094108999,2.7080128015453147,2.160246899469287,6.946221994724901,2.160246899469288
7,Green,11.61895003862225,12.816005617976296,3.499999999999985,10.14889156509222,1.8257418583505536,1.1547005383792497,6.18465843842649,2.160246899469286,2.886751345948134,2.9860788111948198,5.196152422706632,2.160246899469287,4.966554808583777,4.041451884327377,42.26405091800832,3.696845502136475,1.7320508075688772,10.392304845413255,34.53862572058516,2.7080128015453147,2.943920288775949,5.773502691896253,10.132456102380443,6.65206734782504,2.7537852736430586,1.825741858350556,4.041451884327378,10.87811258138715,1.9148542155126689,1.892969448600092,3.7749172176353736,2.8722813232690134,11.615363389350618,4.645786621588778,6.055300708194984,1.892969448600092,21.087120871912948,4.272001872658769,11.832159566199232,8.460693430998033,30.015273889582723,2.753785273643043,16.329931618554518,5.196152422706636,2.98607881119482,4.573474244670742,16.33758448078132,5.291502622129185,2.8722813232690183,4.69041575982343,10.307764064044148,10.996211468804455,2.6299556396765835,3.774917217635376,13.304134695650063,10.81280105553907,1.707825127659933,1.7320508075688772,8.831760866327848,17.521415467935228,9.322910847297996,1.8929694486000903,2.6299556396765835,1.9148542155126835,2.160246899469287,2.3804761428476207,5.196152422706639,25.15783509498913,1.8929694486000908
7,Red,14.7648230602334,9.814954576223638,3.0,3.5000000000000075,2.3804761428476167,3.214550253664317,2.449489742783178,0.0,4.69041575982343,3.464101615137749,2.449489742783178,2.8284271247461903,3.774917217635376,2.5,50.23942674832188,1.7320508075688827,1.2583057392117922,1.2583057392117898,46.23400624360097,2.872281323269015,2.0615528128088307,4.193248541803039,6.701989754294366,2.629955639676581,2.217355782608345,1.914854215512676,3.201562118716419,10.132456102380443,2.6299556396765835,2.380476142847617,1.2583057392117918,3.3665016461206982,1.2909944487358056,2.499999999999999,2.160246899469291,1.5000000000000002,1.707825127659926,5.744562646538029,11.644025649805714,1.2583057392117898,4.242640687119279,4.272001872658765,6.291528696058952,3.109126351029599,2.6457513110645907,2.943920288775957,18.23001188516709,0.5000000000000047,2.0615528128088294,1.707825127659933,3.265986323710904,27.29316153666824,0.816496580927726,3.304037933599835,21.67179426505029,3.1091263510296048,0.5773502691896263,1.258305739211792,7.325753658611964,4.573474244670755,7.14142842854285,1.258305739211792,2.500000000000001,7.632168761236878,1.5,3.304037933599835,2.217355782608345,41.0690475500305,1.5000000000000002
7,White,67.98284097231203,58.15138290129765,2.645751311064605,31.76344859530632,2.8867513459481264,6.658328118479399,2.7080128015453098,4.654746681256314,2.217355782608345,3.696845502136457,7.804912982645408,5.439056290693578,3.464101615137744,9.327379053088816,171.66731391463742,2.0816659994661326,2.8722813232690148,4.349329450233289,140.18886070821273,2.5166114784235947,4.690415759823426,10.5039675043925,34.08323145869045,12.662279942148372,8.48528137423857,2.217355782608347,6.13731754650732,50.40750605481953,4.898979485566372,2.872281323269012,5.887840577551902,2.8722813232690143,6.18465843842649,5.737304826019502,5.439056290693564,1.892969448600088,1.2909944487358056,1.4999999999999842,41.57222630555164,33.1762967593833,24.535688292770583,5.188127472091127,6.454972243679019,3.0,6.324555320336774,4.932882862316242,35.042830935870455,5.737304826019502,4.500000000000014,15.945218719101977,7.182153808805068,149.48216170054093,1.7320508075688743,2.5000000000000133,33.73796081567469,11.672617529928752,3.2015621187164243,2.380476142847617,4.349329450233296,12.780193008453868,32.87729713140462,3.5118845842842465,5.5,4.112987559751034,1.154700538379268,14.591664287073849,7.0,190.64692496864456,2.0615528128088303
8,Black,0.4999999999999999,0.957427107756338,0.816496580927726,0.816496580927726,0.8164965809277259,1.1547005383792517,0.957427107756338,0.816496580927726,1.2909944487358056,0.5,0.5773502691896258,0.957427107756338,0.5,0.5773502691896257,0.5,0.5000000000000001,1.0,0.0,0.9574271077563382,0.5773502691896257,0.5,0.5,0.4999999999999999,0.5773502691896257,1.8257418583505536,0.816496580927726,0.957427107756338,0.0,1.8257418583505536,0.5773502691896257,0.957427107756338,0.5773502691896255,1.4142135623730951,1.2909944487358056,0.4999999999999999,0.5,0.957427107756338,1.5,0.816496580927726,0.5773502691896257,0.5773502691896257,0.5773502691896257,0.816496580927726,0.957427107756338,0.957427107756338,0.9574271077563382,0.957427107756338,0.5,0.816496580927726,0.5773502691896257,1.2909944487358054,0.0,0.957427107756338,0.5773502691896257,1.4142135623730951,0.957427107756338,0.816496580927726,0.816496580927726,2.217355782608345,1.2583057392117916,0.816496580927726,0.4999999999999999,1.707825127659933,2.217355782608345,1.2909944487358056,1.1547005383792517,1.2909944487358054,0.4999999999999998,0.5773502691896257
8,Blue,4.999999999999997,6.952217871538073,2.6299556396765835,3.593976442141304,1.2583057392117902,1.1547005383792497,2.9860788111948198,2.44948974278318,1.2909944487358056,4.434711565216694,2.5000000000000067,2.7537852736430497,3.36650164612069,2.3629078131263057,13.47528602046477,1.707825127659926,0.957427107756338,3.3665016461206885,4.573474244670748,2.449489742783178,1.8257418583505536,3.862210075418826,3.8622100754188224,2.0615528128088303,4.041451884327381,1.500000000000002,1.258305739211786,6.952217871538073,3.3040379335998367,3.3166247903554,3.5,3.2015621187164243,3.593976442141304,2.645751311064589,3.5118845842842457,2.160246899469288,3.741657386773941,1.5,7.325753658611969,0.5773502691896257,1.7078251276599323,2.886751345948134,2.217355782608348,3.5118845842842465,2.8722813232690143,2.9860788111948167,5.965176722724423,3.3166247903554,0.9574271077563368,3.36650164612069,2.645751311064598,5.251983752196246,2.0615528128088285,3.0956959368344505,5.802298395176403,1.290994448735802,1.500000000000001,1.707825127659933,3.947573094108996,2.5,3.872983346207417,0.5000000000000006,4.272001872658765,3.0956959368344554,2.4999999999999933,2.6299556396765835,2.160246899469287,6.898067362191627,3.0956959368344528
8,Green,11.926860441876569,9.46924847422786,0.816496580927726,5.315072906367325,2.217355782608346,3.7859388972001855,3.162277660168387,1.4142135623730945,3.696845502136472,1.707825127659926,7.135591542869215,2.2173557826083448,3.201562118716419,4.924428900898049,40.50822961654418,2.6457513110645943,3.5118845842842465,7.588368291888141,34.50966048321349,2.0816659994661397,1.2909944487358056,4.112987559751017,12.0381338531629,8.426149773176352,1.8929694486000972,0.5000000000000006,2.986078811194825,11.803954139750513,1.7078251276599343,2.217355782608345,2.7080128015453213,4.123105625617653,10.677078252031311,2.7080128015453147,4.787135538781697,1.7320508075688772,20.15564437074637,6.7019897542943685,8.808140174482544,9.83192080250175,41.2583324917525,3.403429642777025,13.723459233492598,5.43905629069357,5.315072906367332,2.5,12.338962679253072,3.095695936834454,3.1091263510296048,6.075908711186062,11.401754250991376,15.000000000000004,2.3629078131263026,1.8929694486000876,11.026483271348734,15.534906930308066,1.8257418583505536,1.914854215512677,5.744562646538024,13.59840676942217,7.27438428093173,1.2909944487358047,2.3629078131262973,2.499999999999995,1.0,6.499999999999997,7.32575365861197,21.406774628607646,2.872281323269015
8,Red,13.1782649338472,8.366600265340756,1.2583057392117898,4.573474244670756,0.957427107756338,1.5275252316519463,4.991659710623985,0.816496580927726,4.434711565216696,3.162277660168387,3.499999999999997,1.258305739211793,4.041451884327378,2.061552812808828,49.828873824988925,4.27200187265877,1.1547005383792517,2.217355782608342,49.547115624087205,4.795831523312722,1.7078251276599334,3.559026084010441,4.163331998932264,0.957427107756338,2.362907813126307,1.5,1.9148542155126735,11.4418821295566,3.46410161513776,0.957427107756338,1.0000000000000004,1.5000000000000016,3.696845502136472,2.986078811194816,1.5,2.1602468994692865,3.593976442141304,3.201562118716424,7.852812659593162,2.3804761428476167,3.265986323710904,1.0000000000000049,1.914854215512676,0.0,1.2909944487358056,4.242640687119285,17.63282923034947,3.947573094108999,4.43471156521669,2.645751311064598,2.6299556396765835,29.14904229415894,2.160246899469287,3.403429642777029,20.918492616183727,4.924428900898053,0.4999999999999996,2.217355782608345,4.96655480858378,2.8722813232690085,4.645786621588784,1.2583057392117911,0.9574271077563308,9.91211380079951,4.57347424467074,2.75378527364305,1.1547005383792517,38.83619445826277,2.0
8,White,66.10597552415364,55.23585791856591,1.632993161855452,27.35568192045911,4.358898943540674,9.643650760992957,3.366501646120693,2.217355782608347,2.7537852736430666,5.972157622389624,4.349329450233296,3.947573094108996,3.862210075418814,10.719919153924012,170.4406054905931,7.932002689527181,1.258305739211789,5.560275772537426,140.1722155064976,4.787135538781678,1.7320508075688772,15.253414918196734,35.1946965701747,9.2556289179432,8.34665601703261,1.7320508075688772,1.290994448735791,50.947685586949554,2.886751345948129,1.7320508075688772,1.258305739211789,3.304037933599835,10.045728777279749,5.228129047119374,7.187952884282608,0.9574271077563368,4.96655480858378,3.46410161513776,41.76421913552317,23.043437243605823,28.276904592499765,4.573474244670751,1.892969448600084,3.316624790355394,9.14239210126831,1.707825127659933,40.43513323831146,1.5,4.573474244670748,12.499999999999988,8.958236433584458,149.03914474615945,2.986078811194823,0.957427107756338,30.663496212923917,7.3484692283495345,0.4999999999999988,2.1602468994692834,4.96655480858378,11.176612486199325,31.51058023373525,3.1091263510296048,5.499999999999986,4.112987559751022,2.449489742783163,15.769168230019828,3.109126351029617,186.97771703244925,2.3804761428476207
9,Black,0.4999999999999999,0.816496580927726,0.5,1.1547005383792517,1.2909944487358056,0.5773502691896257,0.957427107756338,0.957427107756338,1.2909944487358056,0.4999999999999999,0.816496580927726,0.816496580927726,0.4999999999999999,0.957427107756338,0.957427107756338,0.8164965809277263,1.2909944487358056,0.957427107756338,0.957427107756338,0.5773502691896257,0.4999999999999999,0.4999999999999999,1.2583057392117916,0.5,0.5773502691896258,0.957427107756338,0.816496580927726,0.957427107756338,0.5,1.0,0.5773502691896257,1.632993161855452,0.5773502691896258,0.5773502691896263,1.2909944487358056,0.5773502691896257,0.816496580927726,0.957427107756338,0.957427107756338,0.957427107756338,0.5,0.5773502691896257,0.816496580927726,0.9999999999999998,0.5773502691896257,0.5773502691896258,0.4999999999999999,0.5,0.5773502691896257,0.9999999999999998,1.2583057392117916,0.5000000000000001,1.632993161855452,0.816496580927726,0.8164965809277259,1.258305739211792,0.5773502691896258,0.5773502691896257,2.0615528128088303,0.9574271077563382,0.816496580927726,0.0,0.0,2.2173557826083456,0.957427107756338,0.5773502691896257,1.7078251276599328,1.2583057392117916,0.8164965809277263
9,Blue,5.18812747209113,7.32575365861197,2.7080128015453253,3.304037933599836,2.217355782608346,2.516611478423584,3.304037933599835,2.6457513110645903,1.5,2.217355782608345,2.0615528128088223,0.5000000000000023,2.8284271247461867,3.2015621187164243,12.658988901172163,3.696845502136472,1.8929694486000903,3.265986323710904,8.888194417315592,0.957427107756338,0.957427107756338,3.741657386773944,7.889866919029751,3.651483716701104,3.403429642777025,1.4142135623730934,3.4156502553198647,8.205689083394118,1.2583057392117944,2.3629078131263026,2.0,1.0000000000000049,1.2583057392117971,3.1091263510296048,2.217355782608347,1.2909944487358056,0.4999999999999952,3.0000000000000013,4.7871355387816905,3.915780041490245,2.000000000000002,3.1091263510296003,2.999999999999999,2.8722813232690143,1.5,2.217355782608345,5.5976185412488855,2.0615528128088303,2.06155281280883,1.7078251276599323,4.546060565661952,3.2015621187164225,2.7080128015453213,1.914854215512676,4.5,0.4999999999999952,2.5,1.2583057392117902,4.203173404306164,1.8257418583505576,4.082482904638628,1.2909944487358056,4.546060565661954,6.18465843842649,1.258305739211786,3.366501646120697,2.516611478423585,5.123475382979798,3.0
9,Green,11.87083260208258,10.563301251660548,0.957427107756338,7.365459931328117,2.1602468994692883,3.605551275463989,5.916079783099622,3.0,3.304037933599835,3.6855573979160026,6.551081335677848,4.041451884327384,4.573474244670742,3.265986323710904,39.15247970009903,11.387127235025815,1.732050807568878,1.914854215512676,31.139471200819493,1.707825127659933,1.7078251276599334,7.135591542869219,13.073510112692254,7.54431353183752,1.7078251276599372,0.4999999999999988,4.1231056256176615,11.354147553500736,2.516611478423589,1.4142135623730958,0.5773502691896257,6.34428877022476,9.742518497116988,2.986078811194812,4.830458915396474,1.5,20.40424792373718,6.658328118479386,9.12870929175277,18.463928798245156,37.07087805811997,6.027713773341711,13.341664064126329,2.21735578260834,3.947573094108996,4.7871355387816985,15.628499608087784,2.6457513110645925,3.8622100754188207,4.6457866215887895,10.307764064044155,13.96424004376894,2.6299556396765835,1.7078251276599343,11.210114480533486,9.45163125250521,2.6299556396765835,2.581988897471611,5.188127472091127,13.865424623862047,9.945685831890462,2.217355782608345,3.7859388972001855,3.403429642777021,3.0,7.416198487095663,2.4999999999999933,22.07562758639793,1.2909944487358056
9,Red,15.392097539538485,9.912113800799505,3.559026084010437,1.5,1.8257418583505536,2.081665999466131,4.760952285695241,1.5000000000000004,4.082482904638634,1.732050807568872,2.160246899469287,2.4999999999999982,3.829708431025352,3.559026084010437,49.118903353664834,5.944184833375672,1.258305739211791,2.8722813232690143,47.87744771810628,3.559026084010437,1.892969448600092,2.5,6.658328118479393,2.5000000000000067,4.112987559751022,1.4142135623730951,2.6299556396765835,11.04536101718726,2.3804761428476167,1.258305739211792,1.5,5.909032633745278,0.9999999999999952,2.943920288775949,2.986078811194816,1.2909944487358056,2.449489742783186,3.4641016151377544,8.995369179009092,4.112987559751022,2.75378527364305,4.272001872658762,2.449489742783178,3.947573094109009,3.3665016461206885,2.8722813232690183,15.979153085609171,2.217355782608345,0.9999999999999952,0.9574271077563404,2.1602468994692936,27.58018612458347,1.707825127659933,3.499999999999999,15.649813630413195,4.193248541803047,0.4999999999999996,0.9574271077563384,4.320493798938574,4.573474244670748,8.041558721209878,0.957427107756338,3.1622776601683764,6.733003292241381,3.2015621187164296,3.559026084010437,1.7078251276599372,39.19502519453202,1.707825127659933
9,White,67.0540826497537,58.00790176059351,0.9574271077563332,22.13594362117865,3.109126351029608,3.214550253664316,5.852349955359799,0.5000000000000023,2.5166114784235947,10.099504938362076,5.909032633745273,7.274384280931724,6.55108133567786,12.301761391497276,169.17643649949207,6.952217871538054,2.7537852736430515,3.872983346207427,137.87524554224132,2.516611478423572,3.403429642777022,7.681145747868625,31.198290551460243,6.683312551921141,10.688779163215974,0.816496580927726,4.573474244670748,51.15662224971465,4.272001872658767,5.377421934967226,4.320493798938574,2.8284271247461965,1.4142135623731018,6.60807586719967,7.135591542869215,3.403429642777024,2.061552812808828,2.217355782608345,39.33615809065921,23.423634787681152,26.43860813280457,2.943920288775949,7.593857166596331,3.2015621187164243,9.055385138137428,5.619905100029114,37.56217068629911,2.6299556396765835,2.3804761428476167,13.9522996909709,5.477225575051661,146.61372150427576,2.9439202887759515,4.242640687119285,30.80449101456907,17.869900204906934,0.4999999999999988,2.516611478423586,0.9999999999999905,9.882644720249065,32.55124165578532,3.2015621187164243,3.415650255319866,3.593976442141304,3.4641016151377544,16.713268182295554,4.966554808583782,188.2310194061188,2.160246899469288
10,Black,0.5773502691896257,0.9574271077563382,0.5773502691896257,1.2583057392117916,1.2583057392117916,1.1547005383792517,0.0,1.0,1.8257418583505536,0.0,1.0,1.2909944487358058,0.957427107756338,1.0,0.957427107756338,1.4142135623730951,0.9999999999999998,0.8164965809277263,0.5773502691896258,1.258305739211792,0.5,0.5,0.957427107756338,0.4999999999999999,1.5,0.9574271077563382,0.5773502691896257,0.5773502691896258,0.816496580927726,0.5,0.5773502691896257,0.957427107756338,1.2583057392117911,1.732050807568877,0.5,1.707825127659933,0.5,1.2583057392117916,0.5,1.2583057392117918,0.5,0.8164965809277259,0.4999999999999999,1.1547005383792517,1.414213562373095,0.5773502691896258,0.0,0.0,0.957427107756338,0.5000000000000001,0.957427107756338,0.816496580927726,1.1547005383792517,0.957427107756338,1.7320508075688772,0.957427107756338,0.957427107756338,0.5773502691896257,0.816496580927726,0.9574271077563382,1.414213562373095,0.5,0.5,2.9860788111948198,1.8257418583505536,1.2583057392117918,0.9574271077563382,0.5,0.957427107756338
10,Blue,6.557438524302,8.693867570496653,3.415650255319866,3.2659863237108984,1.5,4.0,3.741657386773941,3.741657386773943,4.242640687119285,0.9999999999999976,1.732050807568872,2.160246899469287,2.8722813232690143,3.774917217635375,12.23042653930489,3.1091263510296048,1.7320508075688772,1.8257418583505536,4.573474244670748,1.258305739211786,2.0816659994661344,1.5,4.349329450233298,2.986078811194816,2.081665999466128,1.258305739211793,3.5000000000000075,7.932002689527196,0.957427107756338,1.732050807568876,1.7320508075688772,3.304037933599836,1.73205080756888,3.4999999999999982,3.1091263510296048,2.629955639676582,2.7080128015453164,2.9860788111948264,6.608075867199672,3.0956959368344497,3.201562118716427,5.439056290693572,2.2173557826083434,2.0615528128088294,2.500000000000004,0.816496580927726,8.770214744615243,1.632993161855452,1.258305739211789,3.109126351029601,4.272001872658758,4.690415759823431,1.707825127659932,4.242640687119289,3.0956959368344483,3.1622776601683715,1.892969448600092,1.914854215512678,3.3166247903553927,2.7080128015453173,2.753785273643049,2.5,2.886751345948129,6.946221994724898,2.449489742783176,1.258305739211786,1.8929694486000972,6.396613687465162,1.8257418583505545
10,Green,9.673847907287636,10.89342309224546,1.2583057392117802,11.176612486199325,2.3629078131263035,2.0816659994661366,1.2583057392117971,1.914854215512676,3.774917217635375,2.6457513110645925,4.163331998932272,1.2909944487358056,2.3804761428476167,2.8722813232690183,39.12693019732914,7.588368291888141,2.380476142847615,6.324555320336751,30.670289641062517,2.0615528128088223,0.9574271077563388,5.560275772537419,12.609520212918492,5.744562646538029,2.0615528128088245,1.1547005383792497,3.1091263510296003,11.4418821295566,3.415650255319873,2.581988897471611,4.349329450233296,4.690415759823431,12.233832869001713,5.43905629069358,4.57347424467074,2.217355782608346,24.28305307548182,1.732050807568872,9.949874371066198,2.886751345948129,38.27422979847756,2.943920288775949,17.972200755611432,1.4142135623730885,4.349329450233296,4.5,11.26942766958464,2.160246899469291,1.2909944487358056,2.6299556396765844,9.556847457887628,11.387127235025815,2.380476142847617,1.5000000000000078,12.793227374930323,9.215023964519384,2.081665999466132,2.0615528128088303,7.615773105863904,14.221462653327896,6.952217871538072,1.258305739211791,3.46410161513776,3.201562118716424,3.696845502136472,4.0414518843273735,4.082482904638636,19.364916731037084,2.8722813232690143
10,Red,13.5,8.831760866327848,3.774917217635375,4.193248541803043,3.1622776601683795,2.081665999466134,3.403429642777025,2.380476142847617,2.8284271247461903,3.6514837167011,2.3804761428476087,2.5,3.304037933599837,1.632993161855452,47.81561809004808,1.7078251276599343,1.0000000000000004,2.217355782608346,45.84302927745213,2.449489742783178,0.9574271077563372,2.4494897427831743,8.660254037844386,3.593976442141304,2.645751311064587,1.2583057392117916,2.6457513110645925,9.273618495495706,3.1622776601683715,3.3040379335998358,0.957427107756338,3.304037933599835,2.8722813232690143,3.5118845842842474,1.9999999999999951,1.8257418583505531,2.499999999999999,3.559026084010437,9.84462628374824,2.0615528128088245,2.9860788111948198,2.8722813232690143,2.8722813232690085,1.2909944487358056,2.449489742783178,4.573474244670748,16.85971530008736,3.304037933599841,3.915780041490245,3.593976442141304,4.716990566028299,28.16025568065745,0.5773502691896257,1.4142135623730951,20.613506898794945,3.6968455021364712,1.707825127659933,1.7320508075688772,3.1091263510296048,3.265986323710904,5.97215762238964,0.9574271077563382,4.08248290463863,8.770214744615243,1.4999999999999984,3.0956959368344554,2.9860788111948198,37.668510279365535,1.4999999999999998
10,White,62.16845395107285,53.98147830506312,1.7078251276599414,23.45207879911715,3.3166247903553967,5.291502622129181,4.991659710623972,1.7320508075688772,3.3665016461206845,1.7078251276599303,5.31507290636734,4.112987559751022,1.000000000000009,12.816005617976284,163.46737696963675,4.6457866215888,2.8722813232690165,5.560275772537426,138.50240671795802,2.8284271247461965,3.304037933599835,10.21028892833107,29.500000000000007,10.781929326423912,12.19289410544792,2.0816659994661326,5.477225575051652,48.5686798942144,5.560275772537414,2.9439202887759524,4.690415759823428,0.5773502691896257,3.774917217635376,3.947573094109,2.3804761428476167,2.081665999466135,3.9475730941089977,6.557438524302011,39.30542795424909,34.41898700814226,25.7293606605372,4.991659710623996,1.8257418583505485,2.62995563967657,5.9160797830996,9.979144919948462,39.36474734242981,2.6457513110645907,2.081665999466142,20.61350689879493,8.124038404635977,148.2169018701983,2.872281323269017,1.4999999999999842,30.22691956959337,19.01753576746121,2.081665999466132,4.349329450233296,4.716990566028291,7.325753658611978,30.751693720292323,0.816496580927726,7.047458170622001,6.291528696058947,3.774917217635381,16.070158679988197,3.559026084010421,186.047484978074,0.957427107756338
11,Black,0.8164965809277259,0.957427107756338,0.5,0.8164965809277259,0.816496580927726,1.7320508075688772,1.2583057392117918,0.0,0.5,0.5773502691896257,0.5773502691896257,0.9574271077563384,1.0,0.5,0.5773502691896257,0.5773502691896257,0.816496580927726,1.2909944487358058,0.9574271077563382,0.0,1.1547005383792517,0.0,1.2583057392117918,0.5,1.2909944487358056,0.5773502691896257,0.5773502691896255,0.5773502691896257,1.914854215512676,0.9574271077563382,0.957427107756338,0.5773502691896258,0.957427107756338,1.1547005383792517,0.816496580927726,0.4999999999999999,0.4999999999999999,1.2909944487358056,0.5773502691896257,0.816496580927726,0.5773502691896257,0.5773502691896258,1.2583057392117918,1.2583057392117916,0.957427107756338,0.5773502691896257,0.5773502691896258,0.5,0.816496580927726,0.957427107756338,0.5,0.957427107756338,1.2583057392117918,0.0,1.7320508075688772,1.8929694486000916,0.5,0.5,0.5000000000000001,0.5773502691896257,0.5,0.5,1.5000000000000002,1.4142135623730951,0.957427107756338,0.816496580927726,0.5773502691896257,1.2583057392117918,1.5
11,Blue,6.7515430335096935,8.015609770940701,2.9860788111948198,3.403429642777025,3.0956959368344528,2.516611478423584,1.2583057392117898,1.2909944487358047,2.6299556396765835,1.1547005383792557,1.290994448735802,3.3665016461206947,3.2015621187164243,5.251983752196246,15.286159317064138,3.8729833462074192,2.75378527364305,2.160246899469287,4.856267428111159,2.8284271247461867,2.629955639676585,3.3665016461206907,4.349329450233296,3.593976442141301,2.217355782608346,2.8722813232690143,2.645751311064587,4.99165971062398,3.593976442141304,1.707825127659934,2.629955639676582,1.4142135623730985,3.3665016461206982,2.06155281280883,3.741657386773944,2.06155281280883,2.4999999999999933,1.4999999999999984,7.593857166596345,3.0,2.061552812808828,3.1622776601683764,3.559026084010437,0.9574271077563457,3.1622776601683795,2.0615528128088303,8.616843969807045,1.8257418583505525,3.403429642777026,3.2015621187164243,2.1602468994692936,4.349329450233296,2.8867513459481304,2.7537852736430515,5.25991127935317,3.593976442141304,0.5000000000000006,3.593976442141304,2.499999999999999,3.403429642777024,4.112987559751022,1.707825127659933,4.99165971062398,4.690415759823433,1.9148542155126735,4.546060565661952,2.4999999999999933,5.61990510002912,1.4142135623730951
11,Green,12.338962679253068,8.958236433584457,3.1622776601683764,6.396613687465163,1.8929694486000903,1.1547005383792497,5.196152422706632,1.1547005383792526,3.3166247903553927,3.7749172176353674,1.2909944487358056,2.499999999999998,3.829708431025352,3.829708431025355,38.940124978399,6.855654600401044,1.707825127659933,7.393691004272952,29.848227194703984,4.242640687119283,2.6457513110645907,5.944184833375663,14.294521094927708,7.14142842854285,4.932882862316253,1.8257418583505545,4.031128874149283,12.203141671990318,4.546060565661952,3.415650255319866,2.3804761428476167,2.1602468994692847,12.569805089976535,2.2173557826083483,3.1622776601683795,2.6457513110645925,18.12916618784954,4.573474244670748,10.344080432788598,4.760952285695233,32.10789103424058,5.123475382979799,16.062378404209007,5.251983752196248,3.8622100754188304,2.0615528128088303,11.84623709594457,2.6457513110645907,4.3493294502333,6.3966136874651625,6.191391873668901,13.598406769422173,1.632993161855452,1.707825127659933,10.535653752852738,11.78629147215809,1.2583057392117918,2.2173557826083443,5.354126134736337,5.715476066494075,8.65544144839919,1.707825127659933,1.5000000000000078,2.9860788111948264,1.1547005383792517,4.358898943540669,4.43471156521669,20.385861113363184,2.2173557826083456
11,Red,12.499999999999998,8.103497187428813,5.686240703077322,2.75378527364305,1.2909944487358056,3.605551275463989,2.7080128015453253,1.258305739211792,3.304037933599836,4.43471156521669,2.516611478423585,2.061552812808832,2.449489742783176,3.2015621187164243,46.72169374783695,0.9999999999999952,1.499999999999999,4.787135538781688,46.021733996015406,1.8929694486000876,2.0615528128088303,4.991659710623976,8.386497083606084,3.3166247903553967,4.991659710623982,1.707825127659933,0.9574271077563457,9.433981132056608,2.943920288775949,0.8164965809277268,0.9574271077563378,2.943920288775949,2.6299556396765844,4.499999999999993,0.816496580927726,2.1602468994692874,2.081665999466128,2.0816659994661397,9.201449161228174,2.0615528128088303,3.304037933599835,4.031128874149272,3.862210075418816,1.8929694486000876,2.7537852736430484,1.258305739211786,20.32035104683643,1.825741858350556,2.581988897471611,2.2173557826083528,2.499999999999999,26.362852652928137,1.4999999999999998,4.320493798938574,18.08083700127477,3.862210075418827,1.4142135623730951,1.7320508075688772,5.354126134736337,1.914854215512676,5.560275772537426,0.9999999999999996,3.304037933599835,6.48074069840786,2.87228132326902,1.2583057392117971,1.2583057392117971,39.936407783708674,2.886751345948128
11,White,61.353484008652686,54.29548784199292,4.193248541803045,22.066188313042808,2.0615528128088303,5.291502622129181,3.316624790355414,0.9574271077563368,2.886751345948116,6.849574196011496,2.8284271247461965,2.081665999466126,4.99165971062398,13.30413469565007,170.54618142896075,8.5,2.1602468994692847,2.160246899469287,138.52887785584636,0.816496580927726,2.6457513110645907,15.895492023421804,29.47739246722252,7.54983443527075,14.150971698084906,2.629955639676583,3.559026084010437,49.58746481386871,5.123475382979799,3.403429642777024,4.99165971062398,2.0615528128088325,3.559026084010424,2.872281323269006,8.655441448399198,3.3166247903553967,4.7258156262526025,1.7078251276599303,34.7467024814346,16.87206764645835,25.534290669607422,6.191391873668908,4.830458915396485,3.095695936834438,7.804912982645408,1.6329931618554403,36.13400983376555,3.0,3.4034296427770325,13.589211407092996,6.60807586719967,148.71561227165537,2.160246899469287,2.6299556396765817,29.86636904613617,15.51343503762678,1.0,2.629955639676583,3.3040379335998504,11.84271928232701,32.806249404648504,2.06155281280883,7.499999999999985,4.8562674281111695,2.061552812808828,12.355835328567093,4.349329450233296,184.1783555868242,2.217355782608348
12,Black,0.5773502691896257,0.5,0.5773502691896258,1.707825127659933,0.816496580927726,1.0,0.957427107756338,0.957427107756338,2.0615528128088303,0.816496580927726,0.5773502691896258,0.5000000000000001,0.957427107756338,0.4999999999999999,0.816496580927726,1.2909944487358058,1.2583057392117911,0.5000000000000001,1.1547005383792517,1.2909944487358056,0.5773502691896258,0.5,0.957427107756338,0.5,1.0,0.5,0.5000000000000001,0.0,0.8164965809277263,0.4999999999999999,0.816496580927726,1.4142135623730951,1.2909944487358056,1.4999999999999998,0.957427107756338,0.5773502691896257,0.5,1.0,0.957427107756338,0.957427107756338,0.5773502691896257,0.5,0.5,1.2909944487358058,0.957427107756338,0.957427107756338,0.8164965809277259,0.5,0.4999999999999999,0.816496580927726,0.5000000000000001,0.8164965809277263,0.957427107756338,0.957427107756338,0.9574271077563382,2.0816659994661326,0.5,0.5773502691896257,1.8929694486000912,0.5,0.816496580927726,0.5,0.816496580927726,0.9999999999999998,0.957427107756338,0.8164965809277263,0.9574271077563382,0.957427107756338,0.957427107756338
12,Blue,4.272001872658765,9.105858919765154,2.5166114784235774,2.217355782608342,2.8722813232690143,1.52752523165195,5.09901951359278,1.707825127659933,1.707825127659933,1.7320508075688772,2.500000000000005,4.08248290463863,4.163331998932265,3.403429642777019,14.236104336041748,1.5000000000000078,2.3804761428476167,2.061552812808831,3.162277660168378,1.8929694486000972,0.957427107756338,3.0,5.499999999999998,1.4142135623730951,4.509249752822899,1.8929694486000903,2.8722813232690183,7.632168761236872,3.162277660168378,3.403429642777021,2.7537852736430515,1.4142135623730985,2.4999999999999933,1.4999999999999991,4.349329450233299,1.2909944487358047,3.201562118716424,2.629955639676581,6.130524719249841,2.0615528128088245,2.8722813232690143,0.957427107756338,3.559026084010436,2.9860788111948198,3.785938897200184,4.08248290463863,8.81286937760152,2.645751311064587,4.272001872658765,1.4142135623730967,1.2583057392117971,1.7078251276599314,2.708012801545318,3.872983346207418,4.320493798938574,2.160246899469287,2.3804761428476167,2.217355782608345,4.434711565216687,2.8722813232690143,3.304037933599836,2.6299556396765835,4.193248541803047,5.686240703077332,2.5,3.593976442141304,0.5773502691896257,5.972157622389639,2.3804761428476167
12,Green,11.11680409710153,9.810708435174291,2.6457513110645765,2.872281323269015,2.6299556396765835,1.1547005383792497,3.403429642777018,1.2909944487358056,2.886751345948129,1.4142135623730985,5.477225575051661,1.0000000000000022,1.2583057392117971,2.3804761428476167,37.429934544425805,9.036961141150645,1.2909944487358074,5.916079783099624,28.717010057919797,5.066228051190229,1.4142135623730945,5.909032633745272,13.216151734399336,6.19139187366891,5.259911279353167,2.7537852736430506,2.986078811194822,10.214368964029712,1.7320508075688772,2.8867513459481304,2.160246899469288,4.358898943540674,11.0,5.802298395176402,5.25991127935316,2.380476142847617,18.929694486000905,5.830951894845301,9.35859676091097,3.685557397915996,24.20055095791554,3.7749172176353794,9.945685831890462,3.0956959368344585,3.7749172176353705,2.3804761428476167,13.225606476327144,2.449489742783178,3.0956959368344448,3.415650255319862,10.677078252031311,10.468205831628136,2.4494897427831788,2.1602468994692803,11.7011395456454,8.770214744615247,0.5000000000000006,1.2909944487358056,5.744562646538023,3.862210075418827,5.678908345800275,1.5,2.217355782608342,2.943920288775944,3.304037933599835,4.7871355387816905,2.3804761428476167,15.903353943953665,1.707825127659933
12,Red,12.43650540411842,7.505553499465134,4.27200187265877,3.162277660168381,2.0615528128088303,0.5773502691896247,5.163977794943219,0.957427107756338,1.2909944487358056,4.242640687119285,1.1547005383792517,2.6299556396765835,2.3804761428476167,4.573474244670748,48.50687236533259,5.066228051190229,0.5,3.304037933599835,43.86627406105971,1.7320508075688827,2.6299556396765835,2.499999999999998,8.18535277187245,2.44948974278318,1.2909944487358056,1.2909944487358056,1.8257418583505536,11.35414755350073,3.651483716701105,0.8164965809277257,2.081665999466133,2.44948974278318,4.1231056256176615,2.6299556396765897,2.061552812808831,0.957427107756338,3.741657386773941,1.1547005383792517,12.08304597359457,1.2583057392117971,2.581988897471611,5.228129047119375,3.304037933599827,4.242640687119285,0.5773502691896257,1.0,16.051998837112677,3.915780041490237,4.203173404306162,3.593976442141297,2.449489742783178,23.86070689089771,0.8164965809277257,3.774917217635375,19.390719429665324,2.7080128015453253,1.2583057392117916,1.7320508075688772,4.193248541803039,3.1622776601683715,6.291528696058957,0.9574271077563382,2.943920288775949,6.027713773341702,1.2909944487358056,4.242640687119285,4.654746681256316,35.40597877948488,1.2583057392117916
12,White,58.7083185474313,51.18186527798039,1.4142135623731018,18.90987396397273,2.5166114784235822,8.504900548115376,4.795831523312719,4.112987559751018,4.499999999999995,8.286535263104035,6.454972243679025,2.3804761428476207,4.69041575982343,11.401754250991392,163.07360301409912,2.7080128015453098,3.304037933599835,6.324555320336762,133.8391447472176,3.415650255319869,2.6299556396765835,6.898067362191618,31.22365556219621,12.396235987858049,17.832554500127006,1.1547005383792517,3.109126351029614,49.02040391510457,2.8722813232690143,4.08248290463863,4.546060565661955,0.816496580927726,4.64578662158878,8.831760866327848,3.109126351029617,1.707825127659933,4.43471156521669,4.031128874149262,35.236108373844765,12.675435561221027,22.963739532866462,3.696845502136472,3.8622100754188073,1.2583057392118029,9.41629792788369,5.802298395176415,37.51777356578258,4.500000000000012,2.7537852736430355,14.545904349105731,3.3166247903553883,142.29400315309616,2.5166114784235805,2.708012801545327,29.904013108611373,10.376254944182238,1.7320508075688787,2.3629078131263026,3.915780041490237,13.696106502701165,28.790912918257156,3.0,6.55108133567786,7.527726527090796,3.0956959368344563,12.675435561221017,6.3966136874651625,181.02117739829964,2.943920288775949
13,Black,0.5,1.0,0.5773502691896258,0.957427107756338,0.4999999999999999,2.0,1.2583057392117918,0.5773502691896257,0.5,0.8164965809277259,0.4999999999999999,1.2583057392117918,1.1547005383792517,0.4999999999999999,0.957427107756338,1.0,0.957427107756338,0.816496580927726,1.0,0.4999999999999996,1.0,0.816496580927726,0.5,0.4999999999999999,0.5773502691896258,0.4999999999999999,0.5000000000000001,0.0,1.4142135623730951,0.957427107756338,0.5773502691896257,1.5,1.5,0.816496580927726,0.5,0.8164965809277259,0.0,0.957427107756338,0.5773502691896257,0.5773502691896255,0.4999999999999999,1.2909944487358056,0.4999999999999999,0.957427107756338,1.414213562373095,0.5773502691896257,0.5,0.0,0.4999999999999999,0.957427107756338,1.1547005383792517,0.4999999999999998,0.957427107756338,0.4999999999999999,0.5773502691896257,1.0,0.0,0.816496580927726,1.707825127659933,0.4999999999999999,1.1547005383792517,0.0,0.4999999999999999,2.1602468994692865,0.816496580927726,1.2909944487358056,1.732050807568877,0.816496580927726,0.816496580927726
13,Blue,6.849574196011509,7.455423082115017,0.9574271077563404,1.707825127659926,2.708012801545319,0.5773502691896278,1.7078251276599372,2.0816659994661344,1.4142135623730967,1.5000000000000009,2.6299556396765835,2.500000000000004,3.559026084010437,2.217355782608345,13.403979508588732,2.1602468994692803,1.4142135623730958,1.7320508075688743,3.696845502136472,3.1091263510296128,3.2015621187164243,3.741657386773938,4.031128874149276,3.741657386773941,2.0615528128088223,0.816496580927726,3.5000000000000075,6.551081335677846,2.886751345948129,0.816496580927726,1.914854215512678,5.744562646538024,4.242640687119285,2.217355782608345,1.8257418583505576,2.0816659994661326,3.1091263510296003,1.8929694486000876,4.99165971062398,2.999999999999992,3.3040379335998367,4.031128874149275,2.217355782608345,1.632993161855452,2.2173557826083448,1.8257418583505536,6.60807586719967,2.943920288775949,1.732050807568876,2.6457513110645943,5.000000000000004,4.573474244670748,1.7078251276599334,3.3040379335998344,6.928203230275507,3.095695936834454,2.362907813126305,2.217355782608345,3.593976442141306,0.957427107756338,3.109126351029604,0.957427107756339,2.943920288775949,2.0615528128088294,3.5118845842842474,2.217355782608345,4.795831523312722,5.795112883571235,1.825741858350556
13,Green,9.763879010584544,13.140268896284685,3.8622100754188224,2.629955639676575,1.7320508075688787,2.0816659994661366,4.654746681256314,1.707825127659933,2.8722813232690134,8.041558721209885,4.242640687119285,2.8722813232690143,5.477225575051657,4.654746681256314,33.490048273081555,5.196152422706632,2.3804761428476167,4.499999999999997,28.5116935075184,3.559026084010444,1.258305739211793,8.057087976847873,11.902380714238085,6.946221994724902,2.0615528128088294,0.5,6.271629240742267,12.97112177107285,4.5,2.217355782608345,2.629955639676585,3.593976442141304,14.364307617610164,4.654746681256322,3.366501646120697,1.7078251276599334,19.91649232838621,2.3629078131262973,6.396613687465162,2.3804761428476167,27.60887538455704,5.377421934967221,9.41629792788369,3.2015621187164323,5.597618541248896,2.160246899469287,12.392874296680864,3.1091263510296048,1.8929694486000972,3.774917217635376,6.18465843842649,13.038404810405298,1.7078251276599314,2.0000000000000044,11.5289490703475,10.344080432788598,1.707825127659933,2.217355782608345,6.849574196011505,2.217355782608345,6.3966136874651625,1.4999999999999998,2.5166114784235774,2.7080128015453164,4.573474244670748,2.828427124746183,5.066228051190229,15.491933384829668,3.1091263510296057
13,Red,11.210114480533491,7.719024117939606,2.3804761428476167,3.1091263510296048,0.4999999999999996,3.0,3.304037933599835,2.1602468994692865,3.1091263510296048,2.629955639676586,2.8722813232690143,0.5000000000000011,2.6299556396765835,2.886751345948129,45.19955751995809,3.316624790355403,0.8164965809277268,2.7080128015453253,45.33578424747203,3.000000000000008,0.5,2.8284271247461934,6.652067347825035,1.290994448735802,5.477225575051666,1.2909944487358056,4.645786621588792,11.846237095944572,3.69684550213648,1.732050807568877,1.5,2.217355782608345,1.707825127659926,1.5,3.201562118716425,2.3804761428476167,1.8929694486000876,2.645751311064589,9.0,4.112987559751023,2.7080128015453253,4.7871355387816905,5.196152422706632,0.5773502691896257,0.957427107756338,1.2909944487358056,17.613914953808536,2.0000000000000044,1.707825127659933,1.892969448600095,2.449489742783186,24.198829172778865,1.707825127659933,2.21735578260834,18.04623691151888,2.943920288775944,0.5773502691896257,0.5000000000000002,2.943920288775949,3.774917217635374,7.32575365861197,0.9574271077563382,4.349329450233296,9.695359714832655,2.3804761428476207,1.707825127659933,3.201562118716419,34.38022687534217,1.4142135623730951
13,White,61.29369189946602,53.90964663211956,1.914854215512676,23.40049857018721,3.8622100754188233,10.016652800877816,1.2909944487358056,0.0,2.217355782608345,4.830458915396473,6.683312551921151,2.1602468994692936,3.5939764421413107,12.579745625409124,163.78924466113963,4.85626742811114,3.3166247903553967,4.320493798938587,133.3766596272876,3.403429642777008,4.242640687119285,11.528949070347492,28.1543365517049,8.346656017032622,10.099504938362072,3.464101615137752,2.986078811194808,49.721725633770994,5.354126134736326,3.464101615137752,3.559026084010437,1.707825127659933,2.1602468994693,3.3166247903553967,3.69684550213646,0.4999999999999976,3.862210075418826,4.041451884327366,33.78855822118882,19.10279211703533,25.1975527912269,7.365459931328107,6.89806736219164,1.914854215512676,9.604686356149267,4.0414518843273735,36.72760088362249,4.690415759823419,2.36290781312631,13.425721582097545,6.97614984548545,141.62009038268548,2.9860788111948198,6.952217871538056,34.491544857641095,9.535023160258536,2.516611478423584,1.2909944487358074,3.685557397916008,12.727922061357845,32.78719262151,3.593976442141304,6.976149845485438,4.349329450233296,1.5,12.763881332363871,2.5,179.7127337354442,3.316624790355404
14,Black,0.5773502691896257,0.5773502691896257,0.957427107756338,0.957427107756338,0.5773502691896257,0.5773502691896255,0.5773502691896258,1.0,0.9999999999999998,0.5,0.5773502691896257,1.2583057392117918,1.5,0.4999999999999999,1.2909944487358056,0.957427107756338,0.957427107756338,0.957427107756338,0.5,1.632993161855452,0.4999999999999999,0.5773502691896258,0.957427107756338,0.4999999999999999,0.4999999999999999,0.5,1.5,0.0,1.2909944487358056,0.5773502691896257,0.957427107756338,2.449489742783178,0.816496580927726,0.9574271077563384,0.957427107756338,1.2909944487358056,1.1547005383792517,1.5,0.957427107756338,0.816496580927726,1.0,0.4999999999999999,0.816496580927726,0.5000000000000001,0.816496580927726,0.816496580927726,0.957427107756338,0.0,0.4999999999999999,0.957427107756338,0.5773502691896255,0.5000000000000001,1.1547005383792517,1.0,1.5,1.154700538379251,0.5,0.957427107756338,1.8257418583505536,0.8164965809277259,0.4999999999999999,0.8164965809277259,1.2909944487358056,2.6299556396765835,1.707825127659933,1.1547005383792517,0.8164965809277257,0.5773502691896255,1.2909944487358058
14,Blue,4.645786621588784,8.286535263104039,3.1622776601683715,2.943920288775949,1.707825127659933,3.5118845842842465,2.87228132326902,2.886751345948129,0.9999999999999976,2.061552812808828,2.160246899469287,1.632993161855452,3.593976442141304,4.43471156521669,14.52583904633395,4.856267428111152,2.06155281280883,2.309401076758503,4.193248541803039,2.5,2.081665999466132,5.377421934967226,5.887840577551899,2.9860788111948198,1.4142135623730951,1.4142135623730951,4.031128874149283,8.65544144839919,2.160246899469287,2.081665999466132,2.8722813232690143,2.629955639676578,2.8722813232690085,2.7080128015453173,3.559026084010437,2.64575131106459,3.499999999999995,2.87228132326902,5.802298395176403,2.7537852736430484,3.774917217635375,2.0816659994661397,3.000000000000001,4.96655480858378,3.4641016151377544,3.415650255319866,6.65832811847939,3.304037933599835,2.061552812808833,3.3040379335998367,3.5,5.123475382979799,3.3040379335998327,3.304037933599838,7.274384280931732,2.217355782608346,1.2909944487358056,1.5,4.272001872658762,1.8257418583505496,5.259911279353167,3.000000000000001,2.499999999999995,4.546060565661949,2.160246899469287,1.4142135623730951,0.9574271077563404,5.678908345800273,1.7320508075688772
14,Green,9.178779875342906,10.09950493836208,4.272001872658758,5.944184833375667,2.0615528128088303,2.309401076758505,4.349329450233296,2.449489742783178,3.304037933599835,3.593976442141304,5.8022983951764,2.9860788111948198,3.651483716701115,3.304037933599836,34.15650255319866,0.5773502691896257,1.4142135623730967,3.500000000000003,25.250412537884078,2.581988897471611,3.1091263510296048,8.286535263104042,14.696938456699067,6.3966136874651625,5.61990510002912,2.061552812808831,3.6968455021364672,12.069244660154448,4.031128874149275,3.9157800414902426,0.816496580927726,1.892969448600095,10.531698185319716,2.8722813232690103,5.228129047119382,2.3804761428476167,19.42506971244461,4.856267428111162,9.036961141150638,3.593976442141301,35.2550232827418,4.08248290463863,13.175102782647787,2.8722813232690085,2.081665999466128,1.2909944487358056,14.705441169852747,2.3804761428476087,0.5000000000000047,6.928203230275511,10.66145706114631,13.564659966250534,2.061552812808832,3.774917217635383,8.261355820929158,6.85565460040104,0.957427107756338,2.217355782608345,6.551081335677848,5.965176722724431,10.688779163215978,1.2583057392117922,3.593976442141304,4.830458915396482,3.915780041490245,4.546060565661952,3.915780041490237,16.391054470858997,2.0816659994661344
14,Red,10.801234497346432,9.327379053088816,2.645751311064589,2.7537852736430537,0.9574271077563378,1.0,2.7537852736430586,0.8164965809277257,2.217355782608345,2.8722813232690134,4.112987559751022,1.632993161855452,2.645751311064587,2.8722813232690143,44.31986010808247,3.162277660168387,1.2583057392117922,1.0000000000000049,42.84370821174719,1.892969448600095,0.4999999999999994,6.238322424070963,5.499999999999999,2.1602468994692803,1.5000000000000016,0.4999999999999996,4.645786621588778,12.093386622447824,3.201562118716428,0.5773502691896263,0.4999999999999994,2.449489742783178,3.30403793359984,1.5,2.4999999999999933,0.8164965809277257,4.112987559751022,2.8722813232690134,6.652067347825037,2.6299556396765897,1.4142135623730916,0.816496580927726,0.816496580927726,1.732050807568872,0.816496580927726,1.2583057392117971,17.568911937472585,1.4142135623730885,1.707825127659933,3.559026084010437,5.477225575051661,22.29162772582268,1.732050807568877,1.707825127659926,18.571932227602662,1.8929694486000876,1.258305739211792,1.732050807568877,5.0990195135927845,4.358898943540676,4.99165971062398,0.9574271077563382,4.795831523312726,8.04155872120988,4.898979485566356,2.1602468994692936,1.9148542155126689,32.873494895837695,2.0615528128088303
14,White,60.53649037288722,48.16205283553986,1.2583057392117802,22.544400635190996,1.707825127659933,9.16515138991168,3.3665016461206814,2.217355782608345,6.48074069840786,3.696845502136457,8.655441448399177,1.4142135623730951,4.99165971062398,12.569805089976525,163.05903838794094,7.3484692283495345,2.9439202887759497,7.724420150837645,137.00243306841915,1.5000000000000158,1.91485421551268,13.375973484822204,30.510927004381013,10.045728777279749,12.013880860626736,3.304037933599839,2.0615528128088303,46.67886745269926,2.362907813126318,1.258305739211789,3.201562118716422,6.027713773341704,5.057996968497837,7.4999999999999964,4.69041575982343,2.4999999999999964,2.6299556396765924,2.217355782608345,38.61778519456201,8.180260794538684,27.31300056749534,2.3804761428476287,7.182153808805066,3.1091263510296048,11.586630226256478,1.2583057392117802,33.029027637317235,4.242640687119285,3.464101615137744,11.14674840480399,9.742518497116988,136.0600357685288,1.2583057392117944,1.4999999999999842,28.511693507518395,9.28708781050337,3.316624790355399,2.3804761428476167,4.031128874149269,12.516655570345712,28.52338222114154,2.516611478423584,7.25718035235908,6.806859285554033,2.217355782608345,10.984838035522726,2.21735578260833,179.25586926699685,3.696845502136469
15,Black,0.5773502691896258,1.4142135623730951,1.414213562373095,0.816496580927726,1.2909944487358056,1.0,0.957427107756338,0.957427107756338,1.8929694486000912,0.5,0.5,1.2583057392117911,0.9574271077563382,0.5,0.957427107756338,1.4142135623730951,0.5773502691896257,1.4142135623730951,0.957427107756338,0.957427107756338,0.5773502691896257,0.0,0.816496580927726,0.5773502691896257,0.5773502691896258,0.8164965809277259,0.9574271077563384,0.4999999999999999,1.7320508075688772,0.0,0.816496580927726,1.5,1.2583057392117911,1.258305739211792,0.5773502691896258,0.957427107756338,0.5773502691896257,1.2583057392117916,1.0,0.816496580927726,1.2909944487358056,0.816496580927726,0.4999999999999999,1.914854215512676,1.4142135623730951,0.5773502691896257,0.8164965809277259,0.5773502691896257,0.0,1.2583057392117911,1.2909944487358056,1.1547005383792517,0.957427107756338,0.957427107756338,0.816496580927726,1.258305739211792,0.4999999999999999,0.5,0.816496580927726,1.0,0.8164965809277259,0.5,1.4142135623730951,1.892969448600091,1.2583057392117918,0.5,1.2909944487358056,1.414213562373095,1.0
15,Blue,6.130524719249844,6.557438524301998,2.0615528128088294,3.685557397915991,2.6299556396765835,2.0816659994661366,2.8722813232690085,2.581988897471611,3.1622776601683777,2.500000000000004,3.651483716701115,2.943920288775949,0.9574271077563368,3.3040379335998344,13.817259737975064,3.774917217635376,3.3040379335998327,1.0000000000000049,4.242640687119285,2.0615528128088294,1.8929694486000928,1.632993161855452,7.182153808805079,1.5000000000000009,2.986078811194812,1.707825127659934,1.4142135623730916,8.958236433584458,1.5000000000000009,1.5,2.3629078131263026,3.4156502553198647,1.4142135623730951,2.160246899469287,2.886751345948129,1.914854215512676,2.8722813232690143,1.290994448735802,5.678908345800274,2.3804761428476087,2.061552812808828,3.403429642777025,3.36650164612069,3.403429642777025,3.5118845842842457,2.7537852736430497,7.1355915428692125,2.217355782608345,2.8284271247461867,3.3040379335998367,2.081665999466128,3.316624790355399,2.5000000000000013,2.160246899469287,5.354126134736337,3.109126351029608,2.6299556396765835,1.4999999999999996,1.5,3.109126351029601,4.08248290463863,2.6299556396765835,2.0615528128088245,3.696845502136472,2.3804761428476167,2.5,4.242640687119291,5.446711546122731,1.732050807568876
15,Green,11.86029791643813,12.67543556122103,0.957427107756338,4.425306015783917,4.112987559751022,1.0,3.0956959368344585,1.8257418583505536,2.6299556396765897,3.304037933599835,3.304037933599835,3.696845502136472,3.872983346207417,6.020797289396151,33.777457966322245,3.6968455021364672,2.708012801545319,3.696845502136472,27.11088342345192,2.499999999999995,2.3804761428476167,6.652067347825035,16.378339354159202,6.499999999999995,6.238322424070974,0.5000000000000011,5.123475382979802,13.29160135825126,2.6457513110645907,0.5773502691896257,2.9860788111948198,5.315072906367319,13.720422734012248,3.741657386773946,4.573474244670755,3.559026084010437,20.27107956342402,5.446711546122731,7.745966692414832,3.559026084010437,38.612390066747565,5.567764362830023,8.831760866327851,3.593976442141306,3.872983346207417,1.2583057392117971,10.594810050208553,2.0816659994661326,1.4142135623730916,4.573474244670752,7.932002689527196,14.20093893609386,3.915780041490244,2.6299556396765835,16.743157806499152,8.18535277187245,0.957427107756339,2.629955639676582,8.406346808612328,3.3166247903554056,8.755950357709132,1.1547005383792517,5.965176722724433,4.349329450233296,2.943920288775949,2.6457513110645907,8.220908303425691,11.21011448053349,2.160246899469287
15,Red,11.470977871713174,8.225975119502044,0.9999999999999952,4.041451884327377,1.8929694486000916,2.0,3.1091263510296048,1.7078251276599334,1.2909944487358056,4.082482904638636,1.707825127659926,3.0,3.0956959368344497,1.8929694486000928,42.7278207572849,2.0816659994661326,1.632993161855452,4.96655480858378,42.35170205159016,2.753785273643043,1.500000000000001,4.924428900898056,5.8309518948453,2.5000000000000067,2.516611478423589,1.2909944487358056,1.4142135623730916,9.429563439877091,1.2583057392117971,1.1547005383792517,2.061552812808831,3.947573094109009,3.464101615137752,3.3166247903553967,3.3040379335998318,0.5,0.957427107756338,3.8622100754188224,6.218252702059211,3.1091263510296003,4.358898943540674,2.3804761428476167,2.9860788111948198,2.8722813232690143,2.8284271247461934,4.08248290463863,14.854853303438128,3.5118845842842474,2.986078811194812,2.2173557826083528,0.816496580927726,21.439838307848003,1.707825127659933,3.872983346207417,18.35528988239267,3.304037933599835,1.5000000000000002,1.7078251276599328,1.707825127659933,1.707825127659933,5.715476066494082,0.816496580927726,2.5166114784235774,4.031128874149268,1.290994448735802,2.6299556396765897,3.6968455021364672,34.65424456926838,1.8257418583505545
15,White,57.80426743185432,47.18315377335431,2.943920288775949,21.64871050817269,2.449489742783179,4.16333199893226,1.1547005383792517,2.3629078131263026,6.480740698407868,9.912113800799505,4.43471156521668,4.320493798938574,4.24264068711929,13.400870618483449,158.93683231607037,10.904891868637051,2.0615528128088303,2.3804761428476326,135.33908033774526,2.943920288775949,1.8257418583505525,7.874007874011811,29.5070613017743,8.05708797684788,14.854853303438128,0.957427107756338,3.5939764421413187,46.450690701717946,3.1622776601683853,1.7078251276599363,0.957427107756338,5.291502622129174,4.924428900898052,4.242640687119285,4.112987559751007,1.2909944487358056,2.51661147842358,2.3804761428476167,34.89508083765771,9.398581453247802,24.55436145915154,6.757711644237753,8.220908303425666,4.24264068711928,5.916079783099616,4.349329450233296,34.759890678769416,4.272001872658765,5.19615242270663,21.17191535974012,5.715476066494082,139.24169634128995,2.753785273643055,2.6457513110645765,30.73949685122817,17.03672503740082,0.816496580927726,4.041451884327381,3.0,14.10378199869336,29.055980451535277,2.6299556396765835,6.658328118479387,6.946221994724918,3.5939764421413107,17.289206652321173,2.6299556396765817,179.5976985747126,2.645751311064587
16,Black,0.5,0.4999999999999999,1.5,0.5,0.4999999999999999,1.5275252316519463,0.5,0.5,1.2909944487358054,0.5773502691896257,0.8164965809277259,1.4142135623730951,0.9574271077563382,0.816496580927726,0.0,1.414213562373095,1.5,0.957427107756338,0.816496580927726,1.707825127659933,0.9574271077563382,0.5,0.957427107756338,0.4999999999999999,1.0,0.5,1.2909944487358056,0.8164965809277259,0.0,0.957427107756338,0.5773502691896257,1.2583057392117918,0.9574271077563382,0.5773502691896257,0.4999999999999999,0.5773502691896257,0.0,1.2583057392117916,0.957427107756338,0.5000000000000001,0.5773502691896258,0.8164965809277259,0.957427107756338,1.4142135623730951,0.5000000000000001,0.8164965809277259,0.0,0.4999999999999999,0.4999999999999999,0.5000000000000001,0.5000000000000001,0.957427107756338,0.4999999999999998,0.4999999999999999,0.5,1.914854215512676,0.5,0.4999999999999999,1.7320508075688772,0.9574271077563382,0.957427107756338,0.5,0.957427107756338,1.2909944487358056,1.2909944487358058,1.2909944487358056,0.816496580927726,0.957427107756338,0.816496580927726
16,Blue,4.645786621588788,8.65544144839919,5.0,3.2015621187164243,1.2909944487358056,2.081665999466132,3.162277660168382,0.957427107756338,3.7859388972001855,1.5,2.449489742783176,2.6299556396765835,3.1091263510296048,3.741657386773944,11.430952132988168,1.707825127659933,2.5,1.707825127659926,0.5000000000000023,1.892969448600095,1.707825127659933,2.943920288775945,6.075908711186064,2.061552812808828,3.2015621187164243,2.8722813232690143,3.1091263510296003,7.615773105863909,2.1602468994692847,2.629955639676584,2.75378527364305,2.217355782608346,0.5773502691896257,3.696845502136472,2.581988897471611,2.217355782608347,0.957427107756338,3.304037933599835,6.075908711186061,3.201562118716424,2.8284271247461867,3.2015621187164163,3.415650255319863,3.774917217635375,3.774917217635373,3.162277660168383,6.0,2.0816659994661326,1.8257418583505496,3.741657386773942,1.707825127659926,6.800735254367722,1.7320508075688787,2.081665999466136,6.557438524302,3.3665016461206885,1.9148542155126764,0.9574271077563388,2.6299556396765844,1.5,3.872983346207416,1.4142135623730958,3.464101615137749,3.696845502136472,1.0000000000000049,0.957427107756338,3.000000000000008,4.434711565216691,2.217355782608345
16,Green,10.242883708539638,12.893796958227629,1.8257418583505385,4.041451884327384,2.7080128015453213,0.5773502691896278,3.1622776601683795,0.9999999999999992,3.4034296427770303,3.109126351029608,0.957427107756338,1.4999999999999991,1.707825127659926,4.041451884327378,33.2515663791447,2.0816659994661397,1.632993161855452,4.795831523312717,26.01281735350223,2.943920288775949,2.5166114784235845,5.446711546122736,14.660036380127666,5.066228051190222,11.888369666751336,1.4142135623730958,3.3166247903554,12.355835328567093,5.196152422706632,2.872281323269013,3.366501646120692,3.1091263510296048,4.4999999999999964,2.986078811194816,3.915780041490251,2.6457513110645903,18.697147732564268,3.6968455021364712,6.350852961085884,2.8722813232690143,36.99098989393679,4.991659710623982,8.04155872120988,4.349329450233298,3.1622776601683764,3.559026084010444,12.7148207485071,1.707825127659933,2.581988897471611,2.7537852736430484,9.83192080250175,15.121728296285008,2.449489742783178,4.082482904638634,10.996211468804455,9.146948489341495,1.914854215512676,2.2173557826083456,5.43905629069357,5.560275772537419,5.830951894845301,2.0615528128088307,4.082482904638636,3.741657386773941,2.943920288775949,5.61990510002912,9.429563439877096,22.53885533916929,2.160246899469287
16,Red,11.73314393786536,9.42956343987709,2.1602468994692936,4.396968652757647,2.4494897427831783,2.0,2.9860788111948198,0.8164965809277257,2.7080128015453147,1.9148542155126689,4.7871355387816905,0.95742710775634,2.8722813232690143,4.5092497528228925,44.6056797579262,7.22841614740048,0.9999999999999992,0.9574271077563308,43.77594468807421,3.1622776601683777,1.8257418583505531,5.066228051190217,5.163977794943222,4.425306015783917,2.6299556396765897,1.7320508075688772,2.6299556396765835,11.757976016304848,3.30403793359984,0.5000000000000002,1.707825127659933,2.3629078131263013,2.499999999999995,2.0615528128088303,1.2909944487358056,1.8929694486000916,2.8722813232690085,2.217355782608346,6.652067347825035,3.162277660168382,3.696845502136472,4.96655480858378,3.559026084010429,2.629955639676578,1.892969448600095,3.915780041490237,19.87460691435179,2.629955639676578,3.559026084010437,2.3629078131262973,2.081665999466128,19.209372712298546,2.6299556396765835,2.943920288775949,16.743157806499152,4.041451884327378,0.957427107756338,1.4142135623730951,3.774917217635375,3.593976442141304,4.99165971062398,1.2583057392117918,2.645751311064598,8.10349718742881,6.055300708194991,4.924428900898052,2.3804761428476087,31.27299154222378,0.816496580927726
16,White,52.614161591723565,49.59418648726212,2.753785273643053,23.130067012440747,0.8164965809277289,4.16333199893226,4.349329450233308,1.2909944487358074,5.123475382979789,4.193248541803052,3.162277660168394,4.396968652757643,2.160246899469278,12.288205727444518,161.10658997487758,10.781929326423912,3.559026084010437,2.2173557826083514,134.679867339802,3.2015621187164345,0.957427107756338,14.12739655185388,29.22755549135097,9.41629792788369,15.187714333192696,3.2015621187164243,4.991659710623976,44.30575583375145,2.362907813126318,1.2909944487358056,4.425306015783914,2.581988897471611,2.3804761428476087,4.27200187265878,3.915780041490251,4.12310562561766,4.272001872658767,1.4142135623730885,35.28928071430946,16.070158679988207,26.48899142411178,7.932002689527196,11.116804097101545,2.7080128015453098,6.782329983125268,2.6299556396765835,38.27531841800929,0.816496580927726,2.3804761428476167,20.149441679609897,8.539125638299666,138.35461683659133,4.924428900898048,6.806859285554036,34.66987164671942,16.357974609753306,2.3804761428476167,0.5773502691896257,3.415650255319866,10.812801055539053,29.81470554385313,1.632993161855452,7.228416147400465,4.924428900898052,3.304037933599842,19.414341777837,2.217355782608343,173.81287831074732,2.62995563967658
17,Black,0.5773502691896258,1.2909944487358056,0.4999999999999999,0.957427107756338,0.5,2.516611478423583,0.957427107756338,0.5773502691896257,0.816496580927726,0.5773502691896257,0.0,1.414213562373095,0.5,0.5,0.5773502691896255,0.957427107756338,1.2583057392117911,0.957427107756338,0.957427107756338,0.816496580927726,0.4999999999999999,0.5,1.914854215512676,0.816496580927726,0.957427107756338,0.5,0.9574271077563384,0.8164965809277259,1.732050807568877,1.5,1.1547005383792517,2.0615528128088303,1.0,1.2909944487358056,0.0,1.0,0.957427107756338,0.957427107756338,0.5,0.816496580927726,0.4999999999999999,0.816496580927726,0.8164965809277259,1.7320508075688772,0.957427107756338,0.5,1.1547005383792517,0.5773502691896257,0.0,1.2909944487358058,0.957427107756338,1.2909944487358054,1.1547005383792517,1.2909944487358056,1.2583057392117916,1.4142135623730956,0.816496580927726,0.0,0.957427107756338,0.957427107756338,0.5,0.0,0.816496580927726,1.4142135623730951,0.816496580927726,1.1547005383792517,0.816496580927726,0.5773502691896257,0.816496580927726
17,Blue,5.560275772537421,10.408329997330668,2.943920288775949,1.2909944487358056,2.6299556396765835,1.1547005383792497,3.947573094109002,0.816496580927726,2.5819888974716148,3.7859388972001855,1.5,1.8257418583505536,1.707825127659935,1.732050807568876,13.316656236958783,4.082482904638634,2.6457513110645903,2.8284271247461867,2.8722813232690148,4.924428900898053,1.5000000000000004,2.6299556396765835,2.8867513459481304,3.774917217635375,3.2015621187164243,1.707825127659932,3.593976442141304,5.909032633745278,2.061552812808833,2.217355782608347,0.816496580927726,4.991659710623974,2.7080128015453147,4.031128874149279,3.1091263510296048,3.1091263510296048,3.109126351029599,2.3804761428476167,6.898067362191627,2.449489742783178,1.2583057392117925,2.645751311064583,1.914854215512676,2.3804761428476087,2.999999999999999,2.4999999999999964,6.344288770224762,3.36650164612069,2.64575131106459,4.031128874149275,3.403429642777021,4.573474244670748,1.7320508075688772,2.8867513459481318,6.658328118479396,2.160246899469287,2.3804761428476167,1.8257418583505545,2.5,2.3629078131263026,3.304037933599836,0.957427107756338,1.4142135623730985,2.2173557826083528,2.943920288775957,3.741657386773941,1.6329931618554578,3.9475730941090026,1.892969448600092
17,Green,9.018499505645789,10.904891868637058,3.7749172176353736,7.544313531837517,2.581988897471611,1.7320508075688772,5.251983752196246,3.0,1.1547005383792517,5.852349955359813,3.403429642777025,1.892969448600088,2.7537852736430586,4.932882862316244,37.0168880377592,2.0615528128088303,2.828427124746192,4.93288286231624,25.32949532330507,3.785938897200176,1.8929694486000903,2.943920288775949,11.90238071423808,6.601767440112792,12.83225103661344,0.5,2.986078811194816,13.647344063956178,1.290994448735813,2.1602468994692883,2.75378527364305,3.304037933599828,9.945685831890458,2.7080128015453253,3.4999999999999925,2.309401076758503,21.14040365429825,2.309401076758503,8.616843969807043,3.0,31.287643993542662,6.137317546507324,5.446711546122736,3.1622776601683764,1.707825127659933,4.041451884327388,12.841988423397154,4.546060565661952,5.066228051190223,0.957427107756338,11.518101695447324,10.1447851956888,0.5773502691896257,3.2015621187164296,13.490737563232049,8.057087976847873,0.5,2.160246899469286,4.690415759823437,2.081665999466126,6.7019897542943685,0.9574271077563378,4.573474244670749,4.5,2.1602468994692936,4.031128874149276,5.446711546122731,21.884164746836163,0.957427107756338
17,Red,12.767145334803704,8.504900548115383,3.1091263510296048,3.741657386773946,1.2909944487358047,2.0,3.403429642777025,1.914854215512676,1.5,2.999999999999992,3.593976442141304,3.3040379335998327,2.581988897471611,4.654746681256314,43.77594468807421,3.3166247903554,1.2583057392117918,3.1091263510296003,44.19935896971056,2.0816659994661397,1.1547005383792526,4.509249752822897,8.225975119502044,3.774917217635368,2.160246899469287,1.0000000000000002,1.7320508075688772,8.9628864398325,3.415650255319866,1.258305739211792,1.5,1.707825127659933,4.358898943540676,1.290994448735802,2.160246899469287,1.7078251276599328,2.0816659994661397,4.358898943540676,8.981462390204987,2.0615528128088294,2.581988897471611,2.6457513110645925,2.7080128015453147,1.7320508075688772,4.112987559751017,1.5,19.6192932254622,2.8284271247461903,3.4999999999999925,0.816496580927726,3.0956959368344497,18.15443012967725,1.154700538379251,1.258305739211786,19.916492328386216,7.141428428542847,1.2909944487358056,1.2583057392117911,3.162277660168381,4.760952285695233,5.000000000000001,0.957427107756338,3.1091263510296128,6.291528696058953,3.403429642777025,2.217355782608342,2.9860788111948198,31.11671576500322,0.5
17,White,55.38952969650492,47.4859628381553,2.309401076758503,23.62202362203543,2.0816659994661326,3.605551275463989,1.5,2.06155281280883,3.7749172176353887,5.737304826019502,2.986078811194833,7.22841614740048,3.872983346207417,10.3440804327886,154.30786326907216,5.5075705472861,2.380476142847617,3.774917217635375,134.24945685799503,2.3804761428476207,3.0956959368344483,7.438637868140478,30.4904356588532,8.020806277010635,6.60807586719967,1.892969448600088,2.5000000000000133,43.59950305527193,3.3665016461206814,1.290994448735802,3.915780041490247,1.4142135623730951,3.1091263510296048,1.2909944487358056,5.31507290636731,3.696845502136472,7.416198487095658,3.464101615137744,32.3251707909899,14.080127840328725,21.610182784974324,5.852349955359813,8.12403840463596,1.2909944487358056,1.7078251276599303,4.203173404306164,39.82043026722171,5.678908345800259,2.3804761428476167,11.269427669584656,4.242640687119285,139.12434486218913,2.160246899469287,5.972157622389624,27.097047809678457,17.339742404853258,1.914854215512678,2.081665999466129,1.892969448600084,10.90489186863706,27.67670500619609,2.081665999466132,7.804912982645385,2.217355782608345,2.943920288775933,16.11417595369576,4.856267428111158,173.34166646635578,4.573474244670744
18,Black,0.5,1.707825127659933,0.5773502691896258,1.707825127659933,0.4999999999999999,2.081665999466133,0.957427107756338,1.1547005383792517,0.957427107756338,0.5,0.0,0.816496580927726,0.816496580927726,0.5773502691896257,0.957427107756338,0.5000000000000001,0.957427107756338,0.8164965809277263,0.4999999999999998,1.5,0.0,0.816496580927726,1.0,0.0,1.707825127659933,0.4999999999999999,1.2583057392117911,1.2583057392117918,0.4999999999999999,1.2909944487358058,0.5773502691896255,1.5,0.957427107756338,0.8164965809277257,0.5773502691896257,0.957427107756338,0.5,2.0615528128088303,0.5773502691896257,0.5,0.4999999999999999,1.5,0.957427107756338,1.2583057392117916,1.2909944487358056,0.4999999999999999,0.957427107756338,0.5,0.5773502691896257,0.5,0.0,0.0,0.816496580927726,0.5,0.5,1.414213562373095,0.5773502691896258,0.957427107756338,0.4999999999999999,0.8164965809277259,0.9574271077563382,0.0,0.816496580927726,1.290994448735806,0.5,1.5,1.2909944487358054,0.4999999999999998,0.5773502691896255
18,Blue,6.683312551921143,10.862780491200215,1.73205080756888,1.707825127659933,2.380476142847616,2.51661147842358,3.1622776601683795,1.5,4.69041575982343,1.1547005383792517,2.380476142847611,2.449489742783177,2.5,3.696845502136472,10.045728777279756,1.707825127659933,3.5118845842842465,4.5,1.7078251276599323,2.061552812808836,2.217355782608345,3.696845502136472,4.645786621588787,1.258305739211789,1.0000000000000049,1.2583057392117911,6.946221994724902,9.105858919765154,3.403429642777022,1.4142135623730945,3.774917217635373,2.645751311064589,1.732050807568872,3.304037933599835,2.3804761428476207,1.825741858350556,2.500000000000001,0.4999999999999952,9.01849950564579,3.304037933599835,2.061552812808833,2.217355782608345,1.5000000000000009,0.5000000000000047,2.2173557826083448,0.9574271077563368,6.701989754294364,2.160246899469287,0.9999999999999976,0.957427107756338,3.1091263510296003,4.349329450233297,2.5,2.943920288775949,5.737304826019505,3.8622100754188224,1.258305739211791,0.4999999999999988,0.4999999999999952,3.559026084010435,2.5000000000000018,2.3804761428476167,2.6299556396765897,3.696845502136472,2.3629078131262973,3.696845502136472,2.7080128015453147,5.916079783099614,2.217355782608345
18,Green,8.286535263104032,10.996211468804455,2.872281323269026,5.354126134736337,2.708012801545319,1.1547005383792497,1.258305739211786,2.7080128015453204,4.203173404306162,3.59397644214131,3.872983346207412,0.8164965809277289,2.3804761428476167,5.18812747209113,32.22188697143605,1.2583057392117971,1.2583057392117902,5.123475382979799,25.539185578244272,2.449489742783178,2.708012801545318,6.1644140029689725,14.384598244882152,3.0956959368344585,13.985111130532122,3.403429642777025,1.4142135623730951,12.996794476587937,2.7080128015453147,3.8622100754188224,1.707825127659933,0.9999999999999952,6.291528696058959,3.304037933599835,1.8929694486000876,2.5166114784235845,19.78846465326033,3.774917217635374,10.594810050208547,2.081665999466126,35.874782229304195,7.41057802513857,11.84271928232701,2.9860788111948198,1.0000000000000049,2.061552812808836,14.361406616345072,2.9999999999999987,3.0956959368344585,0.5,6.9522178715380765,13.937359864766352,3.1091263510296048,4.509249752822899,11.357816691600547,11.70469991071963,1.7078251276599334,2.886751345948128,9.912113800799505,2.8284271247461867,9.84462628374824,1.2909944487358056,1.707825127659926,3.593976442141306,2.217355782608342,4.08248290463863,2.3804761428476207,22.10580617545234,3.6514837167011054
18,Red,11.146748404803976,9.142392101268316,2.2173557826083483,2.0615528128088245,1.632993161855452,1.0,0.816496580927726,1.914854215512676,3.201562118716428,3.947573094109002,3.8622100754188224,1.7078251276599314,2.8722813232690134,1.5,45.27324449016954,5.188127472091127,1.8257418583505536,2.629955639676578,40.024992192379,2.3804761428476167,1.7320508075688772,2.499999999999998,6.849574196011505,2.886751345948129,5.315072906367325,1.707825127659933,2.581988897471611,10.935416468216165,2.87228132326902,1.4142135623730951,1.632993161855452,1.8257418583505616,3.5939764421413085,4.272001872658765,3.55902608401044,2.3804761428476167,2.3629078131262973,4.193248541803039,10.67707825203131,3.1091263510296048,0.9999999999999952,6.48074069840786,2.8722813232690143,4.645786621588783,2.6299556396765835,1.707825127659933,19.44865033877673,1.4142135623730985,5.066228051190222,2.4999999999999933,2.6299556396765835,19.05037182489273,0.9574271077563382,3.4641016151377544,17.233687939614086,3.1622776601683715,1.0000000000000002,0.816496580927726,5.5,3.162277660168387,6.849574196011505,1.4142135623730956,4.358898943540674,8.616843969807043,2.5,2.8722813232690143,4.031128874149278,31.95178659584885,1.0000000000000002
18,White,55.1966182538991,46.37168676394393,2.217355782608345,24.221202832779927,3.8622100754188224,3.055050463303895,1.8929694486000987,2.160246899469287,3.741657386773941,5.377421934967226,3.3166247903553883,4.031128874149272,5.499999999999986,10.78579312490897,156.19512369682565,5.972157622389632,2.449489742783178,2.886751345948129,136.19196011512574,0.8164965809277376,3.593976442141302,13.178264933847208,28.5715476187996,9.215023964519402,7.023769168568493,2.645751311064592,3.3166247903553856,43.91184350491335,5.686240703077327,3.3040379335998318,1.6329931618554492,0.5773502691896257,5.315072906367325,4.509249752822882,7.593857166596331,2.581988897471611,3.774917217635375,1.7078251276599414,30.423401080966176,11.445523142259608,24.046829312822112,1.7078251276599414,11.2101144805335,0.5773502691896093,11.176612486199325,3.696845502136472,37.17862289004261,4.123105625617659,5.830951894845299,8.698658900466592,8.185352771872434,133.1975350122266,2.6299556396765857,5.251983752196235,29.177616992025456,16.07015867998821,2.2173557826083443,0.816496580927726,0.9574271077563332,6.898067362191631,24.486390778008367,3.2015621187164243,9.742518497117,6.291528696058947,3.559026084010429,13.540064007726611,4.242640687119285,168.33894380089237,2.6299556396765835
19,Black,0.5773502691896258,1.5,0.816496580927726,0.8164965809277259,1.2909944487358058,2.309401076758503,0.957427107756338,0.5773502691896257,0.957427107756338,0.4999999999999999,0.8164965809277259,1.2583057392117916,0.0,0.9574271077563382,0.9574271077563384,0.957427107756338,0.816496580927726,0.816496580927726,0.5773502691896257,0.957427107756338,0.4999999999999999,0.816496580927726,0.9574271077563382,0.5,0.957427107756338,0.9574271077563382,0.5,0.4999999999999999,1.4142135623730951,0.4999999999999999,0.957427107756338,1.5,1.4142135623730951,0.816496580927726,0.957427107756338,0.957427107756338,0.5773502691896258,0.957427107756338,0.5773502691896257,1.2909944487358054,0.9574271077563382,1.2583057392117916,1.2909944487358056,1.707825127659933,1.2909944487358056,0.5773502691896258,0.816496580927726,0.5,0.957427107756338,1.2583057392117918,1.2583057392117918,1.1547005383792517,0.957427107756338,1.2583057392117916,1.2909944487358056,1.1547005383792517,0.957427107756338,0.5773502691896258,0.5000000000000001,1.2583057392117918,0.5,0.5,1.2909944487358056,2.0816659994661326,1.4142135623730951,1.8257418583505536,0.8164965809277257,0.957427107756338,0.5
19,Blue,5.773502691896254,7.234178138070239,2.753785273643043,2.21735578260834,2.943920288775949,1.7320508075688772,1.7320508075688772,1.4142135623730945,2.5166114784235822,4.716990566028305,2.081665999466128,3.415650255319864,2.872281323269017,4.112987559751022,11.644025649805709,3.316624790355403,1.7320508075688787,3.6855573979160026,3.593976442141304,0.577350269189634,1.8257418583505536,1.500000000000004,5.499999999999997,1.2909944487358056,2.449489742783178,0.9999999999999988,2.7080128015453164,7.41057802513857,2.0,2.380476142847615,1.707825127659933,2.581988897471611,3.593976442141302,2.0615528128088343,2.6299556396765795,1.732050807568878,3.0,4.932882862316247,9.539392014169456,1.290994448735813,3.6968455021364734,3.109126351029608,0.5773502691896257,4.193248541803039,2.7537852736430515,4.924428900898052,7.847504911329032,1.707825127659933,3.3040379335998336,1.7078251276599323,1.2909944487358056,1.732050807568878,1.4142135623730934,2.3629078131263026,6.377042156569661,1.4142135623730951,0.4999999999999994,1.258305739211793,5.123475382979799,2.7537852736430524,7.499999999999998,2.217355782608345,3.5939764421412983,3.3040379335998318,1.7320508075688772,2.499999999999995,2.217355782608345,5.477225575051661,1.258305739211793
19,Green,7.54983443527075,11.898879499067688,2.4494897427831743,1.4142135623730985,2.753785273643049,4.932882862316244,1.707825127659933,1.2909944487358056,2.6457513110645925,4.7871355387816905,3.2015621187164243,4.123105625617663,1.8929694486000972,7.135591542869215,32.806249404648504,3.559026084010437,2.06155281280883,6.137317546507322,23.90780904502404,2.886751345948134,1.707825127659933,4.760952285695241,12.41974234837422,4.203173404306164,10.082988974836116,1.5,2.753785273643043,13.190905958272916,0.5773502691896257,3.0956959368344528,2.309401076758503,4.573474244670742,12.233832869001706,1.707825127659926,4.320493798938569,2.5,20.856653614614217,5.887840577551898,7.588368291888141,2.499999999999995,57.38394084294548,5.354126134736337,7.274384280931727,5.477225575051667,4.645786621588777,5.43905629069357,15.107944929738132,2.160246899469291,1.4999999999999984,5.099019513592792,9.215023964519393,9.98331942124796,1.499999999999998,1.2909944487358056,12.419742348374228,7.958224257542221,0.957427107756338,1.4142135623730947,7.274384280931737,4.898979485566356,6.757711644237762,1.2909944487358056,4.654746681256314,2.9439202887759475,2.2173557826083483,3.696845502136472,6.244997998398398,17.78341924377874,2.380476142847616
19,Red,11.354147553500734,8.18535277187245,3.829708431025352,3.2015621187164207,1.2909944487358056,2.6457513110645907,0.957427107756338,1.8257418583505536,2.7080128015453164,1.5000000000000078,2.449489742783176,1.2583057392117902,3.1091263510296048,2.645751311064587,43.829214001622255,2.081665999466126,1.2909944487358056,2.21735578260834,42.39889935678362,3.415650255319866,1.7320508075688776,5.123475382979799,4.573474244670747,1.5000000000000016,3.2015621187164207,1.2583057392117911,1.914854215512676,10.935416468216168,2.1602468994692803,2.1602468994692865,1.732050807568877,3.915780041490245,5.446711546122731,2.5,2.3804761428476167,2.5,3.304037933599835,3.0956959368344448,9.215023964519393,2.217355782608345,4.654746681256314,5.354126134736337,3.74165738677394,3.872983346207417,3.304037933599836,4.1231056256176615,14.719601443879752,2.645751311064598,2.98607881119482,2.0816659994661326,4.349329450233296,17.876893839068725,0.957427107756338,3.316624790355401,17.327723451163465,2.7080128015453253,0.5,1.5000000000000004,6.324555320336762,2.753785273643043,6.164414002968976,0.8164965809277257,1.9148542155126735,7.804912982645393,0.4999999999999952,2.309401076758503,1.2909944487358056,30.62134331910778,0.4999999999999996
19,White,53.67417131793156,43.9583135860935,1.8929694486000987,23.428970670233607,0.5000000000000023,3.605551275463989,2.217355782608339,2.64575131106459,6.952217871538062,6.2182527020592095,2.645751311064605,1.2583057392117898,5.354126134736326,14.468356276140456,155.04945447609074,8.421203397773196,1.8929694486000892,4.203173404306164,131.17005501765,1.7320508075688883,2.1602468994692834,15.340577998671789,26.800186566514792,10.78579312490897,6.075908711186061,1.7320508075688772,5.773502691896258,42.382189655561696,7.023769168568493,2.449489742783177,3.415650255319866,4.112987559751028,2.0615528128088187,3.559026084010437,8.164965809277245,1.8929694486000892,3.774917217635375,4.031128874149269,33.7478394370168,25.92778432492836,30.401480227120523,10.04572877727976,8.88350531415762,4.0311288741492906,6.3966136874651705,6.454972243679028,36.52738698565777,4.924428900898052,3.8622100754188224,7.325753658611962,7.973915809270442,131.4873251179241,3.0,2.9860788111948198,33.75401210720486,20.516253719104423,1.2909944487358074,3.304037933599835,1.7078251276599248,10.468205831628149,24.17126393054364,1.5,4.991659710623994,6.601767440112774,1.2583057392118029,14.568802284333454,1.8257418583505485,168.46834519675596,1.8257418583505525
20,Black,0.4999999999999999,1.5,0.5773502691896257,1.2909944487358058,0.4999999999999999,1.0,0.5773502691896257,0.5,0.957427107756338,0.5773502691896257,0.5773502691896257,0.816496580927726,0.0,0.957427107756338,0.5773502691896257,0.4999999999999998,0.4999999999999998,0.4999999999999998,0.957427107756338,0.957427107756338,0.5773502691896257,0.4999999999999999,0.816496580927726,0.5773502691896258,0.4999999999999999,0.816496580927726,1.2583057392117918,0.5,0.957427107756338,0.957427107756338,0.957427107756338,1.0,1.2909944487358056,0.4999999999999998,0.8164965809277259,1.2583057392117916,0.5773502691896258,1.1547005383792517,0.5773502691896257,0.5773502691896257,0.4999999999999999,0.5773502691896257,1.2583057392117918,0.816496580927726,0.9999999999999998,0.957427107756338,0.8164965809277259,0.5,0.5773502691896258,0.957427107756338,1.4142135623730951,1.2909944487358056,0.5,0.4999999999999999,1.0,0.816496580927726,0.4999999999999999,1.0,0.9574271077563382,1.1547005383792517,1.1547005383792517,0.5,0.5,1.892969448600091,0.957427107756338,1.2909944487358054,0.9999999999999996,0.0,0.816496580927726
20,Blue,6.075908711186061,8.770214744615247,2.581988897471611,2.500000000000001,2.5,3.605551275463989,1.2909944487358056,3.1622776601683773,2.9439202887759497,2.3804761428476136,3.415650255319866,2.886751345948129,3.1622776601683795,2.7080128015453173,8.831760866327844,2.645751311064587,1.2583057392117911,3.774917217635375,1.258305739211789,3.55902608401044,1.4999999999999996,2.160246899469288,3.8729833462074175,1.7078251276599363,3.500000000000005,2.081665999466132,2.3804761428476167,6.396613687465159,1.707825127659933,1.914854215512676,3.304037933599835,2.217355782608345,3.8622100754188224,3.651483716701108,0.816496580927726,3.593976442141304,2.217355782608345,2.6457513110645907,5.852349955359813,2.6299556396765897,1.1547005383792517,2.500000000000005,4.031128874149272,2.3804761428476167,2.217355782608345,3.304037933599835,6.849574196011505,2.943920288775949,3.5000000000000018,3.741657386773944,3.304037933599841,2.645751311064589,2.6299556396765835,3.774917217635375,4.112987559751022,1.8929694486000876,0.957427107756338,0.816496580927726,2.3804761428476167,1.2583057392117925,4.795831523312719,2.6299556396765835,1.825741858350546,2.2173557826083528,4.499999999999997,3.696845502136472,1.632993161855452,5.5,2.6299556396765835
20,Green,8.736894948054108,9.899494936611664,4.396968652757646,4.7871355387816905,3.366501646120692,3.4641016151377544,6.130524719249841,2.0615528128088303,5.354126134736337,2.499999999999995,3.3166247903553927,3.7749172176353714,6.377042156569672,2.9999999999999987,34.45286635390443,1.1547005383792517,1.892969448600092,6.994045086119096,23.69950773047125,2.7080128015453253,2.5000000000000013,5.5976185412488935,13.820274961085254,4.358898943540674,14.719601443879744,1.500000000000002,5.68624070307732,13.140268896284685,2.8722813232690143,3.464101615137756,2.9860788111948184,6.633249580710793,10.93541646821616,1.2909944487358056,4.500000000000006,0.957427107756338,29.04594062285928,1.707825127659933,8.869423130433379,2.0816659994661326,52.72807601268986,4.690415759823431,10.92397973878263,2.2173557826083483,3.696845502136472,2.160246899469291,14.93039405597409,2.753785273643043,1.8929694486000972,7.88986691902975,8.582928793055826,11.354147553500734,3.403429642777021,4.031128874149271,12.996794476587937,9.394147114027968,1.632993161855452,0.957427107756338,4.795831523312727,2.943920288775949,8.341662504161468,0.957427107756338,2.2173557826083528,3.415650255319866,3.69684550213648,2.645751311064587,2.943920288775949,22.588713996153032,1.8257418583505536
20,Red,8.75595035770913,9.46924847422786,2.75378527364305,2.986078811194812,1.8929694486000903,3.055050463303895,3.8622100754188224,2.6299556396765835,3.162277660168381,2.3804761428476167,3.741657386773946,2.645751311064591,2.6457513110645925,2.061552812808828,40.468094428409486,4.08248290463863,2.6299556396765835,4.112987559751024,42.3359579238894,1.8929694486000972,0.5000000000000006,5.377421934967226,7.274384280931732,4.69041575982343,6.075908711186061,0.4999999999999996,3.651483716701105,9.069178573608529,3.774917217635376,2.0,0.9574271077563378,4.760952285695233,4.434711565216696,1.7320508075688772,1.258305739211786,2.0816659994661326,3.304037933599835,3.559026084010437,6.633249580710798,3.774917217635375,2.645751311064598,3.1091263510296048,2.645751311064598,4.760952285695233,3.915780041490245,2.217355782608345,17.40450133346734,2.1602468994692936,3.559026084010437,2.217355782608342,1.7078251276599288,19.026297590440446,2.82842712474619,3.109126351029608,16.95090951345483,1.8929694486000876,0.816496580927726,1.7320508075688772,7.675719293112968,1.4142135623730985,7.088723439378912,0.4999999999999996,1.4999999999999922,7.54431353183752,3.774917217635375,1.8257418583505536,3.3166247903554056,31.616187836823933,1.258305739211792
20,White,54.32617539762333,40.5,1.732050807568872,26.663020584072363,2.581988897471611,2.886751345948133,2.8722813232690143,2.645751311064592,4.690415759823432,4.349329450233296,3.304037933599822,2.986078811194816,7.182153808805066,9.742518497116988,153.70317715215475,4.349329450233296,2.8722813232690143,1.8929694486000987,132.33417296123227,2.8722813232690143,0.5000000000000023,13.025615788386627,29.0674502952472,9.42956343987708,8.445906306213281,2.872281323269012,4.08248290463863,45.39089482851525,2.7537852736430666,2.9439202887759524,2.5000000000000004,4.690415759823428,2.0816659994661326,3.7749172176353833,5.377421934967226,1.0000000000000022,5.47722557505167,2.160246899469287,35.59026084010437,9.678154093971983,23.79600806858157,3.000000000000003,7.762087348130026,0.5773502691896257,9.142392101268308,7.325753658611982,37.793297465732365,3.415650255319866,4.43471156521669,5.96517672272442,6.055300708194984,123.09616836712128,2.7537852736430497,4.654746681256314,32.96968304366907,9.810708435174291,2.3804761428476167,3.304037933599835,2.2173557826083514,10.626225419530044,24.779023386727737,3.304037933599835,4.163331998932265,4.654746681256314,2.5166114784235947,12.737739202857007,1.914854215512676,164.16455159382002,1.632993161855452
21,Black,0.5,1.2583057392117916,1.2583057392117916,1.5000000000000002,1.2909944487358056,1.0,0.5773502691896257,0.957427107756338,0.5000000000000001,0.4999999999999999,1.0,1.2583057392117916,0.4999999999999999,0.816496580927726,1.1547005383792517,1.2583057392117918,0.957427107756338,0.5000000000000001,0.4999999999999999,1.5000000000000004,0.957427107756338,0.4999999999999999,1.0,0.4999999999999999,0.8164965809277259,0.9574271077563382,0.4999999999999998,0.5773502691896257,1.2583057392117916,0.5,0.4999999999999998,1.2909944487358058,0.957427107756338,1.0,0.4999999999999999,0.0,0.5773502691896257,1.5,0.5773502691896257,0.5773502691896255,0.5773502691896258,0.4999999999999999,0.957427107756338,0.816496580927726,0.9574271077563375,0.9574271077563382,0.5773502691896258,0.0,0.4999999999999999,0.816496580927726,0.957427107756338,1.1547005383792517,0.5,1.2583057392117916,1.4142135623730951,1.0000000000000002,0.8164965809277259,0.5,0.5773502691896257,0.816496580927726,0.5773502691896257,0.4999999999999999,0.5773502691896257,2.629955639676583,1.5,0.957427107756338,0.957427107756338,0.816496580927726,0.8164965809277263
21,Blue,5.123475382979795,9.255628917943216,2.3804761428476207,1.2909944487358056,2.160246899469286,2.0,2.4494897427831703,3.2015621187164243,2.9860788111948198,0.957427107756338,2.449489742783176,4.349329450233296,1.5,3.7749172176353727,10.984838035522715,0.5773502691896257,3.2015621187164243,3.741657386773935,1.6329931618554492,1.2909944487358056,1.8257418583505545,3.403429642777026,3.5118845842842483,2.645751311064592,2.8722813232690143,2.4999999999999982,4.082482904638636,8.015609770940696,1.632993161855452,2.7080128015453213,1.2583057392117911,3.3665016461206982,2.0615528128088294,3.8622100754188224,3.696845502136472,2.0816659994661326,1.9999999999999951,2.7080128015453147,5.61990510002912,0.5773502691896257,2.0615528128088307,1.258305739211786,2.0615528128088307,0.816496580927726,2.64575131106459,2.5166114784235805,7.088723439378913,2.0816659994661326,1.1547005383792557,4.795831523312717,2.8722813232690143,5.477225575051659,2.872281323269015,0.9574271077563368,5.5,4.242640687119291,1.2909944487358056,1.258305739211793,4.396968652757647,2.0615528128088307,5.619905100029124,1.914854215512676,2.645751311064598,5.066228051190222,3.862210075418824,2.0615528128088383,2.217355782608345,4.991659710623981,0.9574271077563388
21,Green,8.655441448399193,9.398581453247791,1.2909944487358056,3.201562118716425,1.2909944487358056,2.51661147842358,1.0000000000000049,2.3804761428476167,4.645786621588792,3.415650255319866,4.082482904638636,1.0,1.914854215512676,2.5166114784235774,33.48009358808106,3.0,2.828427124746192,6.3966136874651625,21.960191255997756,3.947573094109009,0.5000000000000011,6.454972243679028,15.173990905493516,4.573474244670742,13.527749258468685,2.06155281280883,2.217355782608345,13.124404748406691,2.87228132326902,3.5,3.366501646120694,6.02079728939615,9.814954576223634,1.8257418583505616,2.629955639676581,2.6299556396765835,29.69848480983499,5.3541261347363385,11.146748404803976,1.4142135623730951,48.19751030914356,2.9860788111948198,7.932002689527196,4.041451884327377,2.6299556396765835,1.2909944487358056,12.027745701779136,1.892969448600095,1.7320508075688772,6.238322424070967,10.1447851956888,10.657548185832113,2.0615528128088303,0.9574271077563404,13.250786140200644,5.887840577551905,1.258305739211791,1.258305739211791,3.4034296427770165,2.6299556396765835,6.652067347825035,1.707825127659933,1.4142135623730951,4.000000000000004,3.947573094108999,3.201562118716424,5.123475382979807,19.09624744987001,3.4641016151377544
21,Red,8.99536917900909,9.604686356149273,3.696845502136469,1.258305739211786,2.3804761428476167,2.081665999466133,4.787135538781697,1.8929694486000916,2.1602468994692847,6.184658438426486,2.6299556396765915,2.0615528128088285,0.0,2.6299556396765835,41.0477364377948,2.8867513459481358,2.160246899469286,5.377421934967226,40.85237651185873,4.08248290463863,2.362907813126305,5.2519837521962405,5.852349955359813,2.581988897471611,1.914854215512676,1.7078251276599328,1.2909944487358056,8.05708797684788,2.499999999999999,1.8257418583505536,1.2909944487358056,1.7320508075688772,4.349329450233296,2.645751311064598,1.8929694486000972,1.707825127659933,3.304037933599835,3.304037933599835,7.228416147400481,1.4999999999999984,2.0615528128088294,2.449489742783178,2.5,1.707825127659933,1.632993161855452,2.3629078131263013,15.348724159790388,2.500000000000005,2.217355782608342,1.4142135623731018,3.593976442141304,17.01959654829299,2.217355782608345,2.986078811194816,17.211914478058507,5.123475382979799,1.4142135623730947,1.4142135623730951,1.7320508075688772,3.3166247903553927,4.19324854180304,1.4999999999999998,1.7320508075688772,10.832051206181276,3.829708431025352,3.5,3.499999999999999,27.874719729532707,1.2909944487358056
21,White,51.80974811751162,41.45981990634627,3.3166247903554056,24.17126393054364,6.48074069840786,2.0816659994661384,3.304037933599835,2.081665999466135,4.645786621588788,7.593857166596345,6.244997998398398,5.123475382979799,4.425306015783919,7.831560082980473,151.4650674798208,4.7871355387816905,3.2015621187164243,3.464101615137765,130.67772062087198,2.753785273643056,2.000000000000002,9.327379053088816,26.46381176877839,9.979144919948457,4.031128874149275,1.1547005383792517,3.162277660168382,45.62528538723529,2.3804761428476167,3.8622100754188176,5.315072906367325,1.2909944487358056,3.593976442141304,3.304037933599835,4.795831523312704,2.6457513110645925,4.69041575982343,3.304037933599835,33.70830758136634,9.433981132056603,22.07562758639792,1.1547005383792517,12.780193008453868,3.3665016461207014,6.075908711186061,6.97614984548545,36.15706477762448,1.500000000000003,5.56776436283003,6.701989754294367,5.795112883571225,128.6506898543494,2.160246899469288,4.349329450233295,34.12110783664562,14.840822079655844,0.4999999999999988,3.403429642777024,4.425306015783934,11.846237095944584,22.7522892621087,2.6457513110645907,5.795112883571247,6.07590871118606,1.290994448735813,15.154757228892407,3.3040379335998336,160.10699547490108,2.3629078131263026
22,Black,0.5,0.816496580927726,0.9574271077563382,0.816496580927726,0.5,2.0,1.2909944487358056,0.5773502691896257,1.7320508075688772,0.5773502691896257,0.0,0.816496580927726,0.4999999999999999,0.5,1.2909944487358056,0.5,0.5773502691896255,1.2909944487358058,0.957427107756338,1.8929694486000916,0.5,0.0,1.1547005383792517,0.5773502691896257,0.957427107756338,0.5773502691896258,0.5773502691896257,0.5,1.8257418583505536,0.5,0.816496580927726,1.2583057392117911,1.0,1.2909944487358056,0.5773502691896257,0.5773502691896257,0.9574271077563382,0.816496580927726,0.5773502691896257,1.0,0.5,0.8164965809277259,0.957427107756338,0.5773502691896257,0.9574271077563384,0.5,0.4999999999999999,0.4999999999999999,0.5,1.2583057392117916,0.957427107756338,0.957427107756338,0.5773502691896255,0.8164965809277259,1.2909944487358056,1.2909944487358056,0.8164965809277259,0.4999999999999999,1.5,0.957427107756338,0.5773502691896257,0.5,1.2583057392117918,3.1091263510296048,1.8929694486000912,1.2583057392117918,0.4999999999999996,0.9999999999999998,0.5773502691896257
22,Blue,5.188127472091127,6.658328118479394,2.081665999466128,3.774917217635374,3.403429642777024,0.5773502691896278,2.500000000000005,3.415650255319866,4.193248541803039,2.0615528128088303,2.3804761428476167,1.707825127659933,2.217355782608345,3.593976442141304,10.781929326423912,1.632993161855452,3.403429642777021,1.732050807568872,0.957427107756338,2.886751345948129,1.5,3.5118845842842505,5.59761854124889,2.8722813232690148,3.593976442141304,3.2015621187164243,0.816496580927726,9.32737905308882,1.914854215512676,1.2583057392117902,3.829708431025352,5.123475382979802,5.377421934967221,3.5118845842842465,1.8929694486000928,2.9439202887759484,2.7537852736430586,4.716990566028299,6.000000000000002,0.957427107756338,1.707825127659931,2.3629078131263013,2.217355782608345,7.895146188218015,2.061552812808833,2.629955639676583,5.944184833375666,1.8257418583505525,2.3629078131263026,3.87298334620742,4.08248290463863,1.9148542155126755,2.6457513110645903,2.64575131106459,4.272001872658768,0.9574271077563404,2.5,2.160246899469285,2.362907813126307,2.217355782608345,5.259911279353167,2.061552812808831,1.892969448600095,7.135591542869215,1.8257418583505536,2.500000000000005,2.516611478423585,5.259911279353167,1.914854215512678
22,Green,8.261355820929156,9.291573243177572,2.4999999999999982,6.582805886043833,2.3804761428476158,2.51661147842358,3.304037933599835,2.6299556396765835,2.9860788111948198,3.304037933599828,4.5,2.0615528128088303,3.304037933599835,4.645786621588787,33.44024521441193,4.242640687119285,1.707825127659934,4.795831523312726,22.590558499809894,4.991659710623985,2.708012801545319,3.6968455021364712,12.841988423397158,2.7080128015453164,17.75762746915627,2.8284271247461903,3.1091263510296128,13.022416570411702,2.0615528128088245,0.9574271077563362,2.872281323269013,4.27200187265877,7.762087348130012,1.2909944487358056,2.160246899469287,1.5,34.16016198244186,2.516611478423585,9.03696114115064,2.0615528128088294,43.21554504265026,7.118052168020875,3.593976442141297,2.6299556396765844,3.4034296427770303,2.217355782608345,12.685293322058683,3.1622776601683795,2.75378527364305,6.701989754294374,10.307764064044152,14.103781998693355,3.4034296427770223,4.509249752822899,10.099504938362086,4.5,0.816496580927726,1.4999999999999998,4.546060565661957,3.872983346207417,3.8622100754188224,0.816496580927726,4.193248541803036,4.690415759823425,0.816496580927726,0.9574271077563404,6.4031242374328405,17.53805386390786,3.8622100754188224
22,Red,8.616843969807043,8.381527307120104,1.290994448735802,4.242640687119285,0.4999999999999996,2.081665999466131,4.193248541803036,0.9574271077563382,5.678908345800272,4.272001872658769,3.915780041490245,1.892969448600092,3.500000000000001,3.7859388972001855,39.95309750194596,2.5166114784235774,2.160246899469287,2.8867513459481358,40.844216236818646,2.160246899469287,1.2909944487358056,3.593976442141304,5.057996968497839,4.795831523312722,5.291502622129174,1.154700538379251,3.3166247903554056,10.984838035522722,0.5,1.2909944487358054,2.0615528128088303,4.654746681256316,0.4999999999999952,4.320493798938574,3.7749172176353705,2.160246899469287,3.915780041490245,2.0615528128088303,10.012492197250396,4.193248541803047,3.559026084010437,4.031128874149283,2.081665999466128,3.593976442141304,3.696845502136479,0.0,17.397317800933184,2.449489742783186,0.4999999999999952,3.774917217635383,1.7320508075688772,18.06239186818844,1.4999999999999998,1.4142135623730951,17.4928556845359,1.707825127659933,1.2909944487358054,1.2583057392117911,2.44948974278318,2.449489742783178,5.446711546122732,0.5773502691896257,3.304037933599835,6.238322424070968,0.957427107756338,3.304037933599836,1.732050807568872,27.681221071332818,1.914854215512676
22,White,48.67237409455184,44.19275958796871,2.70801280154533,25.32455988429678,2.499999999999998,1.5275252316519543,4.08248290463863,2.986078811194816,4.193248541803031,4.645786621588769,1.914854215512676,2.986078811194816,3.304037933599835,7.071067811865466,151.94077793666847,4.272001872658765,1.7320508075688772,3.696845502136472,128.01822786879478,3.774917217635375,2.2173557826083448,13.59840676942217,26.000000000000004,9.41629792788368,2.362907813126318,1.4142135623730934,5.188127472091124,41.33098111586513,4.5460605656619455,2.217355782608341,2.06155281280883,2.516611478423572,3.109126351029596,5.852349955359813,3.7749172176353887,2.629955639676585,3.5000000000000013,1.2909944487358056,31.94787421201396,7.393691004272944,22.396056200441468,7.455423082115009,8.301606270274847,2.8722813232690028,8.34665601703261,5.377421934967225,40.22747817102136,1.2583057392117802,2.753785273643053,10.832051206181289,3.304037933599835,125.85275788264106,1.4142135623730916,7.632168761236886,29.307280096704076,14.47987108598233,1.2909944487358056,2.06155281280883,2.51661147842358,13.4412301024373,20.998015779274635,2.872281323269014,6.946221994724911,10.34005157949741,1.8257418583505485,15.51343503762678,3.109126351029599,158.24111349456564,1.7078251276599363
23,Black,0.4999999999999999,0.957427107756338,1.0,0.0,1.2909944487358056,1.0,0.5773502691896258,1.4142135623730951,1.2583057392117916,0.0,1.2583057392117918,0.957427107756338,0.816496580927726,1.1547005383792517,0.8164965809277263,1.7320508075688772,0.957427107756338,0.957427107756338,0.5,1.892969448600091,0.957427107756338,0.0,1.1547005383792517,0.5773502691896258,0.5,0.9574271077563382,0.4999999999999999,0.4999999999999999,1.707825127659933,0.0,0.957427107756338,0.957427107756338,1.7320508075688772,0.816496580927726,0.8164965809277259,0.5773502691896257,0.8164965809277259,0.816496580927726,0.5773502691896257,0.957427107756338,0.8164965809277259,0.8164965809277259,0.816496580927726,0.5773502691896257,1.0,0.4999999999999999,0.5773502691896257,0.5773502691896257,0.5773502691896258,0.5000000000000001,1.2583057392117916,0.957427107756338,1.2583057392117918,0.5,1.2583057392117916,1.7320508075688772,0.5,0.5,1.4142135623730951,0.5773502691896257,0.4999999999999999,0.5773502691896258,0.957427107756338,2.0615528128088303,1.7320508075688772,1.7320508075688776,0.816496580927726,0.5,0.8164965809277263
23,Blue,5.737304826019502,8.18026079453868,3.4641016151377544,3.201562118716419,2.6299556396765835,1.7320508075688772,2.217355782608346,1.707825127659933,0.5000000000000023,4.43471156521669,1.732050807568872,3.947573094109001,0.8164965809277289,3.593976442141304,7.788880963698612,4.272001872658758,1.914854215512676,2.581988897471611,1.290994448735802,1.9148542155126735,1.707825127659933,4.425306015783922,4.7871355387816905,3.8622100754188176,4.546060565661945,1.9148542155126744,1.8929694486000972,7.615773105863904,4.163331998932265,2.3804761428476167,2.000000000000001,1.5,1.8257418583505536,1.7078251276599363,1.707825127659933,3.559026084010437,3.741657386773935,2.6299556396765835,6.291528696058957,2.21735578260834,3.696845502136476,2.1602468994692936,2.9439202887759515,0.9999999999999952,3.593976442141304,3.862210075418822,5.477225575051663,2.500000000000002,3.2015621187164243,3.4641016151377544,3.0,2.217355782608344,0.816496580927726,1.4999999999999991,3.415650255319866,4.93288286231624,2.943920288775949,2.217355782608344,2.516611478423589,2.5000000000000004,4.349329450233298,0.9574271077563378,4.546060565661957,3.872983346207422,1.258305739211786,3.109126351029608,3.947573094108996,5.737304826019503,3.1091263510296034
23,Green,9.469248474227864,9.76387901058454,6.5510813356778375,6.683312551921144,2.3804761428476167,1.0,3.7749172176353816,0.9574271077563372,1.290994448735813,5.446711546122725,7.804912982645397,4.645786621588787,2.0615528128088223,4.242640687119279,31.330230342806814,2.160246899469287,1.732050807568876,6.757711644237764,21.29945226212793,4.08248290463863,3.109126351029606,5.5677643628300215,13.025615788386611,2.0615528128088303,19.40790217067952,1.4142135623730934,3.304037933599836,13.30100246848585,1.707825127659926,2.886751345948129,2.160246899469287,2.943920288775957,10.750968948580091,1.7320508075688772,5.795112883571231,2.645751311064591,16.411378166788225,4.272001872658765,7.804912982645398,2.2173557826083483,46.73596045873028,4.7871355387816905,5.033222956847161,3.3166247903553967,4.031128874149276,4.924428900898061,14.525839046333957,3.559026084010444,4.203173404306164,2.8722813232690143,12.284814474246922,12.17579566188592,1.2909944487358074,4.546060565661951,14.39907404430346,4.242640687119293,0.0,1.732050807568878,9.092121131323898,5.196152422706632,5.944184833375668,1.914854215512676,2.061552812808831,5.123475382979807,2.7537852736430586,5.656854249492377,5.887840577551898,15.195942440884233,2.872281323269015
23,Red,11.11680409710153,8.504900548115383,3.741657386773948,1.290994448735813,0.9574271077563382,2.309401076758502,3.2015621187164323,2.5,1.732050807568872,4.99165971062398,1.73205080756888,1.892969448600092,2.3629078131263013,5.066228051190221,40.917600125129525,1.2909944487358056,1.5,4.112987559751022,40.16943282314717,2.217355782608345,1.2583057392117918,4.932882862316252,5.507570547286103,0.9574271077563457,3.4034296427770303,1.154700538379251,2.081665999466128,10.563301251660551,3.415650255319862,2.0816659994661326,1.707825127659933,4.898979485566354,2.6299556396765835,2.516611478423589,2.645751311064583,1.707825127659933,2.8722813232690085,2.75378527364305,8.180260794538682,4.112987559751022,2.3804761428476207,1.707825127659933,1.2909944487358056,1.2583057392117898,1.4142135623730885,1.707825127659926,17.66352173265569,3.511884584284238,0.9574271077563404,1.5000000000000078,1.707825127659933,16.09088769044973,2.3804761428476167,3.872983346207417,18.07392228230128,1.6329931618554578,0.5000000000000002,1.707825127659933,5.188127472091119,1.632993161855452,4.654746681256314,0.9574271077563382,1.5,6.027713773341704,2.8867513459481358,2.581988897471611,1.632993161855452,27.19681353884434,2.362907813126304
23,White,52.36013114320221,43.02712322864884,1.2909944487358056,13.81725973797506,2.6457513110645925,4.358898943540674,1.914854215512676,2.160246899469287,5.188127472091131,9.500000000000009,8.0156097709407,3.2015621187164243,6.608075867199674,6.6017674401127975,153.29709716755892,6.994045086119096,4.690415759823428,3.7749172176353887,129.5,3.5118845842842625,2.629955639676582,12.569805089976535,26.583202716502512,12.284814474246932,4.242640687119283,1.499999999999996,5.5976185412488935,40.16113378213652,4.358898943540669,2.872281323269012,1.2909944487358074,1.500000000000003,5.446711546122722,3.403429642777027,5.188127472091127,1.2909944487358074,3.3166247903553883,1.4142135623730951,31.037611591959408,13.723459233492612,23.012677665437646,7.675719293112964,5.852349955359813,0.9574271077563332,6.60807586719967,6.454972243679021,33.76758800980609,3.947573094109,1.5,8.698658900466592,3.915780041490229,124.22157622571048,2.8284271247461934,5.3541261347363385,31.299627260826377,10.078855755160555,0.5773502691896257,2.449489742783179,2.217355782608356,9.556847457887628,17.916472867168917,2.6457513110645907,4.500000000000014,5.354126134736326,2.9860788111948198,15.176736583776268,4.24264068711927,155.8995403029357,3.741657386773938
24,Black,0.8164965809277259,0.5,0.5773502691896257,1.2909944487358058,0.816496580927726,1.5275252316519463,0.5773502691896258,0.5773502691896257,1.707825127659933,0.5773502691896258,0.0,0.5773502691896255,0.816496580927726,0.0,1.2909944487358054,0.5773502691896257,0.957427107756338,0.957427107756338,0.5773502691896257,1.154700538379251,0.5773502691896258,0.5773502691896257,0.5,0.4999999999999999,1.2909944487358056,0.957427107756338,1.2909944487358056,0.0,2.0,1.2909944487358056,0.957427107756338,0.8164965809277263,1.2909944487358058,0.957427107756338,0.4999999999999999,0.957427107756338,0.5773502691896257,1.2909944487358054,0.0,0.957427107756338,1.1547005383792517,0.4999999999999999,0.5773502691896258,0.8164965809277263,1.2583057392117918,0.0,0.5773502691896257,0.0,0.5773502691896257,1.2909944487358056,1.2909944487358056,0.5773502691896257,0.8164965809277263,1.1547005383792517,1.1547005383792517,0.9574271077563382,0.5773502691896257,1.2909944487358056,1.5275252316519468,0.9574271077563382,0.816496580927726,0.816496580927726,0.8164965809277259,1.892969448600091,0.4999999999999999,0.5773502691896257,1.707825127659933,0.5773502691896257,0.5773502691896257
24,Blue,5.737304826019499,8.266397845091493,3.201562118716424,1.914854215512676,1.707825127659933,1.5275252316519474,4.031128874149268,2.3629078131263035,0.5000000000000023,3.1091263510296048,3.0000000000000013,2.5,2.061552812808833,3.8622100754188224,9.535023160258532,5.163977794943219,1.707825127659933,2.217355782608345,2.3804761428476167,2.629955639676578,2.872281323269015,3.415650255319863,5.228129047119376,2.5,2.98607881119482,2.88675134594813,3.304037933599828,5.560275772537421,3.559026084010437,1.2583057392117911,1.707825127659933,3.8622100754188224,3.1622776601683715,4.203173404306164,1.707825127659933,2.7080128015453213,4.203173404306157,1.7320508075688827,3.741657386773943,3.304037933599835,2.943920288775949,1.2583057392117898,5.354126134736338,3.559026084010437,2.081665999466135,3.0956959368344483,3.774917217635375,2.5,2.3629078131263057,3.304037933599832,0.8164965809277203,4.1231056256176615,2.160246899469288,2.708012801545322,5.315072906367325,1.707825127659933,0.816496580927726,2.160246899469287,2.645751311064583,0.9574271077563368,5.377421934967227,2.0615528128088303,2.9860788111948198,6.055300708194978,3.3166247903554056,2.6299556396765844,5.560275772537419,7.135591542869217,0.8164965809277246
24,Green,9.983319421247964,11.090536506409418,2.9860788111948198,6.557438524302008,3.2015621187164243,2.516611478423584,2.9439202887759426,0.5773502691896257,5.4390562906935775,4.320493798938569,2.7080128015453147,3.403429642777022,2.449489742783178,7.724420150837647,31.384709652950427,7.164728420068218,2.9860788111948184,6.271629240742253,19.05255888325765,2.6299556396765835,1.8929694486000928,3.5118845842842545,15.022205785658333,3.304037933599835,15.392097539538485,1.2583057392117918,2.8722813232690183,12.288205727444504,2.061552812808836,2.9860788111948198,2.217355782608347,4.320493798938574,10.551461194229605,4.795831523312719,5.188127472091127,3.366501646120693,25.03996805109783,4.924428900898052,10.551461194229612,4.99165971062398,44.31327867204894,9.63932916061417,7.16472842006822,3.0000000000000013,6.97614984548545,2.217355782608345,15.173990905493524,4.425306015783919,5.123475382979799,4.654746681256322,12.124355652982146,9.416297927883692,1.8929694486000928,1.4142135623730916,11.78629147215809,3.1622776601683715,2.2173557826083456,1.914854215512676,7.320063751999242,1.1547005383792517,6.946221994724902,2.309401076758503,3.774917217635375,2.3629078131262973,3.774917217635375,4.425306015783916,4.349329450233303,15.628499608087784,1.914854215512676
24,Red,9.882644720249065,5.678908345800274,2.6457513110645925,3.46410161513776,1.632993161855452,1.5275252316519463,3.1091263510296048,1.2909944487358056,3.30403793359984,2.7537852736430586,4.499999999999993,2.160246899469287,1.5,3.559026084010437,41.15418164253381,1.7320508075688772,1.707825127659933,5.916079783099617,38.5,2.160246899469291,2.5,4.645786621588781,5.228129047119375,2.516611478423585,3.0,1.707825127659933,2.6299556396765835,9.287087810503357,2.8722813232690085,0.0,2.0615528128088303,2.7537852736430537,3.403429642777025,1.632993161855452,1.6329931618554578,2.081665999466132,2.500000000000005,2.7080128015453253,8.770214744615245,1.732050807568872,0.577350269189634,2.449489742783178,3.685557397915991,2.986078811194816,4.654746681256314,2.3804761428476207,18.876793513023696,0.9574271077563404,2.0615528128088303,2.8722813232690183,1.732050807568872,15.966109941581472,1.2909944487358054,2.217355782608345,17.795130420052185,4.99165971062398,0.9574271077563382,0.957427107756338,4.573474244670749,5.25991127935316,7.257180352359081,1.2909944487358054,1.2909944487358056,5.123475382979799,2.6299556396765835,1.73205080756888,3.696845502136472,29.669007398293594,2.160246899469287
24,White,48.705749147302924,44.6943322282964,1.2583057392118029,12.19289410544792,1.4142135623730916,1.0,5.000000000000002,3.5,5.196152422706632,8.850612031567852,3.3665016461206845,4.203173404306162,2.8722813232690143,8.266397845091483,145.4633401697257,4.856267428111158,5.678908345800274,3.593976442141304,128.52334418307052,1.499999999999997,3.415650255319863,14.719601443879732,30.148244835589797,4.991659710623994,4.509249752822886,0.957427107756338,2.9860788111948198,44.23705083599795,1.707825127659933,3.947573094109003,3.774917217635377,4.242640687119274,2.081665999466142,3.872983346207407,1.707825127659933,3.87298334620742,4.203173404306164,2.081665999466142,29.892864254422552,13.841363131329718,25.09315975852118,4.991659710623982,3.0,2.943920288775949,1.914854215512691,7.228416147400476,35.5,2.9860788111948198,3.872983346207429,8.602325267042621,3.4641016151377544,119.98333217576514,1.732050807568876,3.304037933599835,32.78719262150999,10.436314802968846,2.362907813126305,3.915780041490247,2.943920288775949,9.882644720249065,18.06239186818844,0.957427107756338,6.238322424070966,5.67890834580029,1.8257418583505536,13.375973484822191,4.991659710623982,159.67336450808986,4.546060565661952
