{
  "type": "FeatureCollection",
  "features": [
    {
      "type": "Feature",
      "properties": {
        "dissolve": "1001Lake Centerline",
        "scalerank": 9.0,
        "featurecla": "Lake Centerline",
        "name": "Tonle Sap",
        "name_alt": null,
        "rivernum": 1001,
        "note": null,
        "min_zoom": 7.1,
        "name_en": "Tonle Sap",
        "min_label": 8.1
      },
      "bbox": [
        103.687429,
        12.381415,
        104.612804,
        13.224677
      ],
      "geometry": {
        "type": "MultiLineString",
        "coordinates": [
          [
            [
              103.687429,
              13.224677
            ],
            [
              103.71339,
              13.218288
            ],
            [
              103.74879,
              13.207953
            ],
            [
              103.808523,
              13.145128
            ],
            [
              104.155772,
              12.797797
            ],
            [
              104.191417,
              12.749091
            ],
            [
              104.225108,
              12.709255
            ]
          ],
          [
            [
              104.225108,
              12.709255
            ],
            [
              104.200776,
              12.712836
            ],
            [
              104.163503,
              12.704169
            ],
            [
              104.143647,
              12.701239
            ],
            [
              104.132335,
              12.701117
            ]
          ],
          [
            [
              104.225108,
              12.709255
            ],
            [
              104.240489,
              12.691026
            ],
            [
              104.404796,
              12.551296
            ],
            [
              104.434011,
              12.529893
            ],
            [
              104.445404,
              12.526313
            ],
            [
              104.462006,
              12.523017
            ],
            [
              104.503835,
              12.519355
            ],
            [
              104.512299,
              12.511786
            ],
            [
              104.517345,
              12.489447
            ],
            [
              104.533376,
              12.468329
            ],
            [
              104.559581,
              12.448432
            ],
            [
              104.589366,
              12.432318
            ],
            [
              104.605479,
              12.417426
            ],
            [
              104.60906,
              12.402533
            ],
            [
              104.612804,
              12.381415
            ]
          ],
          [
            [
              104.225597,
              12.709174
            ],
            [
              104.225108,
              12.709255
            ]
          ]
        ]
      }
    },
    {
      "type": "Feature",
      "properties": {
        "dissolve": "1001River",
        "scalerank": 9.0,
        "featurecla": "River",
        "name": "Tonle Sap",
        "name_alt": null,
        "rivernum": 1001,
        "note": null,
        "min_zoom": 7.1,
        "name_en": "Tonle Sap",
        "min_label": 8.1
      },
      "bbox": [
        104.614757,
        11.590888,
        104.951182,
        12.382025
      ],
      "geometry": {
        "type": "MultiLineString",
        "coordinates": [
          [
            [
              104.614757,
              12.382025
            ],
            [
              104.617686,
              12.372748
            ],
            [
              104.624278,
              12.363389
            ],
            [
              104.632742,
              12.355414
            ],
            [
              104.640717,
              12.350043
            ],
            [
              104.646251,
              12.348212
            ],
            [
              104.657237,
              12.346869
            ],
            [
              104.66269,
              12.345323
            ],
            [
              104.667491,
              12.342475
            ],
            [
              104.675955,
              12.334418
            ],
            [
              104.684988,
              12.323676
            ],
            [
              104.688487,
              12.318142
            ],
            [
              104.690929,
              12.312323
            ],
            [
              104.702159,
              12.27379
            ],
            [
              104.707449,
              12.262397
            ],
            [
              104.714122,
              12.252305
            ],
            [
              104.721121,
              12.247585
            ],
            [
              104.721446,
              12.244574
            ],
            [
              104.723237,
              12.238715
            ],
            [
              104.724539,
              12.235948
            ],
            [
              104.727306,
              12.235419
            ],
            [
              104.732514,
              12.233344
            ],
            [
              104.734955,
              12.2331
            ],
            [
              104.737885,
              12.233995
            ],
            [
              104.743093,
              12.23725
            ],
            [
              104.745942,
              12.238471
            ],
            [
              104.751882,
              12.249091
            ],
            [
              104.761729,
              12.256863
            ],
            [
              104.773529,
              12.260037
            ],
            [
              104.785167,
              12.257107
            ],
            [
              104.789561,
              12.253363
            ],
            [
              104.791433,
              12.249701
            ],
            [
              104.79241,
              12.245551
            ],
            [
              104.794526,
              12.240546
            ],
            [
              104.812755,
              12.2178
            ],
            [
              104.842214,
              12.191026
            ],
            [
              104.845795,
              12.187038
            ],
            [
              104.847667,
              12.182196
            ],
            [
              104.847748,
              12.175482
            ],
            [
              104.846934,
              12.169704
            ],
            [
              104.8449,
              12.164659
            ],
            [
              104.841563,
              12.160712
            ],
            [
              104.836192,
              12.158149
            ],
            [
              104.833263,
              12.148383
            ],
            [
              104.810069,
              12.114691
            ],
            [
              104.79835,
              12.100775
            ],
            [
              104.79184,
              12.094835
            ],
            [
              104.787608,
              12.092108
            ],
            [
              104.785737,
              12.091376
            ],
            [
              104.784109,
              12.091091
            ],
            [
              104.777599,
              12.076972
            ],
            [
              104.776296,
              12.062608
            ],
            [
              104.780854,
              12.032742
            ],
            [
              104.784597,
              12.019477
            ],
            [
              104.787364,
              12.013292
            ],
            [
              104.791433,
              12.007392
            ],
            [
              104.796397,
              12.002265
            ],
            [
              104.807628,
              11.994208
            ],
            [
              104.812999,
              11.98961
            ],
            [
              104.816987,
              11.982774
            ],
            [
              104.818777,
              11.975369
            ],
            [
              104.81837,
              11.951239
            ],
            [
              104.822358,
              11.928412
            ],
            [
              104.819835,
              11.914089
            ],
            [
              104.810069,
              11.905829
            ],
            [
              104.798106,
              11.898505
            ],
            [
              104.789561,
              11.88703
            ],
            [
              104.788829,
              11.871365
            ],
            [
              104.794037,
              11.855536
            ],
            [
              104.8095,
              11.825873
            ],
            [
              104.826101,
              11.768581
            ],
            [
              104.845307,
              11.723415
            ],
            [
              104.850597,
              11.692084
            ],
            [
              104.855235,
              11.679511
            ],
            [
              104.863292,
              11.668769
            ],
            [
              104.875662,
              11.658474
            ],
            [
              104.927419,
              11.627794
            ],
            [
              104.935639,
              11.621039
            ],
            [
              104.942963,
              11.611884
            ],
            [
              104.948334,
              11.601386
            ],
            [
              104.951182,
              11.590888
            ]
          ]
        ]
      }
    },
    {
      "type": "Feature",
      "properties": {
        "dissolve": "1105River",
        "scalerank": 9.0,
        "featurecla": "River",
        "name": null,
        "name_alt": null,
        "rivernum": 1105,
        "note": null,
        "min_zoom": 7.1,
        "name_en": null,
        "min_label": 8.1
      },
      "bbox": [
        102.765636,
        13.24079,
        103.576915,
        14.08751
      ],
      "geometry": {
        "type": "MultiLineString",
        "coordinates": [
          [
            [
              102.765636,
              14.08751
            ],
            [
              102.866466,
              14.06212
            ],
            [
              102.894542,
              14.044542
            ],
            [
              102.937511,
              13.997829
            ],
            [
              102.955984,
              13.970649
            ],
            [
              102.970876,
              13.941962
            ],
            [
              102.978445,
              13.922431
            ],
            [
              102.987722,
              13.877712
            ],
            [
              102.987722,
              13.857449
            ],
            [
              102.983328,
              13.838202
            ],
            [
              102.958914,
              13.774766
            ],
            [
              102.954519,
              13.728705
            ],
            [
              102.956065,
              13.698676
            ],
            [
              102.962169,
              13.674018
            ],
            [
              102.986339,
              13.626532
            ],
            [
              103.005382,
              13.602647
            ],
            [
              103.021576,
              13.595526
            ],
            [
              103.039073,
              13.592556
            ],
            [
              103.060557,
              13.580837
            ],
            [
              103.078868,
              13.573594
            ],
            [
              103.098155,
              13.574001
            ],
            [
              103.116954,
              13.571885
            ],
            [
              103.134288,
              13.557237
            ],
            [
              103.168468,
              13.496161
            ],
            [
              103.186046,
              13.479804
            ],
            [
              103.200694,
              13.473415
            ],
            [
              103.240245,
              13.461982
            ],
            [
              103.250662,
              13.456855
            ],
            [
              103.257904,
              13.440538
            ],
            [
              103.263438,
              13.397244
            ],
            [
              103.272065,
              13.374294
            ],
            [
              103.278331,
              13.36164
            ],
            [
              103.279796,
              13.356716
            ],
            [
              103.282156,
              13.354438
            ],
            [
              103.29127,
              13.350043
            ],
            [
              103.295909,
              13.350043
            ],
            [
              103.299571,
              13.353217
            ],
            [
              103.302989,
              13.356798
            ],
            [
              103.306407,
              13.357978
            ],
            [
              103.31308,
              13.355333
            ],
            [
              103.325125,
              13.348334
            ],
            [
              103.369395,
              13.329047
            ],
            [
              103.386974,
              13.317491
            ],
            [
              103.395274,
              13.304633
            ],
            [
              103.388927,
              13.290717
            ],
            [
              103.37672,
              13.277167
            ],
            [
              103.37322,
              13.262641
            ],
            [
              103.392833,
              13.245429
            ],
            [
              103.409597,
              13.24079
            ],
            [
              103.421804,
              13.244981
            ],
            [
              103.433604,
              13.252224
            ],
            [
              103.449636,
              13.256659
            ],
            [
              103.463878,
              13.255072
            ],
            [
              103.509532,
              13.242621
            ],
            [
              103.52825,
              13.24197
            ],
            [
              103.53948,
              13.244574
            ],
            [
              103.562999,
              13.26203
            ],
            [
              103.576915,
              13.265937
            ]
          ]
        ]
      }
    },
    {
      "type": "Feature",
      "properties": {
        "dissolve": "1106River",
        "scalerank": 9.0,
        "featurecla": "River",
        "name": null,
        "name_alt": null,
        "rivernum": 1106,
        "note": null,
        "min_zoom": 7.1,
        "name_en": null,
        "min_label": 8.1
      },
      "bbox": [
        103.089692,
        12.125312,
        104.132335,
        12.701117
      ],
      "geometry": {
        "type": "MultiLineString",
        "coordinates": [
          [
            [
              103.132498,
              12.125312
            ],
            [
              103.117605,
              12.147162
            ],
            [
              103.116466,
              12.171251
            ],
            [
              103.118907,
              12.196234
            ],
            [
              103.11378,
              12.221015
            ],
            [
              103.089692,
              12.26085
            ],
            [
              103.090017,
              12.27794
            ],
            [
              103.109304,
              12.298692
            ],
            [
              103.156993,
              12.330268
            ],
            [
              103.171886,
              12.336697
            ],
            [
              103.18629,
              12.337104
            ],
            [
              103.227957,
              12.329372
            ],
            [
              103.241954,
              12.323554
            ],
            [
              103.254487,
              12.309149
            ],
            [
              103.262218,
              12.294623
            ],
            [
              103.272472,
              12.28502
            ],
            [
              103.292491,
              12.285671
            ],
            [
              103.305186,
              12.292344
            ],
            [
              103.343028,
              12.325507
            ],
            [
              103.382742,
              12.347683
            ],
            [
              103.392507,
              12.345649
            ],
            [
              103.432384,
              12.327094
            ],
            [
              103.444347,
              12.32213
            ],
            [
              103.455496,
              12.319119
            ],
            [
              103.485037,
              12.317816
            ],
            [
              103.495209,
              12.315497
            ],
            [
              103.503022,
              12.310981
            ],
            [
              103.518565,
              12.298448
            ],
            [
              103.524506,
              12.295518
            ],
            [
              103.535167,
              12.296698
            ],
            [
              103.55364,
              12.305487
            ],
            [
              103.560151,
              12.30744
            ],
            [
              103.568777,
              12.305121
            ],
            [
              103.587983,
              12.295518
            ],
            [
              103.597097,
              12.292304
            ],
            [
              103.621755,
              12.290595
            ],
            [
              103.641531,
              12.2956
            ],
            [
              103.746593,
              12.364529
            ],
            [
              103.780691,
              12.395575
            ],
            [
              103.802989,
              12.431423
            ],
            [
              103.805919,
              12.449815
            ],
            [
              103.806163,
              12.468329
            ],
            [
              103.810313,
              12.485907
            ],
            [
              103.824799,
              12.501492
            ],
            [
              103.846283,
              12.508612
            ],
            [
              103.894054,
              12.510321
            ],
            [
              103.915457,
              12.519355
            ],
            [
              103.929454,
              12.535346
            ],
            [
              103.948741,
              12.570502
            ],
            [
              104.052989,
              12.66295
            ],
            [
              104.073822,
              12.676134
            ],
            [
              104.132335,
              12.701117
            ]
          ]
        ]
      }
    },
    {
      "type": "Feature",
      "properties": {
        "dissolve": "146River",
        "scalerank": 4.0,
        "featurecla": "River",
        "name": "Nu",
        "name_alt": null,
        "rivernum": 146,
        "note": null,
        "min_zoom": 4.0,
        "name_en": "Nu",
        "min_label": 5.0
      },
      "bbox": [
        96.595632,
        20.951239,
        99.125255,
        30.450995
      ],
      "geometry": {
        "type": "MultiLineString",
        "coordinates": [
          [
            [
              96.595632,
              30.447943
            ],
            [
              96.615896,
              30.450995
            ],
            [
              96.68157,
              30.449652
            ],
            [
              96.701752,
              30.441759
            ],
            [
              96.703868,
              30.422919
            ],
            [
              96.691824,
              30.380723
            ],
            [
              96.691742,
              30.370225
            ],
            [
              96.694835,
              30.349636
            ],
            [
              96.70989,
              30.309516
            ],
            [
              96.715343,
              30.301378
            ],
            [
              96.722179,
              30.297065
            ],
            [
              96.730398,
              30.29621
            ],
            [
              96.747162,
              30.29739
            ],
            [
              96.755951,
              30.296576
            ],
            [
              96.764578,
              30.294745
            ],
            [
              96.772553,
              30.291449
            ],
            [
              96.779796,
              30.286241
            ],
            [
              96.793468,
              30.272976
            ],
            [
              96.800873,
              30.267849
            ],
            [
              96.826671,
              30.258572
            ],
            [
              96.849864,
              30.243272
            ],
            [
              96.857432,
              30.239936
            ],
            [
              96.865489,
              30.239081
            ],
            [
              96.896495,
              30.244005
            ],
            [
              96.917979,
              30.241767
            ],
            [
              96.938487,
              30.234198
            ],
            [
              96.982595,
              30.201768
            ],
            [
              96.991954,
              30.197537
            ],
            [
              97.003429,
              30.194648
            ],
            [
              97.009369,
              30.194037
            ],
            [
              97.015391,
              30.194037
            ],
            [
              97.033214,
              30.197292
            ],
            [
              97.039561,
              30.197455
            ],
            [
              97.053396,
              30.195909
            ],
            [
              97.060313,
              30.194281
            ],
            [
              97.066905,
              30.191596
            ],
            [
              97.079031,
              30.182685
            ],
            [
              97.100027,
              30.160224
            ],
            [
              97.111746,
              30.150906
            ],
            [
              97.14739,
              30.131212
            ],
            [
              97.169037,
              30.113389
            ],
            [
              97.177745,
              30.109442
            ],
            [
              97.186941,
              30.107937
            ],
            [
              97.205333,
              30.1081
            ],
            [
              97.214447,
              30.107042
            ],
            [
              97.222667,
              30.104275
            ],
            [
              97.247813,
              30.089667
            ],
            [
              97.258718,
              30.078925
            ],
            [
              97.266612,
              30.066107
            ],
            [
              97.287608,
              30.021511
            ],
            [
              97.293468,
              30.013983
            ],
            [
              97.300222,
              30.007351
            ],
            [
              97.306733,
              30.002631
            ],
            [
              97.3213,
              29.994696
            ],
            [
              97.327403,
              29.989569
            ],
            [
              97.337413,
              29.974311
            ],
            [
              97.344249,
              29.955919
            ],
            [
              97.348399,
              29.936632
            ],
            [
              97.349701,
              29.918647
            ],
            [
              97.358165,
              29.899482
            ],
            [
              97.377615,
              29.885443
            ],
            [
              97.400483,
              29.873481
            ],
            [
              97.418061,
              29.860663
            ],
            [
              97.422374,
              29.84455
            ],
            [
              97.428233,
              29.795274
            ],
            [
              97.435069,
              29.784939
            ],
            [
              97.447276,
              29.773139
            ],
            [
              97.447276,
              29.746609
            ],
            [
              97.438487,
              29.702338
            ],
            [
              97.442393,
              29.684678
            ],
            [
              97.453543,
              29.664496
            ],
            [
              97.468272,
              29.647773
            ],
            [
              97.483165,
              29.640937
            ],
            [
              97.494395,
              29.638292
            ],
            [
              97.499115,
              29.631415
            ],
            [
              97.500255,
              29.621446
            ],
            [
              97.499929,
              29.60989
            ],
            [
              97.503917,
              29.60281
            ],
            [
              97.561453,
              29.548041
            ],
            [
              97.571707,
              29.531073
            ],
            [
              97.581147,
              29.486111
            ],
            [
              97.595144,
              29.473456
            ],
            [
              97.614838,
              29.466579
            ],
            [
              97.68214,
              29.459296
            ],
            [
              97.703705,
              29.450873
            ],
            [
              97.712901,
              29.431749
            ],
            [
              97.723643,
              29.422716
            ],
            [
              97.829194,
              29.381781
            ],
            [
              97.848155,
              29.371772
            ],
            [
              97.856212,
              29.356309
            ],
            [
              97.85906,
              29.346544
            ],
            [
              97.866466,
              29.339219
            ],
            [
              97.876475,
              29.334662
            ],
            [
              97.886974,
              29.333075
            ],
            [
              97.897716,
              29.327826
            ],
            [
              97.899425,
              29.315538
            ],
            [
              97.89739,
              29.30154
            ],
            [
              97.897227,
              29.290839
            ],
            [
              97.900971,
              29.28205
            ],
            [
              97.906749,
              29.273383
            ],
            [
              97.913666,
              29.266791
            ],
            [
              97.932384,
              29.261501
            ],
            [
              97.935639,
              29.25491
            ],
            [
              97.936127,
              29.246039
            ],
            [
              97.94337,
              29.219428
            ],
            [
              97.9428,
              29.206488
            ],
            [
              97.944347,
              29.194119
            ],
            [
              97.993337,
              29.1164
            ],
            [
              98.003998,
              29.103868
            ],
            [
              98.025076,
              29.088487
            ],
            [
              98.040538,
              29.072455
            ],
            [
              98.034272,
              29.058051
            ],
            [
              98.046967,
              29.038153
            ],
            [
              98.082286,
              29.019151
            ],
            [
              98.089692,
              29.000352
            ],
            [
              98.091726,
              28.958564
            ],
            [
              98.095795,
              28.938056
            ],
            [
              98.103282,
              28.921495
            ],
            [
              98.182384,
              28.818468
            ],
            [
              98.226736,
              28.804796
            ],
            [
              98.257498,
              28.790229
            ],
            [
              98.290294,
              28.767605
            ],
            [
              98.320567,
              28.741238
            ],
            [
              98.343435,
              28.71544
            ],
            [
              98.358979,
              28.677517
            ],
            [
              98.370697,
              28.544135
            ],
            [
              98.374441,
              28.531195
            ],
            [
              98.378184,
              28.522813
            ],
            [
              98.38323,
              28.516791
            ],
            [
              98.391205,
              28.510606
            ],
            [
              98.432221,
              28.494005
            ],
            [
              98.439057,
              28.492947
            ],
            [
              98.443126,
              28.457058
            ],
            [
              98.442149,
              28.451687
            ],
            [
              98.448253,
              28.439276
            ],
            [
              98.445323,
              28.420681
            ],
            [
              98.452729,
              28.407009
            ],
            [
              98.448253,
              28.394721
            ],
            [
              98.444753,
              28.354438
            ],
            [
              98.445323,
              28.339301
            ],
            [
              98.451915,
              28.324246
            ],
            [
              98.45753,
              28.314561
            ],
            [
              98.47047,
              28.297675
            ],
            [
              98.4699,
              28.290107
            ],
            [
              98.466726,
              28.282172
            ],
            [
              98.466319,
              28.270453
            ],
            [
              98.473237,
              28.234198
            ],
            [
              98.472992,
              28.178087
            ],
            [
              98.476003,
              28.152655
            ],
            [
              98.485444,
              28.129665
            ],
            [
              98.558523,
              28.09752
            ],
            [
              98.568858,
              28.096015
            ],
            [
              98.572276,
              28.082384
            ],
            [
              98.581716,
              28.067654
            ],
            [
              98.596202,
              28.055609
            ],
            [
              98.614024,
              28.050645
            ],
            [
              98.645518,
              28.010688
            ],
            [
              98.651378,
              28.006293
            ],
            [
              98.65325,
              28.001654
            ],
            [
              98.659679,
              27.972032
            ],
            [
              98.658214,
              27.968777
            ],
            [
              98.667003,
              27.956081
            ],
            [
              98.673432,
              27.95539
            ],
            [
              98.685476,
              27.96129
            ],
            [
              98.681244,
              27.949734
            ],
            [
              98.675873,
              27.940782
            ],
            [
              98.668386,
              27.933702
            ],
            [
              98.658214,
              27.927802
            ],
            [
              98.679861,
              27.904079
            ],
            [
              98.68629,
              27.867377
            ],
            [
              98.674571,
              27.770575
            ],
            [
              98.673106,
              27.769558
            ],
            [
              98.677419,
              27.761664
            ],
            [
              98.690115,
              27.751044
            ],
            [
              98.692882,
              27.746609
            ],
            [
              98.698253,
              27.731553
            ],
            [
              98.72169,
              27.699571
            ],
            [
              98.731619,
              27.669013
            ],
            [
              98.743337,
              27.656846
            ],
            [
              98.774913,
              27.632921
            ],
            [
              98.810313,
              27.59101
            ],
            [
              98.816417,
              27.581488
            ],
            [
              98.818451,
              27.576606
            ],
            [
              98.823009,
              27.57331
            ],
            [
              98.827566,
              27.568956
            ],
            [
              98.829519,
              27.561306
            ],
            [
              98.829519,
              27.523749
            ],
            [
              98.825125,
              27.488634
            ],
            [
              98.819753,
              27.475694
            ],
            [
              98.809011,
              27.461697
            ],
            [
              98.830658,
              27.421942
            ],
            [
              98.839692,
              27.399848
            ],
            [
              98.846446,
              27.371202
            ],
            [
              98.860932,
              27.351671
            ],
            [
              98.864268,
              27.341864
            ],
            [
              98.863292,
              27.313015
            ],
            [
              98.864268,
              27.304023
            ],
            [
              98.867931,
              27.296576
            ],
            [
              98.879893,
              27.279812
            ],
            [
              98.884776,
              27.269884
            ],
            [
              98.88616,
              27.261013
            ],
            [
              98.88323,
              27.203315
            ],
            [
              98.879975,
              27.193427
            ],
            [
              98.868663,
              27.173855
            ],
            [
              98.898448,
              26.454901
            ],
            [
              98.891612,
              26.38227
            ],
            [
              98.889415,
              26.373358
            ],
            [
              98.883881,
              26.365058
            ],
            [
              98.867686,
              26.348456
            ],
            [
              98.859467,
              26.335639
            ],
            [
              98.861257,
              26.325263
            ],
            [
              98.866791,
              26.315294
            ],
            [
              98.871104,
              26.303494
            ],
            [
              98.871511,
              26.280626
            ],
            [
              98.86321,
              26.207953
            ],
            [
              98.85849,
              26.188422
            ],
            [
              98.857432,
              26.177191
            ],
            [
              98.859793,
              26.167589
            ],
            [
              98.869558,
              26.15705
            ],
            [
              98.871104,
              26.145819
            ],
            [
              98.869233,
              26.139757
            ],
            [
              98.857432,
              26.118476
            ],
            [
              98.856944,
              26.107978
            ],
            [
              98.85906,
              26.099189
            ],
            [
              98.857026,
              26.091498
            ],
            [
              98.843028,
              26.084337
            ],
            [
              98.853282,
              26.048041
            ],
            [
              98.836925,
              25.920478
            ],
            [
              98.878998,
              25.66588
            ],
            [
              98.880056,
              25.556423
            ],
            [
              98.894786,
              25.471259
            ],
            [
              98.891612,
              25.426459
            ],
            [
              98.886729,
              25.415798
            ],
            [
              98.873627,
              25.395819
            ],
            [
              98.871104,
              25.3817
            ],
            [
              98.879242,
              25.33865
            ],
            [
              98.877371,
              25.324042
            ],
            [
              98.870128,
              25.31505
            ],
            [
              98.847992,
              25.295681
            ],
            [
              98.843028,
              25.28616
            ],
            [
              98.850515,
              25.254421
            ],
            [
              98.851329,
              25.238878
            ],
            [
              98.843028,
              25.22781
            ],
            [
              98.848643,
              25.221015
            ],
            [
              98.855398,
              25.209418
            ],
            [
              98.858653,
              25.198513
            ],
            [
              98.854015,
              25.193671
            ],
            [
              98.843028,
              25.188056
            ],
            [
              98.842784,
              25.175238
            ],
            [
              98.850597,
              25.152126
            ],
            [
              98.843028,
              25.073269
            ],
            [
              98.848399,
              25.048774
            ],
            [
              98.872,
              25.007636
            ],
            [
              98.877371,
              24.991319
            ],
            [
              98.880382,
              24.972846
            ],
            [
              98.905284,
              24.918728
            ],
            [
              98.888601,
              24.901557
            ],
            [
              98.895437,
              24.873603
            ],
            [
              98.923269,
              24.818061
            ],
            [
              98.942393,
              24.796088
            ],
            [
              98.946788,
              24.785915
            ],
            [
              98.947683,
              24.772406
            ],
            [
              98.95045,
              24.757758
            ],
            [
              98.955496,
              24.746039
            ],
            [
              98.963145,
              24.741156
            ],
            [
              98.983409,
              24.734198
            ],
            [
              99.010671,
              24.717353
            ],
            [
              99.035492,
              24.69713
            ],
            [
              99.048595,
              24.679755
            ],
            [
              99.054698,
              24.653876
            ],
            [
              99.057546,
              24.624823
            ],
            [
              99.054291,
              24.599189
            ],
            [
              99.04184,
              24.583564
            ],
            [
              99.040538,
              24.563096
            ],
            [
              99.024994,
              24.490261
            ],
            [
              99.014903,
              24.468817
            ],
            [
              98.986501,
              24.439521
            ],
            [
              98.977306,
              24.422634
            ],
            [
              98.97934,
              24.415391
            ],
            [
              99.007498,
              24.406033
            ],
            [
              99.027192,
              24.396593
            ],
            [
              99.046967,
              24.383897
            ],
            [
              99.061615,
              24.367621
            ],
            [
              99.065684,
              24.347439
            ],
            [
              99.06308,
              24.329413
            ],
            [
              99.064952,
              24.321479
            ],
            [
              99.071218,
              24.313544
            ],
            [
              99.0796,
              24.307969
            ],
            [
              99.108328,
              24.297065
            ],
            [
              99.125255,
              24.284247
            ],
            [
              99.118907,
              24.274237
            ],
            [
              99.100515,
              24.267524
            ],
            [
              99.052745,
              24.261257
            ],
            [
              99.025076,
              24.254259
            ],
            [
              98.999034,
              24.243232
            ],
            [
              98.975108,
              24.227484
            ],
            [
              98.965261,
              24.217637
            ],
            [
              98.947276,
              24.195421
            ],
            [
              98.937511,
              24.186591
            ],
            [
              98.897065,
              24.168647
            ],
            [
              98.884776,
              24.158393
            ],
            [
              98.85491,
              24.139228
            ],
            [
              98.817556,
              24.129218
            ],
            [
              98.715831,
              24.121527
            ],
            [
              98.681244,
              24.107001
            ],
            [
              98.640066,
              24.100938
            ],
            [
              98.612234,
              24.087755
            ],
            [
              98.59669,
              24.083279
            ],
            [
              98.58489,
              24.075995
            ],
            [
              98.544444,
              24.05919
            ],
            [
              98.53183,
              24.055976
            ],
            [
              98.510265,
              24.053331
            ],
            [
              98.492931,
              24.046698
            ],
            [
              98.431895,
              24.000067
            ],
            [
              98.417572,
              23.982693
            ],
            [
              98.411632,
              23.963446
            ],
            [
              98.415294,
              23.919949
            ],
            [
              98.425385,
              23.878445
            ],
            [
              98.444916,
              23.841498
            ],
            [
              98.473399,
              23.814236
            ],
            [
              98.54892,
              23.768581
            ],
            [
              98.574718,
              23.744981
            ],
            [
              98.600027,
              23.709662
            ],
            [
              98.637625,
              23.637559
            ],
            [
              98.648936,
              23.608913
            ],
            [
              98.649099,
              23.596788
            ],
            [
              98.644542,
              23.582953
            ],
            [
              98.638194,
              23.575303
            ],
            [
              98.629324,
              23.567084
            ],
            [
              98.621349,
              23.55744
            ],
            [
              98.613373,
              23.533759
            ],
            [
              98.594249,
              23.517442
            ],
            [
              98.589854,
              23.504177
            ],
            [
              98.592784,
              23.49018
            ],
            [
              98.599864,
              23.474718
            ],
            [
              98.617768,
              23.445828
            ],
            [
              98.606863,
              23.42654
            ],
            [
              98.617931,
              23.419257
            ],
            [
              98.639089,
              23.420437
            ],
            [
              98.658214,
              23.425971
            ],
            [
              98.720225,
              23.388048
            ],
            [
              98.733165,
              23.301825
            ],
            [
              98.731212,
              23.276557
            ],
            [
              98.724213,
              23.262315
            ],
            [
              98.710704,
              23.256049
            ],
            [
              98.689138,
              23.254665
            ],
            [
              98.683442,
              23.251492
            ],
            [
              98.66505,
              23.237372
            ],
            [
              98.649832,
              23.232978
            ],
            [
              98.640554,
              23.227851
            ],
            [
              98.634288,
              23.226671
            ],
            [
              98.626475,
              23.228542
            ],
            [
              98.616791,
              23.23725
            ],
            [
              98.610362,
              23.240343
            ],
            [
              98.588471,
              23.241278
            ],
            [
              98.55421,
              23.229844
            ],
            [
              98.53183,
              23.226671
            ],
            [
              98.526459,
              23.223497
            ],
            [
              98.516368,
              23.209418
            ],
            [
              98.510916,
              23.206244
            ],
            [
              98.500011,
              23.207465
            ],
            [
              98.478608,
              23.212226
            ],
            [
              98.466319,
              23.212429
            ],
            [
              98.443451,
              23.205512
            ],
            [
              98.446056,
              23.195136
            ],
            [
              98.458751,
              23.184109
            ],
            [
              98.471202,
              23.17003
            ],
            [
              98.482432,
              23.164374
            ],
            [
              98.495128,
              23.159735
            ],
            [
              98.504242,
              23.157782
            ],
            [
              98.516043,
              23.152777
            ],
            [
              98.524099,
              23.141181
            ],
            [
              98.535248,
              23.117499
            ],
            [
              98.559255,
              23.092719
            ],
            [
              98.564708,
              23.076443
            ],
            [
              98.545095,
              23.069037
            ],
            [
              98.527192,
              23.065294
            ],
            [
              98.511322,
              23.055691
            ],
            [
              98.499522,
              23.042507
            ],
            [
              98.493663,
              23.028103
            ],
            [
              98.496511,
              23.013617
            ],
            [
              98.505056,
              22.989529
            ],
            [
              98.517589,
              22.97016
            ],
            [
              98.53183,
              22.970038
            ],
            [
              98.54892,
              22.974718
            ],
            [
              98.566335,
              22.963975
            ],
            [
              98.589854,
              22.938747
            ],
            [
              98.655284,
              22.909857
            ],
            [
              98.66505,
              22.90119
            ],
            [
              98.664561,
              22.876166
            ],
            [
              98.661143,
              22.859239
            ],
            [
              98.651134,
              22.847032
            ],
            [
              98.63087,
              22.83629
            ],
            [
              98.611339,
              22.830837
            ],
            [
              98.545095,
              22.822618
            ],
            [
              98.540538,
              22.818305
            ],
            [
              98.524669,
              22.791327
            ],
            [
              98.521983,
              22.781602
            ],
            [
              98.527599,
              22.770331
            ],
            [
              98.541515,
              22.75373
            ],
            [
              98.54892,
              22.737331
            ],
            [
              98.548106,
              22.730292
            ],
            [
              98.543956,
              22.723822
            ],
            [
              98.541515,
              22.709337
            ],
            [
              98.544526,
              22.70071
            ],
            [
              98.558849,
              22.685858
            ],
            [
              98.563243,
              22.678656
            ],
            [
              98.562999,
              22.669135
            ],
            [
              98.559662,
              22.661322
            ],
            [
              98.556163,
              22.655341
            ],
            [
              98.555186,
              22.651313
            ],
            [
              98.558849,
              22.639268
            ],
            [
              98.562755,
              22.637803
            ],
            [
              98.57252,
              22.637722
            ],
            [
              98.578298,
              22.634874
            ],
            [
              98.58074,
              22.628201
            ],
            [
              98.582612,
              22.620225
            ],
            [
              98.59075,
              22.606472
            ],
            [
              98.5949,
              22.58808
            ],
            [
              98.600108,
              22.579291
            ],
            [
              98.612397,
              22.563503
            ],
            [
              98.616303,
              22.554633
            ],
            [
              98.621674,
              22.528103
            ],
            [
              98.639415,
              22.496283
            ],
            [
              98.644542,
              22.480048
            ],
            [
              98.641612,
              22.459988
            ],
            [
              98.622488,
              22.429958
            ],
            [
              98.617768,
              22.414862
            ],
            [
              98.61321,
              22.381659
            ],
            [
              98.601085,
              22.346625
            ],
            [
              98.585378,
              22.314032
            ],
            [
              98.568858,
              22.288194
            ],
            [
              98.578298,
              22.273139
            ],
            [
              98.631114,
              22.158271
            ],
            [
              98.643484,
              22.139431
            ],
            [
              98.698253,
              22.086982
            ],
            [
              98.720144,
              22.073798
            ],
            [
              98.744151,
              22.068468
            ],
            [
              98.756358,
              22.063259
            ],
            [
              98.767833,
              22.051785
            ],
            [
              98.774425,
              22.040229
            ],
            [
              98.771495,
              22.03498
            ],
            [
              98.756847,
              22.034857
            ],
            [
              98.745697,
              22.032904
            ],
            [
              98.738048,
              22.026719
            ],
            [
              98.733165,
              22.013861
            ],
            [
              98.740733,
              22.007025
            ],
            [
              98.734793,
              21.998318
            ],
            [
              98.726085,
              21.980089
            ],
            [
              98.720225,
              21.972276
            ],
            [
              98.713308,
              21.967637
            ],
            [
              98.697195,
              21.961208
            ],
            [
              98.671397,
              21.942939
            ],
            [
              98.628998,
              21.926459
            ],
            [
              98.569347,
              21.893622
            ],
            [
              98.554698,
              21.878974
            ],
            [
              98.54892,
              21.85932
            ],
            [
              98.551199,
              21.838324
            ],
            [
              98.58546,
              21.715277
            ],
            [
              98.635753,
              21.647528
            ],
            [
              98.644542,
              21.630316
            ],
            [
              98.648529,
              21.581366
            ],
            [
              98.618337,
              21.562079
            ],
            [
              98.582286,
              21.547716
            ],
            [
              98.568858,
              21.513617
            ],
            [
              98.578136,
              21.492947
            ],
            [
              98.610769,
              21.455512
            ],
            [
              98.625255,
              21.417019
            ],
            [
              98.642345,
              21.406806
            ],
            [
              98.661062,
              21.399482
            ],
            [
              98.673106,
              21.390082
            ],
            [
              98.676768,
              21.372911
            ],
            [
              98.678722,
              21.30447
            ],
            [
              98.683523,
              21.290839
            ],
            [
              98.706147,
              21.258653
            ],
            [
              98.71282,
              21.239285
            ],
            [
              98.710867,
              21.221015
            ],
            [
              98.705577,
              21.199734
            ],
            [
              98.703136,
              21.178534
            ],
            [
              98.709727,
              21.160468
            ],
            [
              98.726492,
              21.14289
            ],
            [
              98.78297,
              21.102118
            ],
            [
              98.801687,
              21.074734
            ],
            [
              98.796397,
              21.043402
            ],
            [
              98.773855,
              21.013983
            ],
            [
              98.740733,
              20.992255
            ],
            [
              98.712413,
              20.989814
            ],
            [
              98.673432,
              20.992255
            ],
            [
              98.638927,
              20.990546
            ],
            [
              98.607432,
              20.960395
            ],
            [
              98.530691,
              20.962755
            ],
            [
              98.507904,
              20.951239
            ]
          ]
        ]
      }
    },
    {
      "type": "Feature",
      "properties": {
        "dissolve": "153River",
        "scalerank": 4.0,
        "featurecla": "River",
        "name": "Salween",
        "name_alt": null,
        "rivernum": 153,
        "note": null,
        "min_zoom": 4.0,
        "name_en": "Salween",
        "min_label": 5.0
      },
      "bbox": [
        97.32724,
        16.554958,
        98.699718,
        20.951239
      ],
      "geometry": {
        "type": "MultiLineString",
        "coordinates": [
          [
            [
              98.507904,
              20.951239
            ],
            [
              98.494558,
              20.924099
            ],
            [
              98.49171,
              20.876776
            ],
            [
              98.500499,
              20.787421
            ],
            [
              98.512299,
              20.747992
            ],
            [
              98.593028,
              20.611884
            ],
            [
              98.649832,
              20.484931
            ],
            [
              98.656179,
              20.460964
            ],
            [
              98.65919,
              20.43655
            ],
            [
              98.654796,
              20.420233
            ],
            [
              98.64503,
              20.401313
            ],
            [
              98.644135,
              20.377509
            ],
            [
              98.649343,
              20.353787
            ],
            [
              98.658214,
              20.334906
            ],
            [
              98.673595,
              20.317247
            ],
            [
              98.686941,
              20.306586
            ],
            [
              98.6963,
              20.293891
            ],
            [
              98.699718,
              20.270087
            ],
            [
              98.695893,
              20.224636
            ],
            [
              98.689464,
              20.201443
            ],
            [
              98.678722,
              20.184109
            ],
            [
              98.661225,
              20.172227
            ],
            [
              98.622813,
              20.157009
            ],
            [
              98.606944,
              20.146552
            ],
            [
              98.599864,
              20.144721
            ],
            [
              98.565929,
              20.14997
            ],
            [
              98.535248,
              20.129462
            ],
            [
              98.505382,
              20.095567
            ],
            [
              98.488455,
              20.085028
            ],
            [
              98.462576,
              20.081081
            ],
            [
              98.399832,
              20.080349
            ],
            [
              98.377533,
              20.074815
            ],
            [
              98.343272,
              20.057481
            ],
            [
              98.276378,
              20.014431
            ],
            [
              98.233653,
              19.999132
            ],
            [
              98.14088,
              19.990017
            ],
            [
              98.020274,
              19.953233
            ],
            [
              97.996755,
              19.951361
            ],
            [
              97.978282,
              19.953925
            ],
            [
              97.940684,
              19.964179
            ],
            [
              97.917735,
              19.964952
            ],
            [
              97.877045,
              19.950792
            ],
            [
              97.858409,
              19.924018
            ],
            [
              97.847179,
              19.891913
            ],
            [
              97.829519,
              19.861925
            ],
            [
              97.814871,
              19.851671
            ],
            [
              97.800955,
              19.850653
            ],
            [
              97.764415,
              19.85574
            ],
            [
              97.751069,
              19.846503
            ],
            [
              97.745942,
              19.824897
            ],
            [
              97.743907,
              19.79975
            ],
            [
              97.740245,
              19.780056
            ],
            [
              97.693614,
              19.72016
            ],
            [
              97.681895,
              19.711127
            ],
            [
              97.663259,
              19.705349
            ],
            [
              97.655365,
              19.690497
            ],
            [
              97.65089,
              19.649685
            ],
            [
              97.637218,
              19.60871
            ],
            [
              97.634939,
              19.595974
            ],
            [
              97.637218,
              19.564032
            ],
            [
              97.633067,
              19.547187
            ],
            [
              97.603038,
              19.485785
            ],
            [
              97.58546,
              19.419501
            ],
            [
              97.579112,
              19.409491
            ],
            [
              97.558116,
              19.404608
            ],
            [
              97.539154,
              19.391872
            ],
            [
              97.525645,
              19.374294
            ],
            [
              97.520518,
              19.354844
            ],
            [
              97.52239,
              19.347968
            ],
            [
              97.530935,
              19.330675
            ],
            [
              97.53419,
              19.320665
            ],
            [
              97.534597,
              19.150458
            ],
            [
              97.528575,
              19.137274
            ],
            [
              97.510509,
              19.118679
            ],
            [
              97.503673,
              19.103868
            ],
            [
              97.490001,
              19.05036
            ],
            [
              97.476654,
              18.901719
            ],
            [
              97.465831,
              18.862006
            ],
            [
              97.460053,
              18.851752
            ],
            [
              97.441335,
              18.827826
            ],
            [
              97.431651,
              18.820421
            ],
            [
              97.386974,
              18.823554
            ],
            [
              97.365733,
              18.856065
            ],
            [
              97.351329,
              18.87169
            ],
            [
              97.33489,
              18.875067
            ],
            [
              97.32724,
              18.850857
            ],
            [
              97.33489,
              18.710557
            ],
            [
              97.359793,
              18.624213
            ],
            [
              97.362804,
              18.587673
            ],
            [
              97.34547,
              18.561591
            ],
            [
              97.357351,
              18.540107
            ],
            [
              97.378673,
              18.520941
            ],
            [
              97.390066,
              18.502021
            ],
            [
              97.39446,
              18.487331
            ],
            [
              97.417247,
              18.441352
            ],
            [
              97.4428,
              18.40351
            ],
            [
              97.446056,
              18.381415
            ],
            [
              97.446544,
              18.358466
            ],
            [
              97.452159,
              18.333808
            ],
            [
              97.466238,
              18.311591
            ],
            [
              97.485932,
              18.292344
            ],
            [
              97.507742,
              18.276719
            ],
            [
              97.527924,
              18.26557
            ],
            [
              97.537201,
              18.272773
            ],
            [
              97.541515,
              18.280463
            ],
            [
              97.560151,
              18.328437
            ],
            [
              97.562022,
              18.330675
            ],
            [
              97.573334,
              18.333279
            ],
            [
              97.624278,
              18.313544
            ],
            [
              97.637218,
              18.306505
            ],
            [
              97.643321,
              18.291571
            ],
            [
              97.642833,
              18.27322
            ],
            [
              97.635265,
              18.257758
            ],
            [
              97.620372,
              18.251288
            ],
            [
              97.617605,
              18.241889
            ],
            [
              97.62851,
              18.221055
            ],
            [
              97.680105,
              18.152859
            ],
            [
              97.683849,
              18.146308
            ],
            [
              97.684988,
              18.140408
            ],
            [
              97.684988,
              18.131781
            ],
            [
              97.687022,
              18.120063
            ],
            [
              97.696381,
              18.101752
            ],
            [
              97.698416,
              18.090847
            ],
            [
              97.697683,
              18.084906
            ],
            [
              97.693289,
              18.075303
            ],
            [
              97.692393,
              18.070339
            ],
            [
              97.693858,
              18.061713
            ],
            [
              97.697276,
              18.060899
            ],
            [
              97.701915,
              18.062079
            ],
            [
              97.706065,
              18.059434
            ],
            [
              97.719656,
              18.05329
            ],
            [
              97.721772,
              18.04914
            ],
            [
              97.724864,
              18.036933
            ],
            [
              97.73935,
              18.003119
            ],
            [
              97.743663,
              17.997992
            ],
            [
              97.746755,
              17.992703
            ],
            [
              97.751394,
              17.980984
            ],
            [
              97.753835,
              17.969265
            ],
            [
              97.750499,
              17.963894
            ],
            [
              97.747162,
              17.961046
            ],
            [
              97.719656,
              17.943427
            ],
            [
              97.691417,
              17.895819
            ],
            [
              97.685069,
              17.880886
            ],
            [
              97.698416,
              17.833564
            ],
            [
              97.675792,
              17.830512
            ],
            [
              97.675955,
              17.815253
            ],
            [
              97.686046,
              17.794623
            ],
            [
              97.692393,
              17.775214
            ],
            [
              97.695079,
              17.752468
            ],
            [
              97.712901,
              17.690131
            ],
            [
              97.720714,
              17.591661
            ],
            [
              97.72405,
              17.581855
            ],
            [
              97.729503,
              17.573065
            ],
            [
              97.737071,
              17.563544
            ],
            [
              97.743663,
              17.55268
            ],
            [
              97.753917,
              17.518866
            ],
            [
              97.771251,
              17.492621
            ],
            [
              97.774343,
              17.484076
            ],
            [
              97.772716,
              17.47248
            ],
            [
              97.760753,
              17.44656
            ],
            [
              97.761485,
              17.419013
            ],
            [
              97.759939,
              17.405626
            ],
            [
              97.750499,
              17.398139
            ],
            [
              97.726492,
              17.388495
            ],
            [
              97.690522,
              17.361396
            ],
            [
              97.674815,
              17.323432
            ],
            [
              97.671886,
              17.237657
            ],
            [
              97.676524,
              17.199327
            ],
            [
              97.674246,
              17.182969
            ],
            [
              97.655284,
              17.173122
            ],
            [
              97.652192,
              17.165229
            ],
            [
              97.65089,
              17.155056
            ],
            [
              97.65089,
              17.12641
            ],
            [
              97.61321,
              17.055528
            ],
            [
              97.609793,
              17.03502
            ],
            [
              97.612641,
              17.01085
            ],
            [
              97.637218,
              16.956488
            ],
            [
              97.640066,
              16.932563
            ],
            [
              97.634939,
              16.912665
            ],
            [
              97.62794,
              16.893378
            ],
            [
              97.616628,
              16.829291
            ],
            [
              97.619151,
              16.818874
            ],
            [
              97.629242,
              16.80211
            ],
            [
              97.630382,
              16.791368
            ],
            [
              97.624522,
              16.771186
            ],
            [
              97.606619,
              16.729804
            ],
            [
              97.603038,
              16.706366
            ],
            [
              97.605398,
              16.684353
            ],
            [
              97.61142,
              16.665391
            ],
            [
              97.620209,
              16.648993
            ],
            [
              97.656261,
              16.599962
            ],
            [
              97.664236,
              16.585557
            ],
            [
              97.673595,
              16.554958
            ]
          ]
        ]
      }
    },
    {
      "type": "Feature",
      "properties": {
        "dissolve": "201River",
        "scalerank": 5.0,
        "featurecla": "River",
        "name": null,
        "name_alt": null,
        "rivernum": 201,
        "note": null,
        "min_zoom": 4.7,
        "name_en": null,
        "min_label": 5.7
      },
      "bbox": [
        105.935557,
        10.236884,
        106.422374,
        10.338975
      ],
      "geometry": {
        "type": "MultiLineString",
        "coordinates": [
          [
            [
              106.422374,
              10.316962
            ],
            [
              106.412527,
              10.323106
            ],
            [
              106.378917,
              10.33629
            ],
            [
              106.366466,
              10.338568
            ],
            [
              106.35434,
              10.338975
            ],
            [
              106.342296,
              10.337429
            ],
            [
              106.29241,
              10.319607
            ],
            [
              106.279307,
              10.317206
            ],
            [
              106.228282,
              10.318549
            ],
            [
              106.203868,
              10.315456
            ],
            [
              106.158214,
              10.298122
            ],
            [
              106.146658,
              10.296454
            ],
            [
              106.139252,
              10.296413
            ]
          ],
          [
            [
              106.139252,
              10.296413
            ],
            [
              106.107188,
              10.296251
            ],
            [
              106.083018,
              10.301134
            ],
            [
              106.034923,
              10.318793
            ],
            [
              106.019135,
              10.321234
            ],
            [
              106.003429,
              10.321072
            ],
            [
              105.987722,
              10.318712
            ],
            [
              105.973155,
              10.313341
            ],
            [
              105.935557,
              10.286648
            ]
          ],
          [
            [
              106.139252,
              10.296413
            ],
            [
              106.139171,
              10.296495
            ]
          ],
          [
            [
              106.292003,
              10.261746
            ],
            [
              106.259776,
              10.25788
            ],
            [
              106.247162,
              10.255561
            ],
            [
              106.237397,
              10.250556
            ],
            [
              106.22169,
              10.238959
            ],
            [
              106.211925,
              10.236884
            ],
            [
              106.198741,
              10.23904
            ],
            [
              106.186534,
              10.244452
            ],
            [
              106.17571,
              10.252387
            ],
            [
              106.166433,
              10.262152
            ],
            [
              106.14796,
              10.28974
            ],
            [
              106.139252,
              10.296413
            ]
          ]
        ]
      }
    },
    {
      "type": "Feature",
      "properties": {
        "dissolve": "306River",
        "scalerank": 6.0,
        "featurecla": "River",
        "name": "Hong",
        "name_alt": "Red",
        "rivernum": 306,
        "note": null,
        "min_zoom": 5.0,
        "name_en": "Red",
        "min_label": 6.0
      },
      "bbox": [
        100.182872,
        20.283149,
        106.500987,
        25.443183
      ],
      "geometry": {
        "type": "MultiLineString",
        "coordinates": [
          [
            [
              106.500987,
              20.299506
            ],
            [
              106.492442,
              20.290229
            ],
            [
              106.486827,
              20.286404
            ],
            [
              106.480886,
              20.284125
            ],
            [
              106.47462,
              20.283149
            ],
            [
              106.461681,
              20.283271
            ],
            [
              106.455089,
              20.284491
            ],
            [
              106.449799,
              20.287218
            ],
            [
              106.409434,
              20.31627
            ],
            [
              106.394542,
              20.332953
            ],
            [
              106.386241,
              20.34044
            ],
            [
              106.354503,
              20.355536
            ],
            [
              106.349132,
              20.364529
            ],
            [
              106.334239,
              20.365587
            ],
            [
              106.322765,
              20.360704
            ],
            [
              106.302013,
              20.341417
            ],
            [
              106.29127,
              20.334174
            ],
            [
              106.278087,
              20.329535
            ],
            [
              106.267345,
              20.331488
            ],
            [
              106.263927,
              20.344062
            ],
            [
              106.268077,
              20.356879
            ],
            [
              106.274669,
              20.367458
            ],
            [
              106.279796,
              20.378445
            ],
            [
              106.279307,
              20.392524
            ],
            [
              106.271983,
              20.406073
            ],
            [
              106.261322,
              20.410956
            ],
            [
              106.233653,
              20.409613
            ],
            [
              106.21933,
              20.413601
            ],
            [
              106.213878,
              20.424343
            ],
            [
              106.213878,
              20.438585
            ],
            [
              106.217865,
              20.461249
            ],
            [
              106.217459,
              20.468533
            ],
            [
              106.214447,
              20.47488
            ],
            [
              106.208018,
              20.480089
            ],
            [
              106.201671,
              20.48253
            ],
            [
              106.195323,
              20.484198
            ],
            [
              106.189464,
              20.486436
            ],
            [
              106.184093,
              20.49079
            ],
            [
              106.177419,
              20.50373
            ],
            [
              106.171967,
              20.532579
            ],
            [
              106.167572,
              20.546332
            ],
            [
              106.158214,
              20.557929
            ],
            [
              106.136485,
              20.575222
            ],
            [
              106.129975,
              20.58869
            ],
            [
              106.127615,
              20.616807
            ],
            [
              106.125011,
              20.625067
            ],
            [
              106.112071,
              20.631537
            ],
            [
              106.076182,
              20.615058
            ],
            [
              106.059255,
              20.616563
            ],
            [
              106.053396,
              20.622341
            ],
            [
              106.031261,
              20.653428
            ],
            [
              106.026785,
              20.663194
            ],
            [
              106.024913,
              20.673651
            ],
            [
              106.027192,
              20.684597
            ],
            [
              106.030935,
              20.693956
            ],
            [
              106.032725,
              20.70185
            ],
            [
              106.029877,
              20.708035
            ],
            [
              106.02003,
              20.712348
            ],
            [
              105.990489,
              20.714138
            ],
            [
              105.981049,
              20.717108
            ],
            [
              105.968272,
              20.731716
            ],
            [
              105.964366,
              20.77086
            ],
            [
              105.955984,
              20.786729
            ],
            [
              105.947276,
              20.791124
            ],
            [
              105.928233,
              20.795844
            ],
            [
              105.920014,
              20.801296
            ],
            [
              105.914806,
              20.809597
            ],
            [
              105.91212,
              20.819403
            ],
            [
              105.911143,
              20.829698
            ],
            [
              105.911388,
              20.839626
            ],
            [
              105.916515,
              20.855902
            ],
            [
              105.923595,
              20.872138
            ],
            [
              105.924571,
              20.886664
            ],
            [
              105.910248,
              20.897773
            ],
            [
              105.901134,
              20.901964
            ],
            [
              105.896088,
              20.907172
            ],
            [
              105.89503,
              20.914333
            ],
            [
              105.899343,
              20.933865
            ],
            [
              105.895925,
              20.938585
            ],
            [
              105.890147,
              20.942654
            ],
            [
              105.884532,
              20.949815
            ],
            [
              105.885509,
              20.966742
            ],
            [
              105.89503,
              20.983954
            ],
            [
              105.90089,
              21.000434
            ],
            [
              105.890717,
              21.015408
            ],
            [
              105.859467,
              21.030585
            ],
            [
              105.851085,
              21.039659
            ],
            [
              105.846934,
              21.049872
            ],
            [
              105.841075,
              21.070828
            ],
            [
              105.834076,
              21.079128
            ],
            [
              105.82252,
              21.085639
            ],
            [
              105.748953,
              21.109198
            ],
            [
              105.73821,
              21.113959
            ],
            [
              105.708507,
              21.136786
            ],
            [
              105.669932,
              21.157538
            ],
            [
              105.656342,
              21.160468
            ],
            [
              105.514089,
              21.167426
            ],
            [
              105.50351,
              21.169501
            ],
            [
              105.494233,
              21.173651
            ],
            [
              105.477143,
              21.185858
            ],
            [
              105.465343,
              21.196723
            ],
            [
              105.455577,
              21.208523
            ],
            [
              105.439871,
              21.235907
            ],
            [
              105.433849,
              21.252509
            ],
            [
              105.425873,
              21.29206
            ],
            [
              105.41448,
              21.307156
            ],
            [
              105.394949,
              21.31155
            ],
            [
              105.373546,
              21.308946
            ],
            [
              105.353526,
              21.301337
            ],
            [
              105.348399,
              21.29206
            ],
            [
              105.336192,
              21.265815
            ],
            [
              105.329275,
              21.260362
            ],
            [
              105.312022,
              21.259345
            ],
            [
              105.302989,
              21.260932
            ],
            [
              105.291515,
              21.266628
            ],
            [
              105.268077,
              21.284003
            ],
            [
              105.264171,
              21.290798
            ],
            [
              105.266368,
              21.299831
            ],
            [
              105.275645,
              21.309027
            ],
            [
              105.277843,
              21.318386
            ],
            [
              105.274669,
              21.333604
            ],
            [
              105.258311,
              21.377305
            ],
            [
              105.250499,
              21.390082
            ],
            [
              105.224539,
              21.405056
            ],
            [
              105.214854,
              21.3935
            ],
            [
              105.211681,
              21.373481
            ],
            [
              105.20574,
              21.36282
            ],
            [
              105.200694,
              21.357733
            ],
            [
              105.200857,
              21.347602
            ],
            [
              105.199474,
              21.339911
            ],
            [
              105.188487,
              21.342312
            ],
            [
              105.183116,
              21.34809
            ],
            [
              105.175385,
              21.37641
            ],
            [
              105.158783,
              21.403998
            ],
            [
              105.137136,
              21.43183
            ],
            [
              105.086681,
              21.480089
            ],
            [
              105.057384,
              21.496527
            ],
            [
              105.048839,
              21.503038
            ],
            [
              104.962169,
              21.603135
            ],
            [
              104.953298,
              21.609687
            ],
            [
              104.94337,
              21.614285
            ],
            [
              104.93214,
              21.616034
            ],
            [
              104.922781,
              21.615302
            ],
            [
              104.920095,
              21.615546
            ],
            [
              104.92099,
              21.620307
            ],
            [
              104.92213,
              21.633409
            ],
            [
              104.924897,
              21.640896
            ],
            [
              104.930756,
              21.643907
            ],
            [
              104.935557,
              21.647813
            ],
            [
              104.935151,
              21.657579
            ],
            [
              104.93157,
              21.665107
            ],
            [
              104.926524,
              21.669745
            ],
            [
              104.920828,
              21.673367
            ],
            [
              104.914643,
              21.678087
            ],
            [
              104.905854,
              21.69127
            ],
            [
              104.90032,
              21.696479
            ],
            [
              104.890717,
              21.698554
            ],
            [
              104.88795,
              21.697455
            ],
            [
              104.885916,
              21.695136
            ],
            [
              104.883311,
              21.692816
            ],
            [
              104.877452,
              21.691718
            ],
            [
              104.874034,
              21.693874
            ],
            [
              104.874522,
              21.703233
            ],
            [
              104.870616,
              21.70539
            ],
            [
              104.863048,
              21.707709
            ],
            [
              104.856456,
              21.713162
            ],
            [
              104.846446,
              21.725898
            ],
            [
              104.812266,
              21.75377
            ],
            [
              104.803396,
              21.763129
            ],
            [
              104.804128,
              21.766466
            ],
            [
              104.804779,
              21.777696
            ],
            [
              104.803315,
              21.786689
            ],
            [
              104.798839,
              21.791856
            ],
            [
              104.791515,
              21.794257
            ],
            [
              104.781261,
              21.794786
            ],
            [
              104.7671,
              21.799587
            ],
            [
              104.7553,
              21.810981
            ],
            [
              104.736501,
              21.835761
            ],
            [
              104.645518,
              21.904568
            ],
            [
              104.640391,
              21.925116
            ],
            [
              104.627615,
              21.923407
            ],
            [
              104.624929,
              21.921983
            ],
            [
              104.620535,
              21.91767
            ],
            [
              104.59433,
              21.938096
            ],
            [
              104.587413,
              21.949327
            ],
            [
              104.592459,
              21.959255
            ],
            [
              104.493337,
              22.039089
            ],
            [
              104.490245,
              22.044623
            ],
            [
              104.48642,
              22.044542
            ],
            [
              104.471446,
              22.06448
            ],
            [
              104.469656,
              22.068468
            ],
            [
              104.421479,
              22.098456
            ],
            [
              104.407644,
              22.109483
            ],
            [
              104.384044,
              22.140489
            ],
            [
              104.36964,
              22.152655
            ],
            [
              104.364268,
              22.159695
            ],
            [
              104.359793,
              22.171495
            ],
            [
              104.352957,
              22.171495
            ],
            [
              104.341807,
              22.16474
            ],
            [
              104.33253,
              22.17532
            ],
            [
              104.318858,
              22.205024
            ],
            [
              104.308116,
              22.215277
            ],
            [
              104.271007,
              22.240424
            ],
            [
              104.264578,
              22.247748
            ],
            [
              104.255626,
              22.261786
            ],
            [
              104.249929,
              22.267768
            ],
            [
              104.243663,
              22.271593
            ],
            [
              104.230561,
              22.276964
            ],
            [
              104.222667,
              22.281358
            ],
            [
              104.180756,
              22.316026
            ],
            [
              104.137706,
              22.36164
            ],
            [
              104.126964,
              22.370185
            ],
            [
              104.099132,
              22.383816
            ],
            [
              104.051768,
              22.42414
            ],
            [
              103.988048,
              22.475775
            ],
            [
              103.977061,
              22.487657
            ],
            [
              103.96933,
              22.500515
            ],
            [
              103.959239,
              22.50727
            ],
            [
              103.950613,
              22.516669
            ],
            [
              103.940359,
              22.524848
            ],
            [
              103.925141,
              22.528428
            ],
            [
              103.91684,
              22.533474
            ],
            [
              103.902354,
              22.558783
            ],
            [
              103.894216,
              22.569403
            ],
            [
              103.888194,
              22.571967
            ],
            [
              103.872162,
              22.573798
            ],
            [
              103.866303,
              22.575629
            ],
            [
              103.843842,
              22.599473
            ],
            [
              103.835948,
              22.602891
            ],
            [
              103.829519,
              22.609402
            ],
            [
              103.809255,
              22.638983
            ],
            [
              103.804861,
              22.647569
            ],
            [
              103.793956,
              22.659613
            ],
            [
              103.726085,
              22.716498
            ],
            [
              103.658214,
              22.793484
            ],
            [
              103.646576,
              22.799262
            ],
            [
              103.605398,
              22.837836
            ],
            [
              103.592052,
              22.847724
            ],
            [
              103.590343,
              22.850165
            ],
            [
              103.589936,
              22.853624
            ],
            [
              103.588878,
              22.857489
            ],
            [
              103.585867,
              22.860704
            ],
            [
              103.581065,
              22.861355
            ],
            [
              103.568858,
              22.859646
            ],
            [
              103.564708,
              22.860704
            ],
            [
              103.557546,
              22.868476
            ],
            [
              103.5442,
              22.888699
            ],
            [
              103.519542,
              22.910509
            ],
            [
              103.461843,
              22.943142
            ],
            [
              103.417979,
              22.977566
            ],
            [
              103.390147,
              22.9914
            ],
            [
              103.36085,
              23.014268
            ],
            [
              103.328543,
              23.032538
            ],
            [
              103.287852,
              23.061632
            ],
            [
              103.174327,
              23.108425
            ],
            [
              103.132904,
              23.117865
            ],
            [
              103.09547,
              23.122097
            ],
            [
              103.084402,
              23.12462
            ],
            [
              103.076182,
              23.130642
            ],
            [
              103.064464,
              23.141913
            ],
            [
              103.023448,
              23.156195
            ],
            [
              102.975597,
              23.186347
            ],
            [
              102.948416,
              23.192979
            ],
            [
              102.940684,
              23.199164
            ],
            [
              102.933849,
              23.206
            ],
            [
              102.927257,
              23.210801
            ],
            [
              102.918224,
              23.212958
            ],
            [
              102.912039,
              23.212022
            ],
            [
              102.906261,
              23.210517
            ],
            [
              102.899343,
              23.210801
            ],
            [
              102.891205,
              23.214138
            ],
            [
              102.884532,
              23.218451
            ],
            [
              102.875987,
              23.222235
            ],
            [
              102.862722,
              23.223822
            ],
            [
              102.854584,
              23.228217
            ],
            [
              102.848399,
              23.247423
            ],
            [
              102.836681,
              23.255316
            ],
            [
              102.82545,
              23.279079
            ],
            [
              102.81894,
              23.284451
            ],
            [
              102.779226,
              23.299872
            ],
            [
              102.761974,
              23.303982
            ],
            [
              102.725597,
              23.306423
            ],
            [
              102.714366,
              23.304145
            ],
            [
              102.698009,
              23.294542
            ],
            [
              102.687755,
              23.292751
            ],
            [
              102.685069,
              23.294542
            ],
            [
              102.600841,
              23.327826
            ],
            [
              102.591563,
              23.337429
            ],
            [
              102.586843,
              23.340684
            ],
            [
              102.557221,
              23.347357
            ],
            [
              102.54127,
              23.354193
            ],
            [
              102.506765,
              23.379584
            ],
            [
              102.499278,
              23.382107
            ],
            [
              102.476329,
              23.377061
            ],
            [
              102.466075,
              23.377387
            ],
            [
              102.461843,
              23.385525
            ],
            [
              102.450857,
              23.394639
            ],
            [
              102.425873,
              23.39704
            ],
            [
              102.379242,
              23.39643
            ],
            [
              102.342377,
              23.405219
            ],
            [
              102.307628,
              23.418809
            ],
            [
              102.249522,
              23.450385
            ],
            [
              102.208995,
              23.464057
            ],
            [
              102.168386,
              23.46894
            ],
            [
              102.135753,
              23.480536
            ],
            [
              102.119151,
              23.514106
            ],
            [
              102.10434,
              23.537869
            ],
            [
              102.078298,
              23.552598
            ],
            [
              102.02296,
              23.576768
            ],
            [
              101.996674,
              23.59809
            ],
            [
              101.986257,
              23.612087
            ],
            [
              101.977794,
              23.642768
            ],
            [
              101.967296,
              23.647528
            ],
            [
              101.953705,
              23.648383
            ],
            [
              101.94044,
              23.651923
            ],
            [
              101.930919,
              23.659491
            ],
            [
              101.910167,
              23.682644
            ],
            [
              101.901541,
              23.699286
            ],
            [
              101.891043,
              23.705756
            ],
            [
              101.878429,
              23.710883
            ],
            [
              101.868663,
              23.716742
            ],
            [
              101.830577,
              23.754259
            ],
            [
              101.827891,
              23.755927
            ],
            [
              101.819835,
              23.759223
            ],
            [
              101.816905,
              23.761094
            ],
            [
              101.813487,
              23.76671
            ],
            [
              101.812511,
              23.777615
            ],
            [
              101.810639,
              23.782253
            ],
            [
              101.804291,
              23.787299
            ],
            [
              101.797537,
              23.790798
            ],
            [
              101.79241,
              23.795925
            ],
            [
              101.790131,
              23.805772
            ],
            [
              101.786713,
              23.814968
            ],
            [
              101.778575,
              23.827582
            ],
            [
              101.768565,
              23.838813
            ],
            [
              101.759776,
              23.843695
            ],
            [
              101.750662,
              23.850898
            ],
            [
              101.72877,
              23.898261
            ],
            [
              101.717296,
              23.913764
            ],
            [
              101.698009,
              23.911933
            ],
            [
              101.693289,
              23.915391
            ],
            [
              101.687511,
              23.923692
            ],
            [
              101.682872,
              23.933865
            ],
            [
              101.680919,
              23.942694
            ],
            [
              101.674815,
              23.957709
            ],
            [
              101.577403,
              24.081895
            ],
            [
              101.571056,
              24.117377
            ],
            [
              101.562999,
              24.126532
            ],
            [
              101.551768,
              24.134101
            ],
            [
              101.529389,
              24.144721
            ],
            [
              101.529389,
              24.152167
            ],
            [
              101.533621,
              24.163642
            ],
            [
              101.509776,
              24.186876
            ],
            [
              101.502859,
              24.20307
            ],
            [
              101.500255,
              24.217719
            ],
            [
              101.466319,
              24.319363
            ],
            [
              101.450694,
              24.348212
            ],
            [
              101.445811,
              24.385118
            ],
            [
              101.440684,
              24.398546
            ],
            [
              101.435069,
              24.401964
            ],
            [
              101.409272,
              24.412869
            ],
            [
              101.401378,
              24.417589
            ],
            [
              101.397227,
              24.428656
            ],
            [
              101.394054,
              24.441107
            ],
            [
              101.389171,
              24.450059
            ],
            [
              101.377615,
              24.462226
            ],
            [
              101.318858,
              24.540961
            ],
            [
              101.308116,
              24.545478
            ],
            [
              101.303396,
              24.525824
            ],
            [
              101.298839,
              24.51557
            ],
            [
              101.287852,
              24.509467
            ],
            [
              101.274343,
              24.507148
            ],
            [
              101.262625,
              24.508409
            ],
            [
              101.257335,
              24.512641
            ],
            [
              101.247813,
              24.528144
            ],
            [
              101.241466,
              24.535102
            ],
            [
              101.231212,
              24.537055
            ],
            [
              101.2199,
              24.535102
            ],
            [
              101.210948,
              24.537624
            ],
            [
              101.207286,
              24.552802
            ],
            [
              101.203136,
              24.558417
            ],
            [
              101.184825,
              24.568061
            ],
            [
              101.180675,
              24.572943
            ],
            [
              101.178722,
              24.584662
            ],
            [
              101.174083,
              24.592068
            ],
            [
              101.132253,
              24.624538
            ],
            [
              101.12672,
              24.635321
            ],
            [
              101.120209,
              24.660427
            ],
            [
              101.115245,
              24.669216
            ],
            [
              101.08782,
              24.696845
            ],
            [
              101.041921,
              24.730048
            ],
            [
              100.949474,
              24.835476
            ],
            [
              100.914561,
              24.901394
            ],
            [
              100.90919,
              24.908759
            ],
            [
              100.904307,
              24.911811
            ],
            [
              100.898529,
              24.913764
            ],
            [
              100.893972,
              24.916693
            ],
            [
              100.8921,
              24.922431
            ],
            [
              100.894135,
              24.928168
            ],
            [
              100.89796,
              24.932929
            ],
            [
              100.899832,
              24.93769
            ],
            [
              100.895763,
              24.943549
            ],
            [
              100.866466,
              24.965603
            ],
            [
              100.857921,
              24.973944
            ],
            [
              100.85255,
              24.982123
            ],
            [
              100.844493,
              25.00019
            ],
            [
              100.837413,
              25.008734
            ],
            [
              100.818858,
              25.025458
            ],
            [
              100.808035,
              25.027411
            ],
            [
              100.803233,
              25.011786
            ],
            [
              100.799083,
              25.00849
            ],
            [
              100.780284,
              25.002143
            ],
            [
              100.770763,
              24.994696
            ],
            [
              100.758556,
              24.990424
            ],
            [
              100.744721,
              24.987413
            ],
            [
              100.734386,
              24.987616
            ],
            [
              100.729747,
              24.992011
            ],
            [
              100.720632,
              25.008572
            ],
            [
              100.713878,
              25.014919
            ],
            [
              100.695079,
              25.019843
            ],
            [
              100.650808,
              25.024359
            ],
            [
              100.635671,
              25.032294
            ],
            [
              100.616954,
              25.051622
            ],
            [
              100.598237,
              25.064643
            ],
            [
              100.578624,
              25.072618
            ],
            [
              100.556895,
              25.076972
            ],
            [
              100.521088,
              25.080146
            ],
            [
              100.498627,
              25.087104
            ],
            [
              100.488455,
              25.100531
            ],
            [
              100.405935,
              25.111151
            ],
            [
              100.366628,
              25.122097
            ],
            [
              100.350515,
              25.132514
            ],
            [
              100.344005,
              25.148708
            ],
            [
              100.34075,
              25.174262
            ],
            [
              100.33196,
              25.195502
            ],
            [
              100.302989,
              25.234646
            ],
            [
              100.28297,
              25.266872
            ],
            [
              100.234793,
              25.385443
            ],
            [
              100.225352,
              25.400702
            ],
            [
              100.182872,
              25.443183
            ]
          ]
        ]
      }
    },
    {
      "type": "Feature",
      "properties": {
        "dissolve": "386Lake Centerline",
        "scalerank": 7.0,
        "featurecla": "Lake Centerline",
        "name": "Mae Klong",
        "name_alt": null,
        "rivernum": 386,
        "note": null,
        "min_zoom": 6.0,
        "name_en": "Mae Klong",
        "min_label": 7.0
      },
      "bbox": [
        99.033295,
        14.410509,
        99.149343,
        15.043647
      ],
      "geometry": {
        "type": "MultiLineString",
        "coordinates": [
          [
            [
              99.039154,
              15.043647
            ],
            [
              99.045828,
              15.032742
            ],
            [
              99.059825,
              15.015652
            ],
            [
              99.074148,
              15.003607
            ],
            [
              99.084565,
              14.989081
            ],
            [
              99.091319,
              14.966376
            ],
            [
              99.102957,
              14.941107
            ],
            [
              99.108653,
              14.922553
            ],
            [
              99.089692,
              14.906358
            ],
            [
              99.068777,
              14.890652
            ],
            [
              99.061534,
              14.874864
            ],
            [
              99.053152,
              14.858588
            ],
            [
              99.043224,
              14.843533
            ],
            [
              99.037527,
              14.82628
            ],
            [
              99.036632,
              14.81037
            ],
            [
              99.037039,
              14.788438
            ],
            [
              99.033295,
              14.764024
            ],
            [
              99.033621,
              14.741726
            ],
            [
              99.04005,
              14.714423
            ],
            [
              99.049897,
              14.573676
            ],
            [
              99.062266,
              14.531521
            ],
            [
              99.0796,
              14.494208
            ],
            [
              99.098643,
              14.469428
            ],
            [
              99.139903,
              14.423122
            ],
            [
              99.149343,
              14.410509
            ]
          ]
        ]
      }
    },
    {
      "type": "Feature",
      "properties": {
        "dissolve": "386River",
        "scalerank": 7.0,
        "featurecla": "River",
        "name": "Mae Klong",
        "name_alt": null,
        "rivernum": 386,
        "note": null,
        "min_zoom": 6.0,
        "name_en": "Mae Klong",
        "min_label": 7.0
      },
      "bbox": [
        98.809011,
        13.372016,
        100.001394,
        16.175645
      ],
      "geometry": {
        "type": "MultiLineString",
        "coordinates": [
          [
            [
              98.891612,
              16.175645
            ],
            [
              98.88795,
              16.103827
            ],
            [
              98.880951,
              16.093126
            ],
            [
              98.867686,
              16.086941
            ],
            [
              98.856049,
              16.071316
            ],
            [
              98.851085,
              16.051134
            ],
            [
              98.857432,
              16.031073
            ],
            [
              98.835948,
              16.01911
            ],
            [
              98.823416,
              16.007921
            ],
            [
              98.817882,
              15.993842
            ],
            [
              98.816417,
              15.973009
            ],
            [
              98.82366,
              15.906114
            ],
            [
              98.829519,
              15.887722
            ],
            [
              98.850352,
              15.859971
            ],
            [
              98.857595,
              15.841498
            ],
            [
              98.846772,
              15.833075
            ],
            [
              98.839122,
              15.82213
            ],
            [
              98.809011,
              15.764187
            ],
            [
              98.810313,
              15.74905
            ],
            [
              98.820323,
              15.714138
            ],
            [
              98.822683,
              15.692165
            ],
            [
              98.828868,
              15.67711
            ],
            [
              98.882498,
              15.610867
            ],
            [
              98.89446,
              15.59044
            ],
            [
              98.897065,
              15.572943
            ],
            [
              98.8331,
              15.539252
            ],
            [
              98.822683,
              15.531358
            ],
            [
              98.816905,
              15.515977
            ],
            [
              98.820079,
              15.501003
            ],
            [
              98.826182,
              15.484931
            ],
            [
              98.832774,
              15.447781
            ],
            [
              98.841075,
              15.434678
            ],
            [
              98.864268,
              15.41474
            ],
            [
              98.887706,
              15.384223
            ],
            [
              98.899669,
              15.362576
            ],
            [
              98.89503,
              15.352647
            ],
            [
              98.885916,
              15.343777
            ],
            [
              98.89088,
              15.32331
            ],
            [
              98.902273,
              15.300401
            ],
            [
              98.912608,
              15.284369
            ],
            [
              98.901541,
              15.273871
            ],
            [
              98.903575,
              15.26142
            ],
            [
              98.918875,
              15.229763
            ],
            [
              98.920828,
              15.211046
            ],
            [
              98.920095,
              15.193386
            ],
            [
              98.922374,
              15.176622
            ],
            [
              98.932546,
              15.160834
            ],
            [
              98.939138,
              15.158515
            ],
            [
              98.959483,
              15.156562
            ],
            [
              98.965912,
              15.154079
            ],
            [
              98.969005,
              15.147325
            ],
            [
              98.97405,
              15.1199
            ],
            [
              98.985037,
              15.096747
            ],
            [
              98.991954,
              15.08747
            ],
            [
              99.039154,
              15.043647
            ]
          ],
          [
            [
              99.149343,
              14.410509
            ],
            [
              99.153087,
              14.408515
            ],
            [
              99.154552,
              14.404608
            ],
            [
              99.155528,
              14.399359
            ],
            [
              99.158376,
              14.393663
            ],
            [
              99.160574,
              14.388129
            ],
            [
              99.16269,
              14.372504
            ],
            [
              99.165294,
              14.3664
            ],
            [
              99.171397,
              14.361396
            ],
            [
              99.187022,
              14.35574
            ],
            [
              99.192475,
              14.352118
            ],
            [
              99.208588,
              14.322211
            ],
            [
              99.216807,
              14.317939
            ],
            [
              99.22462,
              14.305447
            ],
            [
              99.239513,
              14.246934
            ],
            [
              99.247813,
              14.229193
            ],
            [
              99.238455,
              14.21369
            ],
            [
              99.245046,
              14.198188
            ],
            [
              99.258881,
              14.186143
            ],
            [
              99.271414,
              14.181423
            ],
            [
              99.276541,
              14.178249
            ],
            [
              99.287039,
              14.16413
            ],
            [
              99.292084,
              14.160956
            ],
            [
              99.329845,
              14.146674
            ],
            [
              99.340587,
              14.140652
            ],
            [
              99.360362,
              14.125922
            ],
            [
              99.371349,
              14.11994
            ],
            [
              99.407237,
              14.113064
            ],
            [
              99.416026,
              14.109158
            ],
            [
              99.431651,
              14.095038
            ],
            [
              99.437429,
              14.08629
            ],
            [
              99.439708,
              14.074978
            ],
            [
              99.445404,
              14.064276
            ],
            [
              99.458507,
              14.062038
            ],
            [
              99.480561,
              14.064724
            ],
            [
              99.48406,
              14.065985
            ],
            [
              99.489268,
              14.069281
            ],
            [
              99.495209,
              14.072048
            ],
            [
              99.50172,
              14.07156
            ],
            [
              99.502452,
              14.068061
            ],
            [
              99.500987,
              14.054877
            ],
            [
              99.50172,
              14.051093
            ],
            [
              99.523367,
              14.034288
            ],
            [
              99.527761,
              14.034003
            ],
            [
              99.535492,
              14.016547
            ],
            [
              99.554128,
              13.998847
            ],
            [
              99.576915,
              13.984076
            ],
            [
              99.59726,
              13.975369
            ],
            [
              99.628347,
              13.971788
            ],
            [
              99.637625,
              13.969102
            ],
            [
              99.64446,
              13.963324
            ],
            [
              99.661388,
              13.945095
            ],
            [
              99.668956,
              13.94123
            ],
            [
              99.741222,
              13.948676
            ],
            [
              99.746186,
              13.951687
            ],
            [
              99.750255,
              13.957099
            ],
            [
              99.755056,
              13.961493
            ],
            [
              99.761729,
              13.961697
            ],
            [
              99.766531,
              13.957343
            ],
            [
              99.767345,
              13.951728
            ],
            [
              99.765147,
              13.947862
            ],
            [
              99.761729,
              13.948676
            ],
            [
              99.76588,
              13.942572
            ],
            [
              99.775401,
              13.920722
            ],
            [
              99.796641,
              13.89643
            ],
            [
              99.823253,
              13.872911
            ],
            [
              99.868175,
              13.846951
            ],
            [
              99.877859,
              13.831977
            ],
            [
              99.880382,
              13.810899
            ],
            [
              99.874278,
              13.789862
            ],
            [
              99.851085,
              13.749376
            ],
            [
              99.856863,
              13.74079
            ],
            [
              99.86378,
              13.724229
            ],
            [
              99.865245,
              13.708197
            ],
            [
              99.854503,
              13.700995
            ],
            [
              99.838878,
              13.696072
            ],
            [
              99.832042,
              13.683539
            ],
            [
              99.830496,
              13.6671
            ],
            [
              99.830577,
              13.650417
            ],
            [
              99.827159,
              13.641303
            ],
            [
              99.812022,
              13.617621
            ],
            [
              99.809581,
              13.606024
            ],
            [
              99.813243,
              13.600287
            ],
            [
              99.827566,
              13.592963
            ],
            [
              99.830577,
              13.58865
            ],
            [
              99.829275,
              13.563544
            ],
            [
              99.830577,
              13.557644
            ],
            [
              99.838634,
              13.550808
            ],
            [
              99.868907,
              13.533718
            ],
            [
              99.881847,
              13.530341
            ],
            [
              99.902843,
              13.531033
            ],
            [
              99.910167,
              13.52619
            ],
            [
              99.922862,
              13.512966
            ],
            [
              99.956147,
              13.449327
            ],
            [
              99.977061,
              13.42121
            ],
            [
              100.001394,
              13.420478
            ],
            [
              99.997813,
              13.395372
            ],
            [
              99.997976,
              13.383734
            ],
            [
              100.001394,
              13.372016
            ]
          ]
        ]
      }
    },
    {
      "type": "Feature",
      "properties": {
        "dissolve": "387Lake Centerline",
        "scalerank": 7.0,
        "featurecla": "Lake Centerline",
        "name": "Yom",
        "name_alt": null,
        "rivernum": 387,
        "note": null,
        "min_zoom": 6.0,
        "name_en": "Yom",
        "min_label": 7.0
      },
      "bbox": [
        100.470714,
        17.776557,
        100.612641,
        18.039659
      ],
      "geometry": {
        "type": "MultiLineString",
        "coordinates": [
          [
            [
              100.612641,
              18.039659
            ],
            [
              100.590587,
              18.035997
            ],
            [
              100.568451,
              18.027167
            ],
            [
              100.544932,
              18.012763
            ],
            [
              100.526296,
              17.997382
            ],
            [
              100.48585,
              17.937527
            ],
            [
              100.474132,
              17.910509
            ],
            [
              100.470714,
              17.886908
            ],
            [
              100.487804,
              17.863349
            ],
            [
              100.511485,
              17.844265
            ],
            [
              100.524994,
              17.826117
            ],
            [
              100.540131,
              17.796739
            ],
            [
              100.55185,
              17.776557
            ]
          ]
        ]
      }
    },
    {
      "type": "Feature",
      "properties": {
        "dissolve": "387River",
        "scalerank": 7.0,
        "featurecla": "River",
        "name": "Yom",
        "name_alt": null,
        "rivernum": 387,
        "note": null,
        "min_zoom": 6.0,
        "name_en": "Yom",
        "min_label": 7.0
      },
      "bbox": [
        100.063406,
        15.70657,
        101.180675,
        19.554063
      ],
      "geometry": {
        "type": "MultiLineString",
        "coordinates": [
          [
            [
              101.180675,
              19.327582
            ],
            [
              101.172862,
              19.34394
            ],
            [
              101.16212,
              19.415066
            ],
            [
              101.152354,
              19.446153
            ],
            [
              101.111827,
              19.513129
            ],
            [
              101.101085,
              19.523993
            ],
            [
              101.074962,
              19.541612
            ],
            [
              101.063975,
              19.554063
            ],
            [
              101.05714,
              19.554063
            ],
            [
              101.046886,
              19.541124
            ],
            [
              101.027436,
              19.524726
            ],
            [
              101.005626,
              19.516181
            ],
            [
              100.98821,
              19.526801
            ],
            [
              100.981375,
              19.526801
            ],
            [
              100.972667,
              19.517157
            ],
            [
              100.962576,
              19.515489
            ],
            [
              100.932384,
              19.521064
            ],
            [
              100.926524,
              19.524237
            ],
            [
              100.921641,
              19.525906
            ],
            [
              100.91627,
              19.523017
            ],
            [
              100.887706,
              19.499701
            ],
            [
              100.879812,
              19.485704
            ],
            [
              100.87379,
              19.469794
            ],
            [
              100.871511,
              19.457872
            ],
            [
              100.875255,
              19.444281
            ],
            [
              100.881358,
              19.431016
            ],
            [
              100.883556,
              19.420925
            ],
            [
              100.854015,
              19.404893
            ],
            [
              100.846283,
              19.376899
            ],
            [
              100.846934,
              19.344794
            ],
            [
              100.854503,
              19.292182
            ],
            [
              100.850352,
              19.263943
            ],
            [
              100.837901,
              19.240098
            ],
            [
              100.816335,
              19.225165
            ],
            [
              100.816335,
              19.217719
            ],
            [
              100.823822,
              19.214382
            ],
            [
              100.829194,
              19.208564
            ],
            [
              100.837413,
              19.190985
            ],
            [
              100.821788,
              19.182563
            ],
            [
              100.814545,
              19.17296
            ],
            [
              100.809011,
              19.125067
            ],
            [
              100.789643,
              19.073676
            ],
            [
              100.787527,
              19.055243
            ],
            [
              100.789643,
              19.012234
            ],
            [
              100.776541,
              18.960069
            ],
            [
              100.775971,
              18.943956
            ],
            [
              100.780365,
              18.925808
            ],
            [
              100.788666,
              18.909044
            ],
            [
              100.799083,
              18.894314
            ],
            [
              100.810069,
              18.881903
            ],
            [
              100.819428,
              18.878241
            ],
            [
              100.828054,
              18.880805
            ],
            [
              100.834239,
              18.880439
            ],
            [
              100.837413,
              18.868232
            ],
            [
              100.810069,
              18.848334
            ],
            [
              100.805186,
              18.833197
            ],
            [
              100.800548,
              18.795193
            ],
            [
              100.795909,
              18.779486
            ],
            [
              100.77589,
              18.75373
            ],
            [
              100.768891,
              18.736884
            ],
            [
              100.775971,
              18.724229
            ],
            [
              100.768484,
              18.720811
            ],
            [
              100.761648,
              18.716824
            ],
            [
              100.762299,
              18.71247
            ],
            [
              100.763113,
              18.711615
            ],
            [
              100.764903,
              18.711778
            ],
            [
              100.768484,
              18.710557
            ],
            [
              100.762787,
              18.699897
            ],
            [
              100.763682,
              18.689561
            ],
            [
              100.768891,
              18.679551
            ],
            [
              100.775971,
              18.670233
            ],
            [
              100.761648,
              18.662787
            ],
            [
              100.771902,
              18.657904
            ],
            [
              100.775971,
              18.656562
            ],
            [
              100.762706,
              18.641303
            ],
            [
              100.767589,
              18.594509
            ],
            [
              100.761648,
              18.573432
            ],
            [
              100.766043,
              18.572089
            ],
            [
              100.769135,
              18.570624
            ],
            [
              100.771495,
              18.568956
            ],
            [
              100.77296,
              18.567165
            ],
            [
              100.774099,
              18.563056
            ],
            [
              100.774506,
              18.552924
            ],
            [
              100.775971,
              18.546698
            ],
            [
              100.795909,
              18.508857
            ],
            [
              100.80128,
              18.502997
            ],
            [
              100.825125,
              18.49787
            ],
            [
              100.830577,
              18.4949
            ],
            [
              100.834239,
              18.460517
            ],
            [
              100.837413,
              18.450507
            ],
            [
              100.853038,
              18.422146
            ],
            [
              100.862397,
              18.399522
            ],
            [
              100.861339,
              18.389024
            ],
            [
              100.874929,
              18.3817
            ],
            [
              100.887787,
              18.364285
            ],
            [
              100.896983,
              18.343858
            ],
            [
              100.899506,
              18.327582
            ],
            [
              100.890554,
              18.308661
            ],
            [
              100.863455,
              18.293565
            ],
            [
              100.857921,
              18.276068
            ],
            [
              100.85377,
              18.253933
            ],
            [
              100.844168,
              18.239529
            ],
            [
              100.832774,
              18.226915
            ],
            [
              100.823741,
              18.210313
            ],
            [
              100.819835,
              18.188422
            ],
            [
              100.819753,
              18.169949
            ],
            [
              100.817393,
              18.153632
            ],
            [
              100.806651,
              18.138292
            ],
            [
              100.703298,
              18.050401
            ],
            [
              100.673106,
              18.037665
            ],
            [
              100.645518,
              18.046454
            ],
            [
              100.637462,
              18.042182
            ],
            [
              100.627859,
              18.040554
            ],
            [
              100.612641,
              18.039659
            ]
          ],
          [
            [
              100.55185,
              17.776557
            ],
            [
              100.555675,
              17.770819
            ],
            [
              100.560476,
              17.766791
            ],
            [
              100.566824,
              17.765245
            ],
            [
              100.567393,
              17.759467
            ],
            [
              100.551362,
              17.74726
            ],
            [
              100.532156,
              17.736274
            ],
            [
              100.522716,
              17.734239
            ],
            [
              100.5053,
              17.718777
            ],
            [
              100.467296,
              17.706814
            ],
            [
              100.431163,
              17.705878
            ],
            [
              100.418956,
              17.7237
            ],
            [
              100.412852,
              17.7237
            ],
            [
              100.405528,
              17.713894
            ],
            [
              100.397227,
              17.711249
            ],
            [
              100.38974,
              17.714911
            ],
            [
              100.384858,
              17.7237
            ],
            [
              100.371104,
              17.695583
            ],
            [
              100.351329,
              17.680203
            ],
            [
              100.255382,
              17.644151
            ],
            [
              100.237804,
              17.641791
            ],
            [
              100.227631,
              17.643337
            ],
            [
              100.222585,
              17.648017
            ],
            [
              100.220714,
              17.655463
            ],
            [
              100.22047,
              17.665635
            ],
            [
              100.216889,
              17.666693
            ],
            [
              100.193126,
              17.669053
            ],
            [
              100.147472,
              17.655829
            ],
            [
              100.126394,
              17.64586
            ],
            [
              100.117442,
              17.631171
            ],
            [
              100.114513,
              17.627468
            ],
            [
              100.108409,
              17.622138
            ],
            [
              100.103608,
              17.613796
            ],
            [
              100.104421,
              17.600775
            ],
            [
              100.109793,
              17.596137
            ],
            [
              100.138601,
              17.580268
            ],
            [
              100.131114,
              17.559841
            ],
            [
              100.127208,
              17.562567
            ],
            [
              100.117442,
              17.567247
            ],
            [
              100.113455,
              17.549506
            ],
            [
              100.116628,
              17.536933
            ],
            [
              100.122081,
              17.523139
            ],
            [
              100.12794,
              17.481147
            ],
            [
              100.139171,
              17.444363
            ],
            [
              100.138601,
              17.429511
            ],
            [
              100.132335,
              17.421658
            ],
            [
              100.124604,
              17.420193
            ],
            [
              100.116954,
              17.419949
            ],
            [
              100.110606,
              17.415839
            ],
            [
              100.110444,
              17.406928
            ],
            [
              100.115733,
              17.398057
            ],
            [
              100.117686,
              17.391221
            ],
            [
              100.107514,
              17.388495
            ],
            [
              100.086355,
              17.37698
            ],
            [
              100.080089,
              17.374823
            ],
            [
              100.072358,
              17.369737
            ],
            [
              100.069428,
              17.357774
            ],
            [
              100.070242,
              17.333279
            ],
            [
              100.073822,
              17.314154
            ],
            [
              100.087169,
              17.283962
            ],
            [
              100.090017,
              17.268744
            ],
            [
              100.084727,
              17.251003
            ],
            [
              100.07366,
              17.237901
            ],
            [
              100.063975,
              17.223741
            ],
            [
              100.063406,
              17.202948
            ],
            [
              100.077566,
              17.172471
            ],
            [
              100.101654,
              17.143663
            ],
            [
              100.166596,
              17.084988
            ],
            [
              100.177257,
              17.070258
            ],
            [
              100.180268,
              17.056749
            ],
            [
              100.165131,
              17.052069
            ],
            [
              100.165131,
              17.045925
            ],
            [
              100.176687,
              17.041449
            ],
            [
              100.199962,
              17.024766
            ],
            [
              100.199962,
              17.018581
            ],
            [
              100.18629,
              17.018581
            ],
            [
              100.18629,
              17.011094
            ],
            [
              100.201182,
              17.001492
            ],
            [
              100.208018,
              16.988227
            ],
            [
              100.212576,
              16.972846
            ],
            [
              100.22047,
              16.956488
            ],
            [
              100.206716,
              16.956488
            ],
            [
              100.206716,
              16.949734
            ],
            [
              100.217459,
              16.943956
            ],
            [
              100.218842,
              16.934516
            ],
            [
              100.217703,
              16.922431
            ],
            [
              100.22047,
              16.908718
            ],
            [
              100.224132,
              16.906317
            ],
            [
              100.237641,
              16.902615
            ],
            [
              100.240896,
              16.901231
            ],
            [
              100.248464,
              16.874579
            ],
            [
              100.247813,
              16.869656
            ],
            [
              100.243582,
              16.866238
            ],
            [
              100.239757,
              16.861884
            ],
            [
              100.240896,
              16.854071
            ],
            [
              100.258067,
              16.848456
            ],
            [
              100.261974,
              16.846625
            ],
            [
              100.268484,
              16.838324
            ],
            [
              100.27239,
              16.830878
            ],
            [
              100.272878,
              16.822943
            ],
            [
              100.268891,
              16.813096
            ],
            [
              100.259369,
              16.804958
            ],
            [
              100.248546,
              16.803412
            ],
            [
              100.237234,
              16.803249
            ],
            [
              100.227306,
              16.798896
            ],
            [
              100.217703,
              16.786933
            ],
            [
              100.216889,
              16.777696
            ],
            [
              100.237804,
              16.74018
            ],
            [
              100.282481,
              16.682807
            ],
            [
              100.277273,
              16.67418
            ],
            [
              100.274994,
              16.669135
            ],
            [
              100.268891,
              16.669135
            ],
            [
              100.254893,
              16.676622
            ],
            [
              100.253917,
              16.66059
            ],
            [
              100.261974,
              16.624457
            ],
            [
              100.260834,
              16.612982
            ],
            [
              100.255789,
              16.593573
            ],
            [
              100.254649,
              16.583523
            ],
            [
              100.256114,
              16.572211
            ],
            [
              100.261974,
              16.550889
            ],
            [
              100.261974,
              16.538153
            ],
            [
              100.271495,
              16.542548
            ],
            [
              100.274994,
              16.544989
            ],
            [
              100.279307,
              16.539171
            ],
            [
              100.281505,
              16.53266
            ],
            [
              100.282481,
              16.514594
            ],
            [
              100.286713,
              16.510118
            ],
            [
              100.296153,
              16.51142
            ],
            [
              100.305593,
              16.516059
            ],
            [
              100.313975,
              16.525743
            ],
            [
              100.322846,
              16.524685
            ],
            [
              100.332123,
              16.521104
            ],
            [
              100.337169,
              16.518337
            ],
            [
              100.339122,
              16.509711
            ],
            [
              100.336518,
              16.486843
            ],
            [
              100.337169,
              16.477362
            ],
            [
              100.344656,
              16.461859
            ],
            [
              100.381847,
              16.418728
            ],
            [
              100.390391,
              16.403022
            ],
            [
              100.388438,
              16.38935
            ],
            [
              100.384044,
              16.373969
            ],
            [
              100.384858,
              16.353217
            ],
            [
              100.388927,
              16.35102
            ],
            [
              100.396007,
              16.351182
            ],
            [
              100.402924,
              16.348253
            ],
            [
              100.408132,
              16.326361
            ],
            [
              100.417003,
              16.307969
            ],
            [
              100.418956,
              16.302029
            ],
            [
              100.425873,
              16.250515
            ],
            [
              100.426524,
              16.230292
            ],
            [
              100.423595,
              16.210273
            ],
            [
              100.414643,
              16.181912
            ],
            [
              100.402761,
              16.110948
            ],
            [
              100.405935,
              16.099921
            ],
            [
              100.405935,
              16.093126
            ],
            [
              100.388764,
              16.067694
            ],
            [
              100.375255,
              16.037787
            ],
            [
              100.356456,
              16.009792
            ],
            [
              100.323416,
              15.990098
            ],
            [
              100.327403,
              15.980821
            ],
            [
              100.320567,
              15.969835
            ],
            [
              100.302989,
              15.949164
            ],
            [
              100.299815,
              15.937323
            ],
            [
              100.296153,
              15.897284
            ],
            [
              100.288666,
              15.889716
            ],
            [
              100.25587,
              15.875027
            ],
            [
              100.248464,
              15.863796
            ],
            [
              100.250987,
              15.835761
            ],
            [
              100.247488,
              15.825629
            ],
            [
              100.234793,
              15.818793
            ],
            [
              100.236746,
              15.815985
            ],
            [
              100.237234,
              15.814887
            ],
            [
              100.238048,
              15.814032
            ],
            [
              100.240896,
              15.811957
            ],
            [
              100.240896,
              15.805732
            ],
            [
              100.23821,
              15.8039
            ],
            [
              100.236746,
              15.804023
            ],
            [
              100.235769,
              15.803087
            ],
            [
              100.234793,
              15.798285
            ],
            [
              100.227306,
              15.798285
            ],
            [
              100.225108,
              15.802802
            ],
            [
              100.222179,
              15.807685
            ],
            [
              100.22047,
              15.811957
            ],
            [
              100.214285,
              15.811957
            ],
            [
              100.217459,
              15.802314
            ],
            [
              100.22462,
              15.7956
            ],
            [
              100.231619,
              15.7921
            ],
            [
              100.234793,
              15.7921
            ],
            [
              100.232921,
              15.781562
            ],
            [
              100.228038,
              15.77851
            ],
            [
              100.222992,
              15.77615
            ],
            [
              100.22047,
              15.767605
            ],
            [
              100.217296,
              15.762397
            ],
            [
              100.203136,
              15.756903
            ],
            [
              100.199962,
              15.753933
            ],
            [
              100.196381,
              15.754665
            ],
            [
              100.188569,
              15.747829
            ],
            [
              100.18157,
              15.739773
            ],
            [
              100.179454,
              15.736884
            ],
            [
              100.140717,
              15.70657
            ]
          ]
        ]
      }
    },
    {
      "type": "Feature",
      "properties": {
        "dissolve": "40River",
        "scalerank": 2.0,
        "featurecla": "River",
        "name": "Lancang",
        "name_alt": "Mekong",
        "rivernum": 40,
        "note": null,
        "min_zoom": 2.1,
        "name_en": "Mekong",
        "min_label": 3.1
      },
      "bbox": [
        96.941335,
        17.81391,
        102.246511,
        31.965522
      ],
      "geometry": {
        "type": "MultiLineString",
        "coordinates": [
          [
            [
              96.941335,
              31.965522
            ],
            [
              96.959483,
              31.952094
            ],
            [
              96.974701,
              31.932481
            ],
            [
              96.989757,
              31.922553
            ],
            [
              96.994884,
              31.913682
            ],
            [
              96.992117,
              31.870673
            ],
            [
              96.992931,
              31.854926
            ],
            [
              96.999115,
              31.845974
            ],
            [
              97.01588,
              31.834174
            ],
            [
              97.020763,
              31.826972
            ],
            [
              97.014578,
              31.799994
            ],
            [
              97.013276,
              31.78913
            ],
            [
              97.017589,
              31.767117
            ],
            [
              97.028738,
              31.752387
            ],
            [
              97.061697,
              31.723944
            ],
            [
              97.072195,
              31.710761
            ],
            [
              97.08074,
              31.694607
            ],
            [
              97.086843,
              31.675157
            ],
            [
              97.089122,
              31.611274
            ],
            [
              97.093191,
              31.600653
            ],
            [
              97.102794,
              31.59752
            ],
            [
              97.114024,
              31.596991
            ],
            [
              97.123139,
              31.594265
            ],
            [
              97.128022,
              31.58751
            ],
            [
              97.135753,
              31.568874
            ],
            [
              97.143647,
              31.559434
            ],
            [
              97.167979,
              31.548855
            ],
            [
              97.180105,
              31.540961
            ],
            [
              97.188487,
              31.522325
            ],
            [
              97.202647,
              31.504218
            ],
            [
              97.20574,
              31.494574
            ],
            [
              97.203868,
              31.482733
            ],
            [
              97.194591,
              31.462592
            ],
            [
              97.191498,
              31.449571
            ],
            [
              97.208018,
              31.392401
            ],
            [
              97.216075,
              31.378241
            ],
            [
              97.219005,
              31.371283
            ],
            [
              97.220714,
              31.35989
            ],
            [
              97.220714,
              31.348009
            ],
            [
              97.219493,
              31.339708
            ],
            [
              97.211843,
              31.328396
            ],
            [
              97.203868,
              31.325466
            ],
            [
              97.195242,
              31.324774
            ],
            [
              97.185313,
              31.320502
            ],
            [
              97.161062,
              31.289171
            ],
            [
              97.157237,
              31.281684
            ],
            [
              97.159597,
              31.270128
            ],
            [
              97.169444,
              31.2508
            ],
            [
              97.174327,
              31.230577
            ],
            [
              97.180675,
              31.221218
            ],
            [
              97.195242,
              31.206895
            ],
            [
              97.200206,
              31.196397
            ],
            [
              97.198334,
              31.185492
            ],
            [
              97.193858,
              31.174994
            ],
            [
              97.191498,
              31.165961
            ],
            [
              97.192149,
              31.129665
            ],
            [
              97.198171,
              31.085232
            ],
            [
              97.215424,
              31.047675
            ],
            [
              97.250092,
              31.031846
            ],
            [
              97.269216,
              31.028103
            ],
            [
              97.289073,
              31.018988
            ],
            [
              97.321788,
              30.997097
            ],
            [
              97.36142,
              30.952948
            ],
            [
              97.376964,
              30.943142
            ],
            [
              97.372,
              30.933173
            ],
            [
              97.370209,
              30.902167
            ],
            [
              97.357595,
              30.870714
            ],
            [
              97.355968,
              30.857123
            ],
            [
              97.357432,
              30.794298
            ],
            [
              97.362804,
              30.771796
            ],
            [
              97.37851,
              30.731879
            ],
            [
              97.399099,
              30.701483
            ],
            [
              97.427338,
              30.677191
            ],
            [
              97.482188,
              30.645372
            ],
            [
              97.524099,
              30.603868
            ],
            [
              97.554617,
              30.583116
            ],
            [
              97.557628,
              30.581814
            ],
            [
              97.629405,
              30.452419
            ],
            [
              97.66448,
              30.405829
            ],
            [
              97.670665,
              30.400092
            ],
            [
              97.678722,
              30.395046
            ],
            [
              97.713471,
              30.388943
            ],
            [
              97.723074,
              30.384141
            ],
            [
              97.781749,
              30.332343
            ],
            [
              97.810069,
              30.299913
            ],
            [
              97.827891,
              30.284288
            ],
            [
              97.846202,
              30.277696
            ],
            [
              97.852306,
              30.27558
            ],
            [
              97.862885,
              30.269965
            ],
            [
              97.872976,
              30.262397
            ],
            [
              97.877371,
              30.254177
            ],
            [
              97.879487,
              30.239529
            ],
            [
              97.885265,
              30.234931
            ],
            [
              97.893972,
              30.233832
            ],
            [
              97.904063,
              30.229926
            ],
            [
              97.936941,
              30.205512
            ],
            [
              97.947765,
              30.18891
            ],
            [
              97.951752,
              30.165107
            ],
            [
              97.965831,
              30.155829
            ],
            [
              97.975515,
              30.14765
            ],
            [
              97.979747,
              30.137478
            ],
            [
              97.981375,
              30.131537
            ],
            [
              97.985362,
              30.128363
            ],
            [
              97.990896,
              30.127143
            ],
            [
              97.996755,
              30.126899
            ],
            [
              98.001557,
              30.123969
            ],
            [
              97.999766,
              30.117377
            ],
            [
              97.993337,
              30.107042
            ],
            [
              98.004975,
              30.063096
            ],
            [
              98.015717,
              30.041327
            ],
            [
              98.030935,
              30.031928
            ],
            [
              98.042979,
              30.021267
            ],
            [
              98.051768,
              29.997178
            ],
            [
              98.061615,
              29.956163
            ],
            [
              98.073822,
              29.940863
            ],
            [
              98.089936,
              29.924831
            ],
            [
              98.104096,
              29.906195
            ],
            [
              98.110037,
              29.883612
            ],
            [
              98.113292,
              29.875434
            ],
            [
              98.134288,
              29.849718
            ],
            [
              98.138601,
              29.840684
            ],
            [
              98.140391,
              29.819892
            ],
            [
              98.144216,
              29.812201
            ],
            [
              98.161713,
              29.807074
            ],
            [
              98.210053,
              29.804267
            ],
            [
              98.2199,
              29.794786
            ],
            [
              98.225108,
              29.781806
            ],
            [
              98.260834,
              29.723456
            ],
            [
              98.339285,
              29.638861
            ],
            [
              98.348155,
              29.623358
            ],
            [
              98.34962,
              29.599921
            ],
            [
              98.343435,
              29.572699
            ],
            [
              98.343435,
              29.565782
            ],
            [
              98.346202,
              29.554551
            ],
            [
              98.36142,
              29.51378
            ],
            [
              98.397472,
              29.453884
            ],
            [
              98.404226,
              29.445095
            ],
            [
              98.409597,
              29.435614
            ],
            [
              98.411632,
              29.424872
            ],
            [
              98.416026,
              29.417182
            ],
            [
              98.434662,
              29.408311
            ],
            [
              98.439057,
              29.397284
            ],
            [
              98.436941,
              29.386664
            ],
            [
              98.433197,
              29.375515
            ],
            [
              98.431407,
              29.365017
            ],
            [
              98.435313,
              29.356309
            ],
            [
              98.443614,
              29.351996
            ],
            [
              98.473155,
              29.342637
            ],
            [
              98.479015,
              29.327094
            ],
            [
              98.492686,
              29.31037
            ],
            [
              98.53769,
              29.269232
            ],
            [
              98.547944,
              29.256619
            ],
            [
              98.568858,
              29.223212
            ],
            [
              98.614024,
              29.167914
            ],
            [
              98.631602,
              29.159532
            ],
            [
              98.628347,
              29.140163
            ],
            [
              98.610362,
              29.103095
            ],
            [
              98.604991,
              29.08336
            ],
            [
              98.584076,
              29.045193
            ],
            [
              98.583018,
              29.023953
            ],
            [
              98.592784,
              29.008409
            ],
            [
              98.607514,
              28.996283
            ],
            [
              98.620535,
              28.982774
            ],
            [
              98.624034,
              28.963162
            ],
            [
              98.634288,
              28.944159
            ],
            [
              98.638113,
              28.930487
            ],
            [
              98.638438,
              28.878607
            ],
            [
              98.641531,
              28.870917
            ],
            [
              98.654307,
              28.855048
            ],
            [
              98.654796,
              28.850165
            ],
            [
              98.652761,
              28.844916
            ],
            [
              98.651378,
              28.835883
            ],
            [
              98.652843,
              28.825507
            ],
            [
              98.656505,
              28.818956
            ],
            [
              98.660818,
              28.813178
            ],
            [
              98.66505,
              28.804796
            ],
            [
              98.677826,
              28.756944
            ],
            [
              98.680186,
              28.724392
            ],
            [
              98.685476,
              28.708604
            ],
            [
              98.702729,
              28.670925
            ],
            [
              98.774913,
              28.572089
            ],
            [
              98.780935,
              28.555854
            ],
            [
              98.790538,
              28.514594
            ],
            [
              98.799083,
              28.499783
            ],
            [
              98.812266,
              28.483954
            ],
            [
              98.834483,
              28.441759
            ],
            [
              98.850597,
              28.401475
            ],
            [
              98.862397,
              28.357042
            ],
            [
              98.864268,
              28.335557
            ],
            [
              98.860932,
              28.319851
            ],
            [
              98.846446,
              28.285753
            ],
            [
              98.843028,
              28.270453
            ],
            [
              98.8449,
              28.250312
            ],
            [
              98.850108,
              28.225043
            ],
            [
              98.857921,
              28.200954
            ],
            [
              98.884776,
              28.150662
            ],
            [
              98.90683,
              28.128852
            ],
            [
              98.912608,
              28.119574
            ],
            [
              98.914561,
              28.096259
            ],
            [
              98.901947,
              28.053982
            ],
            [
              98.898448,
              28.033962
            ],
            [
              98.901134,
              28.011013
            ],
            [
              98.908621,
              27.993516
            ],
            [
              98.932546,
              27.96129
            ],
            [
              99.018972,
              27.883816
            ],
            [
              99.034923,
              27.852078
            ],
            [
              99.036388,
              27.84044
            ],
            [
              99.034923,
              27.817939
            ],
            [
              99.037364,
              27.812079
            ],
            [
              99.042003,
              27.808132
            ],
            [
              99.048595,
              27.804958
            ],
            [
              99.048269,
              27.797471
            ],
            [
              99.043061,
              27.786404
            ],
            [
              99.04184,
              27.780382
            ],
            [
              99.044688,
              27.772162
            ],
            [
              99.050792,
              27.765408
            ],
            [
              99.054861,
              27.759385
            ],
            [
              99.047293,
              27.743476
            ],
            [
              99.05071,
              27.719306
            ],
            [
              99.048595,
              27.708075
            ],
            [
              99.038585,
              27.698106
            ],
            [
              99.027192,
              27.694119
            ],
            [
              99.016205,
              27.691962
            ],
            [
              99.007498,
              27.687567
            ],
            [
              99.003673,
              27.681098
            ],
            [
              98.99879,
              27.669501
            ],
            [
              98.997569,
              27.658393
            ],
            [
              99.004242,
              27.653428
            ],
            [
              99.008067,
              27.648708
            ],
            [
              99.011322,
              27.637559
            ],
            [
              99.014415,
              27.615587
            ],
            [
              99.017589,
              27.60578
            ],
            [
              99.031749,
              27.596503
            ],
            [
              99.034923,
              27.585232
            ],
            [
              99.030935,
              27.571641
            ],
            [
              99.022472,
              27.56623
            ],
            [
              99.013194,
              27.563503
            ],
            [
              99.007498,
              27.557888
            ],
            [
              99.009532,
              27.548285
            ],
            [
              99.028087,
              27.516303
            ],
            [
              99.031993,
              27.504747
            ],
            [
              99.037608,
              27.480048
            ],
            [
              99.04184,
              27.468533
            ],
            [
              99.065929,
              27.437201
            ],
            [
              99.069591,
              27.423774
            ],
            [
              99.072846,
              27.416775
            ],
            [
              99.087006,
              27.401801
            ],
            [
              99.090261,
              27.396796
            ],
            [
              99.090587,
              27.370551
            ],
            [
              99.093354,
              27.358344
            ],
            [
              99.100108,
              27.348415
            ],
            [
              99.10849,
              27.330349
            ],
            [
              99.110281,
              27.302843
            ],
            [
              99.10255,
              27.276882
            ],
            [
              99.082612,
              27.263007
            ],
            [
              99.088959,
              27.24254
            ],
            [
              99.098237,
              27.22488
            ],
            [
              99.112641,
              27.21247
            ],
            [
              99.134288,
              27.207831
            ],
            [
              99.146658,
              27.197699
            ],
            [
              99.17213,
              27.132676
            ],
            [
              99.165457,
              27.11754
            ],
            [
              99.16505,
              27.102322
            ],
            [
              99.166433,
              27.086697
            ],
            [
              99.165294,
              27.070624
            ],
            [
              99.16269,
              27.064765
            ],
            [
              99.154796,
              27.052802
            ],
            [
              99.151541,
              27.043972
            ],
            [
              99.149994,
              27.026801
            ],
            [
              99.150401,
              27.017198
            ],
            [
              99.151541,
              27.009792
            ],
            [
              99.177013,
              26.952745
            ],
            [
              99.18629,
              26.92239
            ],
            [
              99.185639,
              26.886298
            ],
            [
              99.183197,
              26.878038
            ],
            [
              99.170095,
              26.848456
            ],
            [
              99.163829,
              26.839626
            ],
            [
              99.161794,
              26.837917
            ],
            [
              99.157319,
              26.836005
            ],
            [
              99.15919,
              26.831855
            ],
            [
              99.165294,
              26.824815
            ],
            [
              99.140554,
              26.771674
            ],
            [
              99.13795,
              26.755927
            ],
            [
              99.141205,
              26.748114
            ],
            [
              99.154063,
              26.736599
            ],
            [
              99.158376,
              26.728624
            ],
            [
              99.159597,
              26.719265
            ],
            [
              99.130463,
              26.625596
            ],
            [
              99.136648,
              26.607123
            ],
            [
              99.126231,
              26.587104
            ],
            [
              99.111339,
              26.566718
            ],
            [
              99.103933,
              26.547065
            ],
            [
              99.110037,
              26.526475
            ],
            [
              99.138438,
              26.501899
            ],
            [
              99.144786,
              26.482204
            ],
            [
              99.142345,
              26.474636
            ],
            [
              99.132416,
              26.457587
            ],
            [
              99.130463,
              26.447455
            ],
            [
              99.142507,
              26.421413
            ],
            [
              99.144786,
              26.409939
            ],
            [
              99.141043,
              26.400255
            ],
            [
              99.133718,
              26.392035
            ],
            [
              99.129405,
              26.384141
            ],
            [
              99.140391,
              26.36579
            ],
            [
              99.143647,
              26.352607
            ],
            [
              99.144949,
              26.339789
            ],
            [
              99.144786,
              26.331366
            ],
            [
              99.14267,
              26.324571
            ],
            [
              99.134044,
              26.307074
            ],
            [
              99.130463,
              26.296658
            ],
            [
              99.13795,
              26.186794
            ],
            [
              99.130626,
              26.07335
            ],
            [
              99.13795,
              26.029731
            ],
            [
              99.148855,
              26.005642
            ],
            [
              99.151541,
              25.994981
            ],
            [
              99.152761,
              25.908311
            ],
            [
              99.156668,
              25.886542
            ],
            [
              99.165294,
              25.865831
            ],
            [
              99.167898,
              25.864081
            ],
            [
              99.171397,
              25.863471
            ],
            [
              99.175548,
              25.86225
            ],
            [
              99.178803,
              25.858425
            ],
            [
              99.183604,
              25.842475
            ],
            [
              99.1963,
              25.816596
            ],
            [
              99.202403,
              25.807156
            ],
            [
              99.209972,
              25.803168
            ],
            [
              99.217459,
              25.794501
            ],
            [
              99.254649,
              25.734931
            ],
            [
              99.267182,
              25.692247
            ],
            [
              99.274425,
              25.649604
            ],
            [
              99.281261,
              25.629706
            ],
            [
              99.297374,
              25.616889
            ],
            [
              99.336518,
              25.597724
            ],
            [
              99.343272,
              25.591864
            ],
            [
              99.350108,
              25.584093
            ],
            [
              99.355235,
              25.57628
            ],
            [
              99.357595,
              25.570421
            ],
            [
              99.356456,
              25.558173
            ],
            [
              99.351573,
              25.550645
            ],
            [
              99.346446,
              25.545356
            ],
            [
              99.344005,
              25.53974
            ],
            [
              99.33782,
              25.515815
            ],
            [
              99.336518,
              25.505235
            ],
            [
              99.33839,
              25.499945
            ],
            [
              99.347179,
              25.483466
            ],
            [
              99.35019,
              25.47488
            ],
            [
              99.35255,
              25.456366
            ],
            [
              99.351329,
              25.43891
            ],
            [
              99.344493,
              25.425564
            ],
            [
              99.329845,
              25.419623
            ],
            [
              99.313406,
              25.42475
            ],
            [
              99.302745,
              25.433661
            ],
            [
              99.297293,
              25.432969
            ],
            [
              99.294526,
              25.399848
            ],
            [
              99.289968,
              25.38935
            ],
            [
              99.288666,
              25.3817
            ],
            [
              99.292003,
              25.373562
            ],
            [
              99.306651,
              25.359565
            ],
            [
              99.309825,
              25.354763
            ],
            [
              99.313731,
              25.338446
            ],
            [
              99.323741,
              25.323065
            ],
            [
              99.367442,
              25.27851
            ],
            [
              99.413503,
              25.212185
            ],
            [
              99.435557,
              25.199286
            ],
            [
              99.472748,
              25.16531
            ],
            [
              99.480561,
              25.155829
            ],
            [
              99.48878,
              25.139472
            ],
            [
              99.508311,
              25.133368
            ],
            [
              99.530935,
              25.134101
            ],
            [
              99.548839,
              25.138454
            ],
            [
              99.558523,
              25.129096
            ],
            [
              99.579112,
              25.117784
            ],
            [
              99.60255,
              25.108262
            ],
            [
              99.620942,
              25.104315
            ],
            [
              99.635346,
              25.098904
            ],
            [
              99.648367,
              25.085395
            ],
            [
              99.730724,
              24.977647
            ],
            [
              99.74114,
              24.956977
            ],
            [
              99.745209,
              24.914089
            ],
            [
              99.754893,
              24.892035
            ],
            [
              99.765636,
              24.884345
            ],
            [
              99.8095,
              24.862413
            ],
            [
              99.826915,
              24.857856
            ],
            [
              99.83546,
              24.849799
            ],
            [
              99.864757,
              24.795762
            ],
            [
              99.892589,
              24.77143
            ],
            [
              99.926524,
              24.755805
            ],
            [
              99.965587,
              24.746527
            ],
            [
              100.076671,
              24.733425
            ],
            [
              100.101003,
              24.719062
            ],
            [
              100.116222,
              24.670966
            ],
            [
              100.128998,
              24.67475
            ],
            [
              100.142996,
              24.688666
            ],
            [
              100.156749,
              24.707221
            ],
            [
              100.163178,
              24.718126
            ],
            [
              100.168956,
              24.723822
            ],
            [
              100.17628,
              24.72838
            ],
            [
              100.189708,
              24.732774
            ],
            [
              100.210216,
              24.745917
            ],
            [
              100.22934,
              24.751166
            ],
            [
              100.281505,
              24.757392
            ],
            [
              100.306244,
              24.76793
            ],
            [
              100.323416,
              24.76911
            ],
            [
              100.372081,
              24.750922
            ],
            [
              100.381847,
              24.74494
            ],
            [
              100.392507,
              24.735785
            ],
            [
              100.417084,
              24.719265
            ],
            [
              100.426524,
              24.707058
            ],
            [
              100.423595,
              24.703192
            ],
            [
              100.418956,
              24.693427
            ],
            [
              100.433523,
              24.690741
            ],
            [
              100.437104,
              24.681464
            ],
            [
              100.433197,
              24.655544
            ],
            [
              100.439708,
              24.646593
            ],
            [
              100.467865,
              24.626899
            ],
            [
              100.474294,
              24.614285
            ],
            [
              100.47877,
              24.607937
            ],
            [
              100.500662,
              24.587592
            ],
            [
              100.508393,
              24.576117
            ],
            [
              100.511241,
              24.561591
            ],
            [
              100.510753,
              24.53559
            ],
            [
              100.515229,
              24.522732
            ],
            [
              100.524343,
              24.516547
            ],
            [
              100.535818,
              24.514675
            ],
            [
              100.545828,
              24.510606
            ],
            [
              100.55714,
              24.476182
            ],
            [
              100.557058,
              24.465277
            ],
            [
              100.546641,
              24.460639
            ],
            [
              100.527354,
              24.448432
            ],
            [
              100.516775,
              24.420111
            ],
            [
              100.515229,
              24.388007
            ],
            [
              100.522716,
              24.364447
            ],
            [
              100.517833,
              24.350409
            ],
            [
              100.516531,
              24.27143
            ],
            [
              100.528819,
              24.206732
            ],
            [
              100.530935,
              24.162706
            ],
            [
              100.519542,
              24.122585
            ],
            [
              100.493907,
              24.091986
            ],
            [
              100.453868,
              24.076443
            ],
            [
              100.412852,
              24.076443
            ],
            [
              100.403087,
              24.073269
            ],
            [
              100.381847,
              24.062771
            ],
            [
              100.381847,
              24.051703
            ],
            [
              100.392345,
              23.980251
            ],
            [
              100.406668,
              23.935614
            ],
            [
              100.407481,
              23.915961
            ],
            [
              100.395518,
              23.894843
            ],
            [
              100.379487,
              23.882758
            ],
            [
              100.339692,
              23.85989
            ],
            [
              100.323416,
              23.843695
            ],
            [
              100.28948,
              23.764838
            ],
            [
              100.271983,
              23.754259
            ],
            [
              100.255382,
              23.740668
            ],
            [
              100.199962,
              23.668647
            ],
            [
              100.197195,
              23.660671
            ],
            [
              100.179454,
              23.631415
            ],
            [
              100.138601,
              23.47309
            ],
            [
              100.134044,
              23.467353
            ],
            [
              100.120209,
              23.454169
            ],
            [
              100.117442,
              23.449246
            ],
            [
              100.104421,
              23.411689
            ],
            [
              100.074311,
              23.360867
            ],
            [
              100.070242,
              23.346788
            ],
            [
              100.072276,
              23.329698
            ],
            [
              100.081391,
              23.293321
            ],
            [
              100.083263,
              23.27143
            ],
            [
              100.077403,
              23.25377
            ],
            [
              100.050548,
              23.22724
            ],
            [
              100.042979,
              23.212429
            ],
            [
              100.095876,
              23.17121
            ],
            [
              100.114024,
              23.165229
            ],
            [
              100.120046,
              23.155097
            ],
            [
              100.142996,
              23.071316
            ],
            [
              100.146658,
              23.065212
            ],
            [
              100.161388,
              23.060736
            ],
            [
              100.181895,
              23.04975
            ],
            [
              100.18629,
              23.044867
            ],
            [
              100.192963,
              23.030707
            ],
            [
              100.208588,
              23.013739
            ],
            [
              100.226736,
              23.002997
            ],
            [
              100.240896,
              23.007636
            ],
            [
              100.248464,
              23.007636
            ],
            [
              100.257091,
              22.970771
            ],
            [
              100.261974,
              22.959174
            ],
            [
              100.269054,
              22.949652
            ],
            [
              100.274343,
              22.948269
            ],
            [
              100.296153,
              22.959174
            ],
            [
              100.29184,
              22.915554
            ],
            [
              100.300873,
              22.878852
            ],
            [
              100.354991,
              22.790961
            ],
            [
              100.361827,
              22.776801
            ],
            [
              100.365489,
              22.746161
            ],
            [
              100.370128,
              22.72663
            ],
            [
              100.371186,
              22.716498
            ],
            [
              100.362804,
              22.68244
            ],
            [
              100.364513,
              22.67182
            ],
            [
              100.368337,
              22.670437
            ],
            [
              100.392345,
              22.657538
            ],
            [
              100.402273,
              22.649766
            ],
            [
              100.437755,
              22.612006
            ],
            [
              100.512706,
              22.551703
            ],
            [
              100.533295,
              22.53974
            ],
            [
              100.553396,
              22.534613
            ],
            [
              100.567882,
              22.526923
            ],
            [
              100.572683,
              22.50906
            ],
            [
              100.570567,
              22.473212
            ],
            [
              100.574962,
              22.450954
            ],
            [
              100.574718,
              22.437567
            ],
            [
              100.566824,
              22.431586
            ],
            [
              100.564057,
              22.425401
            ],
            [
              100.573171,
              22.411933
            ],
            [
              100.585053,
              22.398871
            ],
            [
              100.590912,
              22.393744
            ],
            [
              100.595144,
              22.386542
            ],
            [
              100.625092,
              22.363349
            ],
            [
              100.646658,
              22.326606
            ],
            [
              100.659272,
              22.314887
            ],
            [
              100.639659,
              22.309394
            ],
            [
              100.631358,
              22.306098
            ],
            [
              100.625092,
              22.301866
            ],
            [
              100.61378,
              22.288398
            ],
            [
              100.609304,
              22.27851
            ],
            [
              100.615245,
              22.273953
            ],
            [
              100.637625,
              22.262478
            ],
            [
              100.660818,
              22.259101
            ],
            [
              100.671153,
              22.255927
            ],
            [
              100.679454,
              22.251532
            ],
            [
              100.699474,
              22.237087
            ],
            [
              100.702566,
              22.231391
            ],
            [
              100.709972,
              22.209052
            ],
            [
              100.713878,
              22.174913
            ],
            [
              100.717052,
              22.168647
            ],
            [
              100.731212,
              22.151435
            ],
            [
              100.734386,
              22.140489
            ],
            [
              100.731212,
              22.132758
            ],
            [
              100.724294,
              22.125108
            ],
            [
              100.71933,
              22.117377
            ],
            [
              100.720714,
              22.109483
            ],
            [
              100.730968,
              22.10871
            ],
            [
              100.757253,
              22.098904
            ],
            [
              100.777924,
              22.087592
            ],
            [
              100.762625,
              22.071723
            ],
            [
              100.771414,
              22.048774
            ],
            [
              100.795909,
              22.013861
            ],
            [
              100.803966,
              22.010362
            ],
            [
              100.820811,
              22.009304
            ],
            [
              100.830577,
              22.007025
            ],
            [
              100.855724,
              21.989529
            ],
            [
              100.867279,
              21.983466
            ],
            [
              100.870372,
              21.975653
            ],
            [
              100.871511,
              21.955512
            ],
            [
              100.874522,
              21.943793
            ],
            [
              100.881765,
              21.937445
            ],
            [
              100.89088,
              21.932644
            ],
            [
              100.899506,
              21.925116
            ],
            [
              100.905935,
              21.913601
            ],
            [
              100.910085,
              21.900824
            ],
            [
              100.912527,
              21.873318
            ],
            [
              100.917898,
              21.860948
            ],
            [
              100.929861,
              21.853583
            ],
            [
              100.941905,
              21.849229
            ],
            [
              100.947276,
              21.846259
            ],
            [
              101.029796,
              21.849392
            ],
            [
              101.067393,
              21.828925
            ],
            [
              101.070811,
              21.822537
            ],
            [
              101.06837,
              21.808417
            ],
            [
              101.068858,
              21.794379
            ],
            [
              101.081065,
              21.78795
            ],
            [
              101.108002,
              21.791449
            ],
            [
              101.173839,
              21.815253
            ],
            [
              101.181244,
              21.796942
            ],
            [
              101.163097,
              21.784044
            ],
            [
              101.118663,
              21.766872
            ],
            [
              101.118663,
              21.760037
            ],
            [
              101.124522,
              21.744412
            ],
            [
              101.127371,
              21.695339
            ],
            [
              101.135916,
              21.684923
            ],
            [
              101.148855,
              21.676947
            ],
            [
              101.161143,
              21.658555
            ],
            [
              101.168468,
              21.638007
            ],
            [
              101.166433,
              21.623481
            ],
            [
              101.173595,
              21.612128
            ],
            [
              101.167247,
              21.600409
            ],
            [
              101.157481,
              21.586453
            ],
            [
              101.153901,
              21.568223
            ],
            [
              101.158702,
              21.552843
            ],
            [
              101.160818,
              21.534857
            ],
            [
              101.15683,
              21.519884
            ],
            [
              101.142833,
              21.513617
            ],
            [
              101.003184,
              21.406195
            ],
            [
              100.909679,
              21.360297
            ],
            [
              100.895763,
              21.355984
            ],
            [
              100.862071,
              21.323513
            ],
            [
              100.851085,
              21.315009
            ],
            [
              100.814138,
              21.300401
            ],
            [
              100.791596,
              21.297553
            ],
            [
              100.772227,
              21.30447
            ],
            [
              100.764659,
              21.309394
            ],
            [
              100.756358,
              21.312608
            ],
            [
              100.747488,
              21.31448
            ],
            [
              100.738048,
              21.315009
            ],
            [
              100.725108,
              21.311876
            ],
            [
              100.72169,
              21.3039
            ],
            [
              100.722179,
              21.292914
            ],
            [
              100.720714,
              21.280829
            ],
            [
              100.689138,
              21.159532
            ],
            [
              100.637218,
              21.069892
            ],
            [
              100.625092,
              21.054267
            ],
            [
              100.606456,
              21.044135
            ],
            [
              100.561534,
              21.035264
            ],
            [
              100.543061,
              21.027615
            ],
            [
              100.555593,
              21.000067
            ],
            [
              100.556895,
              20.992255
            ],
            [
              100.551687,
              20.985541
            ],
            [
              100.53297,
              20.97366
            ],
            [
              100.528819,
              20.968614
            ],
            [
              100.526785,
              20.94713
            ],
            [
              100.517345,
              20.906521
            ],
            [
              100.515229,
              20.886746
            ],
            [
              100.533946,
              20.874091
            ],
            [
              100.622569,
              20.888739
            ],
            [
              100.651785,
              20.883002
            ],
            [
              100.651785,
              20.876776
            ],
            [
              100.626231,
              20.853705
            ],
            [
              100.598562,
              20.833686
            ],
            [
              100.568614,
              20.817979
            ],
            [
              100.536388,
              20.807888
            ],
            [
              100.513113,
              20.807237
            ],
            [
              100.47047,
              20.818468
            ],
            [
              100.383393,
              20.831895
            ],
            [
              100.364513,
              20.828396
            ],
            [
              100.350841,
              20.815497
            ],
            [
              100.341726,
              20.799669
            ],
            [
              100.329275,
              20.7862
            ],
            [
              100.289806,
              20.775214
            ],
            [
              100.274343,
              20.762234
            ],
            [
              100.248464,
              20.732204
            ],
            [
              100.221446,
              20.709784
            ],
            [
              100.210948,
              20.697577
            ],
            [
              100.206716,
              20.680976
            ],
            [
              100.202078,
              20.668077
            ],
            [
              100.179698,
              20.638373
            ],
            [
              100.172537,
              20.622341
            ],
            [
              100.172537,
              20.609239
            ],
            [
              100.15976,
              20.582872
            ],
            [
              100.148855,
              20.548285
            ],
            [
              100.136322,
              20.459418
            ],
            [
              100.127045,
              20.428046
            ],
            [
              100.124929,
              20.406602
            ],
            [
              100.120697,
              20.388983
            ],
            [
              100.11085,
              20.375067
            ],
            [
              100.099294,
              20.362413
            ],
            [
              100.09669,
              20.348578
            ],
            [
              100.097179,
              20.33515
            ],
            [
              100.098888,
              20.317979
            ],
            [
              100.096934,
              20.283393
            ],
            [
              100.10255,
              20.26378
            ],
            [
              100.116222,
              20.248236
            ],
            [
              100.134288,
              20.239285
            ],
            [
              100.152192,
              20.239325
            ],
            [
              100.16741,
              20.253852
            ],
            [
              100.166921,
              20.292792
            ],
            [
              100.175955,
              20.300808
            ],
            [
              100.17921,
              20.30268
            ],
            [
              100.201427,
              20.310492
            ],
            [
              100.206716,
              20.311347
            ],
            [
              100.208914,
              20.313178
            ],
            [
              100.22047,
              20.349189
            ],
            [
              100.240001,
              20.372992
            ],
            [
              100.27003,
              20.392035
            ],
            [
              100.306082,
              20.399848
            ],
            [
              100.344005,
              20.390163
            ],
            [
              100.363862,
              20.369167
            ],
            [
              100.421397,
              20.250312
            ],
            [
              100.447032,
              20.218207
            ],
            [
              100.451752,
              20.210476
            ],
            [
              100.45696,
              20.196601
            ],
            [
              100.460704,
              20.190945
            ],
            [
              100.468354,
              20.185899
            ],
            [
              100.485281,
              20.178982
            ],
            [
              100.488455,
              20.173529
            ],
            [
              100.496023,
              20.165107
            ],
            [
              100.512462,
              20.155463
            ],
            [
              100.528819,
              20.14997
            ],
            [
              100.536388,
              20.153673
            ],
            [
              100.54184,
              20.166938
            ],
            [
              100.554698,
              20.170356
            ],
            [
              100.570404,
              20.167996
            ],
            [
              100.584239,
              20.163601
            ],
            [
              100.594493,
              20.128363
            ],
            [
              100.584239,
              20.012763
            ],
            [
              100.593028,
              19.819403
            ],
            [
              100.601573,
              19.802843
            ],
            [
              100.621674,
              19.810411
            ],
            [
              100.631928,
              19.815945
            ],
            [
              100.641775,
              19.816474
            ],
            [
              100.655528,
              19.813544
            ],
            [
              100.668875,
              19.81505
            ],
            [
              100.678233,
              19.818793
            ],
            [
              100.748546,
              19.858018
            ],
            [
              100.779552,
              19.884874
            ],
            [
              100.792084,
              19.891059
            ],
            [
              100.805919,
              19.892035
            ],
            [
              100.927989,
              19.873318
            ],
            [
              100.974539,
              19.859565
            ],
            [
              101.009369,
              19.834052
            ],
            [
              101.013113,
              19.841132
            ],
            [
              101.019542,
              19.850165
            ],
            [
              101.02239,
              19.85574
            ],
            [
              101.029796,
              19.85574
            ],
            [
              101.043224,
              19.840888
            ],
            [
              101.059581,
              19.845893
            ],
            [
              101.084402,
              19.86876
            ],
            [
              101.109386,
              19.885688
            ],
            [
              101.118663,
              19.889268
            ],
            [
              101.131358,
              19.888739
            ],
            [
              101.142019,
              19.883857
            ],
            [
              101.150401,
              19.878241
            ],
            [
              101.169526,
              19.869005
            ],
            [
              101.23463,
              19.827826
            ],
            [
              101.257904,
              19.821357
            ],
            [
              101.5595,
              19.823513
            ],
            [
              101.596934,
              19.831366
            ],
            [
              101.618907,
              19.85574
            ],
            [
              101.606863,
              19.863145
            ],
            [
              101.619395,
              19.874457
            ],
            [
              101.641124,
              19.884792
            ],
            [
              101.656342,
              19.889268
            ],
            [
              101.666515,
              19.895087
            ],
            [
              101.695811,
              19.922309
            ],
            [
              101.707612,
              19.930854
            ],
            [
              101.748057,
              19.941189
            ],
            [
              101.829275,
              19.948065
            ],
            [
              101.865245,
              19.957546
            ],
            [
              101.898692,
              19.979356
            ],
            [
              101.950206,
              20.034206
            ],
            [
              101.974539,
              20.053738
            ],
            [
              101.992198,
              20.059597
            ],
            [
              102.04713,
              20.053738
            ],
            [
              102.063569,
              20.058173
            ],
            [
              102.119151,
              20.088487
            ],
            [
              102.15797,
              20.092231
            ],
            [
              102.190684,
              20.080675
            ],
            [
              102.216807,
              20.057481
            ],
            [
              102.23585,
              20.026435
            ],
            [
              102.246511,
              19.988105
            ],
            [
              102.240896,
              19.958808
            ],
            [
              102.222341,
              19.935818
            ],
            [
              102.194265,
              19.916571
            ],
            [
              102.184988,
              19.91238
            ],
            [
              102.16741,
              19.906765
            ],
            [
              102.160167,
              19.902899
            ],
            [
              102.141531,
              19.879259
            ],
            [
              102.136241,
              19.875596
            ],
            [
              102.127208,
              19.873481
            ],
            [
              102.117686,
              19.864081
            ],
            [
              102.10849,
              19.861925
            ],
            [
              102.085948,
              19.860216
            ],
            [
              102.045421,
              19.851996
            ],
            [
              102.038829,
              19.848822
            ],
            [
              102.029796,
              19.841498
            ],
            [
              102.023855,
              19.832058
            ],
            [
              102.011648,
              19.805935
            ],
            [
              102.00587,
              19.800482
            ],
            [
              101.993175,
              19.794379
            ],
            [
              101.893565,
              19.705634
            ],
            [
              101.885753,
              19.687201
            ],
            [
              101.87672,
              19.679389
            ],
            [
              101.835541,
              19.657986
            ],
            [
              101.824311,
              19.649685
            ],
            [
              101.814952,
              19.615017
            ],
            [
              101.816742,
              19.481513
            ],
            [
              101.820893,
              19.467149
            ],
            [
              101.829112,
              19.454128
            ],
            [
              101.841319,
              19.440863
            ],
            [
              101.856944,
              19.43122
            ],
            [
              101.896414,
              19.414374
            ],
            [
              101.906261,
              19.403266
            ],
            [
              101.899425,
              19.393419
            ],
            [
              101.866222,
              19.360297
            ],
            [
              101.858409,
              19.344916
            ],
            [
              101.853282,
              19.325466
            ],
            [
              101.830333,
              19.292304
            ],
            [
              101.824311,
              19.27912
            ],
            [
              101.823985,
              19.260199
            ],
            [
              101.830577,
              19.200954
            ],
            [
              101.828705,
              19.180772
            ],
            [
              101.820323,
              19.147284
            ],
            [
              101.808604,
              19.032579
            ],
            [
              101.804861,
              19.021267
            ],
            [
              101.803152,
              19.010565
            ],
            [
              101.806895,
              19.002021
            ],
            [
              101.812266,
              18.99433
            ],
            [
              101.814952,
              18.985053
            ],
            [
              101.816905,
              18.964423
            ],
            [
              101.815929,
              18.94127
            ],
            [
              101.805675,
              18.904161
            ],
            [
              101.803233,
              18.885606
            ],
            [
              101.808849,
              18.870307
            ],
            [
              101.851003,
              18.826687
            ],
            [
              101.861746,
              18.793402
            ],
            [
              101.85434,
              18.763373
            ],
            [
              101.824311,
              18.703721
            ],
            [
              101.819591,
              18.682685
            ],
            [
              101.815115,
              18.640815
            ],
            [
              101.810639,
              18.621853
            ],
            [
              101.779307,
              18.568874
            ],
            [
              101.763764,
              18.549587
            ],
            [
              101.742605,
              18.502265
            ],
            [
              101.732188,
              18.491482
            ],
            [
              101.729991,
              18.488471
            ],
            [
              101.707612,
              18.471015
            ],
            [
              101.696056,
              18.466742
            ],
            [
              101.683197,
              18.464423
            ],
            [
              101.670665,
              18.465359
            ],
            [
              101.65976,
              18.471015
            ],
            [
              101.644542,
              18.457628
            ],
            [
              101.626394,
              18.421169
            ],
            [
              101.615164,
              18.405544
            ],
            [
              101.593028,
              18.390937
            ],
            [
              101.577729,
              18.385077
            ],
            [
              101.574229,
              18.375759
            ],
            [
              101.573416,
              18.364447
            ],
            [
              101.571056,
              18.354926
            ],
            [
              101.561534,
              18.341335
            ],
            [
              101.546967,
              18.325385
            ],
            [
              101.529877,
              18.312079
            ],
            [
              101.512462,
              18.306505
            ],
            [
              101.490489,
              18.303046
            ],
            [
              101.481212,
              18.293809
            ],
            [
              101.476166,
              18.280707
            ],
            [
              101.467377,
              18.26557
            ],
            [
              101.420828,
              18.214708
            ],
            [
              101.40325,
              18.182196
            ],
            [
              101.399099,
              18.141425
            ],
            [
              101.404307,
              18.127794
            ],
            [
              101.422944,
              18.096381
            ],
            [
              101.427013,
              18.084011
            ],
            [
              101.433197,
              18.012315
            ],
            [
              101.430919,
              17.982611
            ],
            [
              101.424571,
              17.954657
            ],
            [
              101.423595,
              17.9289
            ],
            [
              101.444835,
              17.894884
            ],
            [
              101.449474,
              17.884833
            ],
            [
              101.456391,
              17.877387
            ],
            [
              101.471202,
              17.874538
            ],
            [
              101.495372,
              17.879096
            ],
            [
              101.504242,
              17.875841
            ],
            [
              101.509044,
              17.860867
            ],
            [
              101.515717,
              17.860867
            ],
            [
              101.523204,
              17.866645
            ],
            [
              101.537364,
              17.873603
            ],
            [
              101.551199,
              17.87519
            ],
            [
              101.557384,
              17.864569
            ],
            [
              101.554698,
              17.857123
            ],
            [
              101.536794,
              17.826728
            ],
            [
              101.536794,
              17.820502
            ],
            [
              101.543468,
              17.815538
            ],
            [
              101.550222,
              17.81391
            ],
            [
              101.557058,
              17.815538
            ],
            [
              101.563569,
              17.820502
            ]
          ]
        ]
      }
    },
    {
      "type": "Feature",
      "properties": {
        "dissolve": "420Lake Centerline",
        "scalerank": 7.0,
        "featurecla": "Lake Centerline",
        "name": "Ping",
        "name_alt": null,
        "rivernum": 420,
        "note": null,
        "min_zoom": 6.0,
        "name_en": "Ping",
        "min_label": 7.0
      },
      "bbox": [
        98.894216,
        17.235867,
        98.958751,
        17.387315
      ],
      "geometry": {
        "type": "MultiLineString",
        "coordinates": [
          [
            [
              98.8956,
              17.387315
            ],
            [
              98.894216,
              17.373155
            ],
            [
              98.897553,
              17.346951
            ],
            [
              98.919932,
              17.303494
            ],
            [
              98.932384,
              17.248847
            ],
            [
              98.94866,
              17.235867
            ],
            [
              98.958507,
              17.237657
            ],
            [
              98.958751,
              17.237657
            ]
          ]
        ]
      }
    },
    {
      "type": "Feature",
      "properties": {
        "dissolve": "420River",
        "scalerank": 7.0,
        "featurecla": "River",
        "name": "Ping",
        "name_alt": null,
        "rivernum": 420,
        "note": null,
        "min_zoom": 6.0,
        "name_en": "Ping",
        "min_label": 7.0
      },
      "bbox": [
        98.59669,
        15.716376,
        100.158946,
        19.780056
      ],
      "geometry": {
        "type": "MultiLineString",
        "coordinates": [
          [
            [
              98.864268,
              19.780056
            ],
            [
              98.882335,
              19.770697
            ],
            [
              98.892589,
              19.753241
            ],
            [
              98.897227,
              19.731228
            ],
            [
              98.898448,
              19.708035
            ],
            [
              98.901541,
              19.69713
            ],
            [
              98.915619,
              19.680447
            ],
            [
              98.918875,
              19.673896
            ],
            [
              98.917735,
              19.640001
            ],
            [
              98.918875,
              19.629218
            ],
            [
              98.923269,
              19.615831
            ],
            [
              98.940522,
              19.582831
            ],
            [
              98.949799,
              19.570868
            ],
            [
              98.953543,
              19.5633
            ],
            [
              98.959483,
              19.537909
            ],
            [
              98.96046,
              19.529608
            ],
            [
              98.961843,
              19.516221
            ],
            [
              98.965261,
              19.509467
            ],
            [
              98.969737,
              19.504991
            ],
            [
              98.97405,
              19.498847
            ],
            [
              98.988048,
              19.466173
            ],
            [
              98.995535,
              19.434149
            ],
            [
              98.993744,
              19.398464
            ],
            [
              98.962901,
              19.312323
            ],
            [
              98.960053,
              19.288153
            ],
            [
              98.9699,
              19.269232
            ],
            [
              98.976003,
              19.254096
            ],
            [
              98.980398,
              19.183539
            ],
            [
              98.998464,
              19.149685
            ],
            [
              99.004324,
              19.129706
            ],
            [
              98.997325,
              19.111884
            ],
            [
              98.976573,
              19.099473
            ],
            [
              98.959483,
              19.096055
            ],
            [
              98.95045,
              19.087755
            ],
            [
              99.000011,
              18.786729
            ],
            [
              98.983653,
              18.679999
            ],
            [
              98.977306,
              18.670233
            ],
            [
              98.964773,
              18.662218
            ],
            [
              98.962901,
              18.643175
            ],
            [
              98.965912,
              18.601345
            ],
            [
              98.958507,
              18.583197
            ],
            [
              98.93214,
              18.545518
            ],
            [
              98.92628,
              18.528998
            ],
            [
              98.834239,
              18.484809
            ],
            [
              98.793875,
              18.453396
            ],
            [
              98.774913,
              18.443061
            ],
            [
              98.715587,
              18.430772
            ],
            [
              98.699718,
              18.422553
            ],
            [
              98.707774,
              18.412706
            ],
            [
              98.708425,
              18.40115
            ],
            [
              98.704031,
              18.389228
            ],
            [
              98.6963,
              18.378485
            ],
            [
              98.691173,
              18.3664
            ],
            [
              98.695567,
              18.35578
            ],
            [
              98.702729,
              18.346259
            ],
            [
              98.706554,
              18.337226
            ],
            [
              98.702159,
              18.333319
            ],
            [
              98.675873,
              18.303087
            ],
            [
              98.670421,
              18.298855
            ],
            [
              98.66212,
              18.297553
            ],
            [
              98.658214,
              18.292263
            ],
            [
              98.656993,
              18.286322
            ],
            [
              98.657644,
              18.274848
            ],
            [
              98.645112,
              18.250759
            ],
            [
              98.640554,
              18.226874
            ],
            [
              98.637706,
              18.129706
            ],
            [
              98.634288,
              18.126085
            ],
            [
              98.624034,
              18.135199
            ],
            [
              98.618907,
              18.125841
            ],
            [
              98.618337,
              18.116807
            ],
            [
              98.622569,
              18.108262
            ],
            [
              98.63087,
              18.10045
            ],
            [
              98.623953,
              18.098904
            ],
            [
              98.622488,
              18.09748
            ],
            [
              98.622,
              18.097602
            ],
            [
              98.617768,
              18.10045
            ],
            [
              98.605561,
              18.08808
            ],
            [
              98.601003,
              18.081488
            ],
            [
              98.59669,
              18.073757
            ],
            [
              98.616791,
              18.074408
            ],
            [
              98.617931,
              18.062323
            ],
            [
              98.615245,
              18.044013
            ],
            [
              98.624034,
              18.025946
            ],
            [
              98.60906,
              18.020128
            ],
            [
              98.603526,
              18.01911
            ],
            [
              98.603526,
              18.012315
            ],
            [
              98.615326,
              18.01203
            ],
            [
              98.623546,
              18.007676
            ],
            [
              98.62851,
              18.000515
            ],
            [
              98.63087,
              17.991807
            ],
            [
              98.6338,
              17.995307
            ],
            [
              98.641205,
              18.001492
            ],
            [
              98.644542,
              18.004828
            ],
            [
              98.653575,
              17.989814
            ],
            [
              98.665538,
              17.980048
            ],
            [
              98.674083,
              17.97073
            ],
            [
              98.673106,
              17.957099
            ],
            [
              98.665701,
              17.957099
            ],
            [
              98.646658,
              17.94477
            ],
            [
              98.632823,
              17.93004
            ],
            [
              98.641124,
              17.922919
            ],
            [
              98.645763,
              17.920762
            ],
            [
              98.648204,
              17.915554
            ],
            [
              98.651378,
              17.902452
            ],
            [
              98.649913,
              17.900946
            ],
            [
              98.645518,
              17.88935
            ],
            [
              98.644542,
              17.885077
            ],
            [
              98.646414,
              17.881537
            ],
            [
              98.650808,
              17.881903
            ],
            [
              98.655365,
              17.883083
            ],
            [
              98.658214,
              17.881944
            ],
            [
              98.669363,
              17.841824
            ],
            [
              98.694916,
              17.800238
            ],
            [
              98.703136,
              17.78266
            ],
            [
              98.710948,
              17.752061
            ],
            [
              98.740733,
              17.710639
            ],
            [
              98.745372,
              17.697821
            ],
            [
              98.745372,
              17.684272
            ],
            [
              98.736908,
              17.673529
            ],
            [
              98.716401,
              17.669053
            ],
            [
              98.704845,
              17.663886
            ],
            [
              98.698985,
              17.651801
            ],
            [
              98.699474,
              17.637966
            ],
            [
              98.706554,
              17.627509
            ],
            [
              98.699636,
              17.609646
            ],
            [
              98.702647,
              17.594184
            ],
            [
              98.709239,
              17.579413
            ],
            [
              98.71282,
              17.563544
            ],
            [
              98.71282,
              17.494656
            ],
            [
              98.70753,
              17.477607
            ],
            [
              98.698009,
              17.462348
            ],
            [
              98.692393,
              17.446885
            ],
            [
              98.699718,
              17.429511
            ],
            [
              98.715587,
              17.419745
            ],
            [
              98.729096,
              17.42414
            ],
            [
              98.747488,
              17.443142
            ],
            [
              98.781668,
              17.464301
            ],
            [
              98.817556,
              17.474189
            ],
            [
              98.85377,
              17.469346
            ],
            [
              98.888194,
              17.44656
            ],
            [
              98.900076,
              17.430528
            ],
            [
              98.903901,
              17.416287
            ],
            [
              98.902354,
              17.402533
            ],
            [
              98.898855,
              17.39411
            ],
            [
              98.8956,
              17.387315
            ]
          ],
          [
            [
              98.958507,
              17.237657
            ],
            [
              98.97405,
              17.237657
            ],
            [
              99.004487,
              17.238552
            ],
            [
              99.014415,
              17.237657
            ],
            [
              99.025401,
              17.233466
            ],
            [
              99.052257,
              17.217149
            ],
            [
              99.060964,
              17.205512
            ],
            [
              99.085541,
              17.150906
            ],
            [
              99.090261,
              17.13406
            ],
            [
              99.081065,
              17.123155
            ],
            [
              99.064138,
              17.108466
            ],
            [
              99.052745,
              17.090399
            ],
            [
              99.059093,
              17.06977
            ],
            [
              99.107188,
              17.004665
            ],
            [
              99.117442,
              16.983832
            ],
            [
              99.119721,
              16.961005
            ],
            [
              99.10963,
              16.951199
            ],
            [
              99.09669,
              16.941514
            ],
            [
              99.090261,
              16.919257
            ],
            [
              99.094005,
              16.909288
            ],
            [
              99.103038,
              16.902126
            ],
            [
              99.120942,
              16.891384
            ],
            [
              99.128184,
              16.880805
            ],
            [
              99.13795,
              16.846625
            ],
            [
              99.156993,
              16.813544
            ],
            [
              99.186453,
              16.783271
            ],
            [
              99.254649,
              16.730577
            ],
            [
              99.286225,
              16.695258
            ],
            [
              99.35377,
              16.64704
            ],
            [
              99.367931,
              16.641872
            ],
            [
              99.391775,
              16.628201
            ],
            [
              99.402192,
              16.628445
            ],
            [
              99.419851,
              16.633165
            ],
            [
              99.429454,
              16.634385
            ],
            [
              99.445079,
              16.62519
            ],
            [
              99.461843,
              16.604519
            ],
            [
              99.475108,
              16.582384
            ],
            [
              99.480561,
              16.5692
            ],
            [
              99.481863,
              16.561591
            ],
            [
              99.497569,
              16.518988
            ],
            [
              99.523204,
              16.468451
            ],
            [
              99.536632,
              16.448432
            ],
            [
              99.548839,
              16.436347
            ],
            [
              99.540619,
              16.413845
            ],
            [
              99.560313,
              16.390082
            ],
            [
              99.591401,
              16.370551
            ],
            [
              99.617686,
              16.360663
            ],
            [
              99.655284,
              16.354112
            ],
            [
              99.666515,
              16.345649
            ],
            [
              99.67921,
              16.326524
            ],
            [
              99.705333,
              16.270087
            ],
            [
              99.740245,
              16.222724
            ],
            [
              99.754405,
              16.20836
            ],
            [
              99.79127,
              16.193549
            ],
            [
              99.800385,
              16.173448
            ],
            [
              99.803233,
              16.151679
            ],
            [
              99.803315,
              16.137803
            ],
            [
              99.861339,
              16.075751
            ],
            [
              99.874278,
              16.058458
            ],
            [
              99.880382,
              16.041693
            ],
            [
              99.879405,
              16.023953
            ],
            [
              99.871593,
              16.00373
            ],
            [
              99.892589,
              15.987576
            ],
            [
              99.97405,
              15.949164
            ],
            [
              100.034923,
              15.909247
            ],
            [
              100.063243,
              15.881374
            ],
            [
              100.063406,
              15.860378
            ],
            [
              100.081065,
              15.841986
            ],
            [
              100.088878,
              15.815497
            ],
            [
              100.090017,
              15.767605
            ],
            [
              100.098399,
              15.754462
            ],
            [
              100.117931,
              15.739081
            ],
            [
              100.158946,
              15.716376
            ]
          ]
        ]
      }
    },
    {
      "type": "Feature",
      "properties": {
        "dissolve": "46River",
        "scalerank": 2.0,
        "featurecla": "River",
        "name": "Mekong",
        "name_alt": null,
        "rivernum": 46,
        "note": null,
        "min_zoom": 2.1,
        "name_en": "Mekong",
        "min_label": 3.1
      },
      "bbox": [
        101.563569,
        10.004991,
        106.118663,
        18.441677
      ],
      "geometry": {
        "type": "MultiLineString",
        "coordinates": [
          [
            [
              103.090343,
              18.13703
            ],
            [
              103.088634,
              18.135037
            ],
            [
              103.109874,
              18.141954
            ],
            [
              103.126475,
              18.152045
            ],
            [
              103.138194,
              18.166856
            ],
            [
              103.144786,
              18.188178
            ],
            [
              103.150645,
              18.221706
            ],
            [
              103.156993,
              18.237169
            ],
            [
              103.167898,
              18.249945
            ],
            [
              103.17628,
              18.255072
            ],
            [
              103.184825,
              18.257921
            ],
            [
              103.214773,
              18.262478
            ],
            [
              103.236339,
              18.270209
            ],
            [
              103.273041,
              18.276231
            ],
            [
              103.286143,
              18.280544
            ],
            [
              103.295014,
              18.28795
            ],
            [
              103.29599,
              18.297065
            ],
            [
              103.29005,
              18.305365
            ],
            [
              103.24822,
              18.332831
            ],
            [
              103.239757,
              18.336208
            ],
            [
              103.237722,
              18.341742
            ],
            [
              103.235037,
              18.345486
            ],
            [
              103.233165,
              18.349473
            ],
            [
              103.23349,
              18.356024
            ],
            [
              103.243663,
              18.380316
            ],
            [
              103.260509,
              18.400417
            ],
            [
              103.282156,
              18.415717
            ],
            [
              103.30657,
              18.425849
            ],
            [
              103.386241,
              18.441677
            ],
            [
              103.396251,
              18.441596
            ],
            [
              103.451101,
              18.425482
            ],
            [
              103.469656,
              18.422187
            ],
            [
              103.474294,
              18.422309
            ],
            [
              103.48878,
              18.424628
            ],
            [
              103.497325,
              18.423936
            ],
            [
              103.522878,
              18.417914
            ],
            [
              103.548432,
              18.415595
            ],
            [
              103.606619,
              18.40058
            ],
            [
              103.621023,
              18.390937
            ],
            [
              103.629649,
              18.383409
            ],
            [
              103.638194,
              18.378201
            ],
            [
              103.695242,
              18.35338
            ],
            [
              103.708751,
              18.349921
            ],
            [
              103.766694,
              18.346869
            ],
            [
              103.784272,
              18.344102
            ],
            [
              103.800955,
              18.338446
            ],
            [
              103.816905,
              18.330593
            ],
            [
              103.831716,
              18.320868
            ],
            [
              103.841807,
              18.309272
            ],
            [
              103.848399,
              18.296576
            ],
            [
              103.857432,
              18.286648
            ],
            [
              103.873546,
              18.283474
            ],
            [
              103.88087,
              18.284613
            ],
            [
              103.885509,
              18.287177
            ],
            [
              103.889252,
              18.291327
            ],
            [
              103.893321,
              18.297431
            ],
            [
              103.90976,
              18.315497
            ],
            [
              103.929128,
              18.327745
            ],
            [
              103.950857,
              18.333197
            ],
            [
              103.975027,
              18.330878
            ],
            [
              103.999766,
              18.318671
            ],
            [
              104.018321,
              18.299343
            ],
            [
              104.068126,
              18.215603
            ],
            [
              104.110606,
              18.114814
            ],
            [
              104.122,
              18.095486
            ],
            [
              104.135265,
              18.079901
            ],
            [
              104.197765,
              18.025743
            ],
            [
              104.21046,
              18.008857
            ],
            [
              104.254812,
              17.915147
            ],
            [
              104.263927,
              17.884833
            ],
            [
              104.269949,
              17.874213
            ],
            [
              104.277843,
              17.864854
            ],
            [
              104.287201,
              17.856879
            ],
            [
              104.352306,
              17.819525
            ],
            [
              104.367442,
              17.800727
            ],
            [
              104.389903,
              17.757392
            ],
            [
              104.404552,
              17.740098
            ],
            [
              104.408621,
              17.733913
            ],
            [
              104.411388,
              17.727566
            ],
            [
              104.417491,
              17.707831
            ],
            [
              104.421886,
              17.699978
            ],
            [
              104.451671,
              17.666124
            ],
            [
              104.480886,
              17.64057
            ],
            [
              104.63616,
              17.56269
            ],
            [
              104.654552,
              17.55622
            ],
            [
              104.70224,
              17.527533
            ],
            [
              104.714285,
              17.515448
            ],
            [
              104.733897,
              17.487128
            ],
            [
              104.749278,
              17.458319
            ],
            [
              104.756358,
              17.450141
            ],
            [
              104.764415,
              17.444648
            ],
            [
              104.781261,
              17.435411
            ],
            [
              104.788585,
              17.429226
            ],
            [
              104.792247,
              17.423692
            ],
            [
              104.81601,
              17.372992
            ],
            [
              104.81894,
              17.361274
            ],
            [
              104.819835,
              17.349066
            ],
            [
              104.81601,
              17.30032
            ],
            [
              104.817963,
              17.240424
            ],
            [
              104.813975,
              17.1942
            ],
            [
              104.8095,
              17.17182
            ],
            [
              104.744884,
              17.02501
            ],
            [
              104.740001,
              17.002753
            ],
            [
              104.749278,
              16.910956
            ],
            [
              104.752859,
              16.90001
            ],
            [
              104.762543,
              16.879218
            ],
            [
              104.766043,
              16.868354
            ],
            [
              104.766775,
              16.856309
            ],
            [
              104.765066,
              16.844835
            ],
            [
              104.757904,
              16.82213
            ],
            [
              104.755951,
              16.810004
            ],
            [
              104.756602,
              16.798651
            ],
            [
              104.778087,
              16.71601
            ],
            [
              104.778575,
              16.705105
            ],
            [
              104.777273,
              16.6942
            ],
            [
              104.763194,
              16.656928
            ],
            [
              104.752859,
              16.615017
            ],
            [
              104.748057,
              16.572089
            ],
            [
              104.749034,
              16.549506
            ],
            [
              104.754242,
              16.52912
            ],
            [
              104.76474,
              16.511542
            ],
            [
              104.782319,
              16.497341
            ],
            [
              104.838634,
              16.467882
            ],
            [
              104.855072,
              16.454291
            ],
            [
              104.868582,
              16.438666
            ],
            [
              104.879242,
              16.422065
            ],
            [
              104.887299,
              16.40412
            ],
            [
              104.896658,
              16.372911
            ],
            [
              104.901378,
              16.362616
            ],
            [
              104.907725,
              16.353583
            ],
            [
              104.91684,
              16.345771
            ],
            [
              104.943777,
              16.331
            ],
            [
              104.951752,
              16.324571
            ],
            [
              104.971283,
              16.304511
            ],
            [
              104.979015,
              16.298855
            ],
            [
              105.007091,
              16.283759
            ],
            [
              105.015147,
              16.276882
            ],
            [
              105.025971,
              16.257839
            ],
            [
              105.029307,
              16.236151
            ],
            [
              105.028575,
              16.191677
            ],
            [
              105.032319,
              16.165473
            ],
            [
              105.042247,
              16.141669
            ],
            [
              105.057872,
              16.121365
            ],
            [
              105.078868,
              16.105658
            ],
            [
              105.237071,
              16.050971
            ],
            [
              105.247081,
              16.049343
            ],
            [
              105.288259,
              16.047634
            ],
            [
              105.404552,
              16.018988
            ],
            [
              105.414154,
              16.015448
            ],
            [
              105.421641,
              16.010077
            ],
            [
              105.423432,
              16.002387
            ],
            [
              105.417735,
              15.99494
            ],
            [
              105.406993,
              15.989081
            ],
            [
              105.38616,
              15.980984
            ],
            [
              105.362234,
              15.955024
            ],
            [
              105.360362,
              15.919542
            ],
            [
              105.372081,
              15.882351
            ],
            [
              105.411713,
              15.799994
            ],
            [
              105.422455,
              15.784044
            ],
            [
              105.435313,
              15.771837
            ],
            [
              105.447765,
              15.765082
            ],
            [
              105.462006,
              15.763007
            ],
            [
              105.503184,
              15.766384
            ],
            [
              105.524994,
              15.763699
            ],
            [
              105.568126,
              15.749579
            ],
            [
              105.612641,
              15.721706
            ],
            [
              105.640717,
              15.682196
            ],
            [
              105.650483,
              15.634833
            ],
            [
              105.640391,
              15.583523
            ],
            [
              105.615896,
              15.52143
            ],
            [
              105.611827,
              15.49962
            ],
            [
              105.609955,
              15.457343
            ],
            [
              105.604015,
              15.439399
            ],
            [
              105.587983,
              15.424018
            ],
            [
              105.552419,
              15.402167
            ],
            [
              105.50587,
              15.387763
            ],
            [
              105.485932,
              15.375067
            ],
            [
              105.477061,
              15.353054
            ],
            [
              105.482921,
              15.334744
            ],
            [
              105.49879,
              15.324815
            ],
            [
              105.519054,
              15.321234
            ],
            [
              105.538178,
              15.321723
            ],
            [
              105.593354,
              15.331855
            ],
            [
              105.613862,
              15.329413
            ],
            [
              105.632498,
              15.320136
            ],
            [
              105.648204,
              15.305854
            ],
            [
              105.659679,
              15.28852
            ],
            [
              105.662527,
              15.279649
            ],
            [
              105.66505,
              15.252387
            ],
            [
              105.6692,
              15.240546
            ],
            [
              105.675548,
              15.229763
            ],
            [
              105.766694,
              15.132921
            ]
          ],
          [
            [
              101.563569,
              17.820502
            ],
            [
              101.570242,
              17.829128
            ],
            [
              101.574799,
              17.839952
            ],
            [
              101.57724,
              17.853095
            ],
            [
              101.57724,
              17.868272
            ],
            [
              101.600027,
              17.85456
            ],
            [
              101.61085,
              17.865749
            ],
            [
              101.619395,
              17.884833
            ],
            [
              101.635834,
              17.894965
            ],
            [
              101.72877,
              17.91238
            ],
            [
              101.732351,
              17.932196
            ],
            [
              101.756602,
              17.997992
            ],
            [
              101.765391,
              18.040473
            ],
            [
              101.773529,
              18.058783
            ],
            [
              101.790131,
              18.073757
            ],
            [
              101.796397,
              18.073757
            ],
            [
              101.805675,
              18.062567
            ],
            [
              101.8449,
              18.052314
            ],
            [
              101.883556,
              18.031073
            ],
            [
              101.903819,
              18.037299
            ],
            [
              102.070893,
              18.208686
            ],
            [
              102.078136,
              18.214057
            ],
            [
              102.153331,
              18.210313
            ],
            [
              102.171641,
              18.200507
            ],
            [
              102.178152,
              18.186225
            ],
            [
              102.181651,
              18.16946
            ],
            [
              102.191173,
              18.152289
            ],
            [
              102.221446,
              18.131781
            ],
            [
              102.22519,
              18.128363
            ],
            [
              102.232839,
              18.124376
            ],
            [
              102.256358,
              18.094265
            ],
            [
              102.306407,
              18.051622
            ],
            [
              102.336192,
              18.037218
            ],
            [
              102.366222,
              18.039008
            ],
            [
              102.384858,
              18.016221
            ],
            [
              102.412039,
              17.994412
            ],
            [
              102.445079,
              17.977891
            ],
            [
              102.481619,
              17.9713
            ],
            [
              102.567312,
              17.971015
            ],
            [
              102.599294,
              17.95539
            ],
            [
              102.611908,
              17.915473
            ],
            [
              102.595225,
              17.850287
            ],
            [
              102.5949,
              17.84101
            ],
            [
              102.608897,
              17.837226
            ],
            [
              102.660248,
              17.813056
            ],
            [
              102.682546,
              17.810329
            ],
            [
              102.682546,
              17.817572
            ],
            [
              102.673106,
              17.831895
            ],
            [
              102.667084,
              17.850287
            ],
            [
              102.672781,
              17.865546
            ],
            [
              102.686534,
              17.873643
            ],
            [
              102.721772,
              17.881944
            ],
            [
              102.737071,
              17.890652
            ],
            [
              102.773529,
              17.922919
            ],
            [
              102.831635,
              17.953396
            ],
            [
              102.837576,
              17.963935
            ],
            [
              102.852306,
              17.972235
            ],
            [
              102.938406,
              18.009101
            ],
            [
              102.9546,
              18.012315
            ],
            [
              102.972585,
              18.007921
            ],
            [
              103.003429,
              17.988715
            ],
            [
              103.02003,
              17.984402
            ],
            [
              103.037608,
              17.990912
            ],
            [
              103.049083,
              18.005154
            ],
            [
              103.057872,
              18.019477
            ],
            [
              103.067882,
              18.025946
            ],
            [
              103.072765,
              18.035753
            ],
            [
              103.064464,
              18.094265
            ],
            [
              103.065929,
              18.112494
            ],
            [
              103.071056,
              18.125759
            ],
            [
              103.079682,
              18.135037
            ],
            [
              103.092296,
              18.141425
            ]
          ],
          [
            [
              105.781749,
              15.120551
            ],
            [
              105.781505,
              15.121405
            ],
            [
              105.781179,
              15.122138
            ],
            [
              105.780772,
              15.122748
            ],
            [
              105.780203,
              15.123318
            ],
            [
              105.798839,
              15.111762
            ],
            [
              105.8178,
              15.103135
            ],
            [
              105.833914,
              15.091905
            ],
            [
              105.844249,
              15.072537
            ],
            [
              105.850108,
              15.050808
            ],
            [
              105.855072,
              15.041205
            ],
            [
              105.862885,
              15.032782
            ],
            [
              105.890066,
              15.012966
            ],
            [
              105.896983,
              15.003607
            ],
            [
              105.903087,
              14.981228
            ],
            [
              105.896251,
              14.911892
            ],
            [
              105.904307,
              14.867214
            ],
            [
              105.901947,
              14.834784
            ],
            [
              105.903087,
              14.824042
            ],
            [
              105.907481,
              14.813829
            ],
            [
              105.928396,
              14.788601
            ],
            [
              105.933686,
              14.777777
            ],
            [
              105.935476,
              14.766466
            ],
            [
              105.934581,
              14.75491
            ],
            [
              105.931895,
              14.743191
            ],
            [
              105.928152,
              14.732245
            ],
            [
              105.923106,
              14.721951
            ],
            [
              105.916921,
              14.71247
            ],
            [
              105.88323,
              14.680854
            ],
            [
              105.87672,
              14.671088
            ],
            [
              105.873139,
              14.659451
            ],
            [
              105.872488,
              14.647528
            ],
            [
              105.874034,
              14.623399
            ],
            [
              105.873057,
              14.610704
            ],
            [
              105.870209,
              14.598904
            ],
            [
              105.85255,
              14.55211
            ],
            [
              105.849213,
              14.527777
            ],
            [
              105.851329,
              14.47781
            ],
            [
              105.879893,
              14.35517
            ],
            [
              105.880056,
              14.322211
            ],
            [
              105.869884,
              14.291124
            ],
            [
              105.841807,
              14.230658
            ],
            [
              105.837494,
              14.213324
            ],
            [
              105.835948,
              14.195502
            ],
            [
              105.840017,
              14.172878
            ],
            [
              105.840261,
              14.165391
            ],
            [
              105.83782,
              14.157742
            ],
            [
              105.824474,
              14.137397
            ],
            [
              105.820811,
              14.12934
            ],
            [
              105.818126,
              14.120673
            ],
            [
              105.816417,
              14.11168
            ],
            [
              105.815929,
              14.102891
            ],
            [
              105.819347,
              14.086941
            ],
            [
              105.827078,
              14.07099
            ],
            [
              105.837576,
              14.056993
            ],
            [
              105.857595,
              14.041531
            ],
            [
              105.86321,
              14.035509
            ],
            [
              105.872813,
              14.021023
            ],
            [
              105.879405,
              14.013861
            ],
            [
              105.887136,
              14.010037
            ],
            [
              105.920095,
              14.004503
            ],
            [
              105.933523,
              14.00019
            ],
            [
              105.946056,
              13.99372
            ],
            [
              105.968272,
              13.976508
            ],
            [
              105.973074,
              13.971747
            ],
            [
              105.976329,
              13.966132
            ],
            [
              105.977957,
              13.958035
            ],
            [
              105.976573,
              13.950629
            ],
            [
              105.971446,
              13.935818
            ],
            [
              105.97226,
              13.919745
            ],
            [
              105.980479,
              13.908026
            ],
            [
              105.991466,
              13.897773
            ],
            [
              106.000662,
              13.885932
            ],
            [
              106.003347,
              13.876492
            ],
            [
              106.001475,
              13.868354
            ],
            [
              105.98585,
              13.844428
            ],
            [
              105.982351,
              13.835273
            ],
            [
              105.975027,
              13.797431
            ],
            [
              105.97519,
              13.778632
            ],
            [
              105.981293,
              13.761908
            ],
            [
              105.99464,
              13.749579
            ],
            [
              105.995616,
              13.745551
            ],
            [
              106.007091,
              13.738634
            ],
            [
              106.0171,
              13.727322
            ],
            [
              106.031668,
              13.702094
            ],
            [
              106.036713,
              13.686306
            ],
            [
              106.036794,
              13.671251
            ],
            [
              106.032644,
              13.656602
            ],
            [
              106.021007,
              13.633897
            ],
            [
              106.01946,
              13.625922
            ],
            [
              106.017833,
              13.608995
            ],
            [
              106.016368,
              13.602566
            ],
            [
              106.013764,
              13.597032
            ],
            [
              106.006847,
              13.586534
            ],
            [
              105.944265,
              13.513943
            ],
            [
              105.936046,
              13.496202
            ],
            [
              105.929128,
              13.466661
            ],
            [
              105.92571,
              13.457221
            ],
            [
              105.907725,
              13.423611
            ],
            [
              105.904877,
              13.40644
            ],
            [
              105.912364,
              13.38821
            ],
            [
              105.949311,
              13.350124
            ],
            [
              105.956391,
              13.332587
            ],
            [
              105.961029,
              13.269314
            ],
            [
              105.967784,
              13.248562
            ],
            [
              105.981375,
              13.229275
            ],
            [
              106.032156,
              13.183173
            ],
            [
              106.037852,
              13.174587
            ],
            [
              106.042735,
              13.164903
            ],
            [
              106.045909,
              13.154731
            ],
            [
              106.04713,
              13.144477
            ],
            [
              106.04599,
              13.135077
            ],
            [
              106.038097,
              13.107774
            ],
            [
              106.037201,
              13.085517
            ],
            [
              106.0442,
              13.044379
            ],
            [
              106.043061,
              13.03502
            ],
            [
              106.039236,
              13.02558
            ],
            [
              106.0206,
              12.997423
            ],
            [
              106.016612,
              12.986436
            ],
            [
              106.015066,
              12.945095
            ],
            [
              106.011322,
              12.93183
            ],
            [
              106.006765,
              12.924669
            ],
            [
              105.989268,
              12.907823
            ],
            [
              105.983409,
              12.899726
            ],
            [
              105.97462,
              12.880398
            ],
            [
              105.964692,
              12.851182
            ],
            [
              105.960134,
              12.830634
            ],
            [
              105.958914,
              12.809678
            ],
            [
              105.960948,
              12.788886
            ],
            [
              105.965831,
              12.775092
            ],
            [
              105.97405,
              12.763617
            ],
            [
              105.993744,
              12.74254
            ],
            [
              106.002615,
              12.728542
            ],
            [
              106.007335,
              12.713568
            ],
            [
              106.016775,
              12.598212
            ],
            [
              106.014903,
              12.582831
            ],
            [
              106.000011,
              12.53738
            ],
            [
              105.998057,
              12.523261
            ],
            [
              106.000011,
              12.509467
            ],
            [
              106.006928,
              12.495307
            ],
            [
              106.025076,
              12.468573
            ],
            [
              106.032481,
              12.454617
            ],
            [
              106.037527,
              12.438747
            ],
            [
              106.049734,
              12.345526
            ],
            [
              106.048106,
              12.331122
            ],
            [
              106.043956,
              12.316596
            ],
            [
              106.03712,
              12.301215
            ],
            [
              106.027599,
              12.286648
            ],
            [
              106.015636,
              12.274237
            ],
            [
              106.001069,
              12.265692
            ],
            [
              105.983328,
              12.261746
            ],
            [
              105.927826,
              12.265163
            ],
            [
              105.827159,
              12.254177
            ],
            [
              105.808849,
              12.25495
            ],
            [
              105.604096,
              12.30032
            ],
            [
              105.58782,
              12.299872
            ],
            [
              105.572032,
              12.294053
            ],
            [
              105.558442,
              12.282742
            ],
            [
              105.54835,
              12.26793
            ],
            [
              105.541433,
              12.251166
            ],
            [
              105.537201,
              12.233954
            ],
            [
              105.534923,
              12.207465
            ],
            [
              105.536388,
              12.194281
            ],
            [
              105.540131,
              12.181586
            ],
            [
              105.552664,
              12.162665
            ],
            [
              105.55714,
              12.152615
            ],
            [
              105.556651,
              12.141669
            ],
            [
              105.552989,
              12.135362
            ],
            [
              105.541921,
              12.125027
            ],
            [
              105.537608,
              12.118964
            ],
            [
              105.531505,
              12.097357
            ],
            [
              105.529226,
              12.075751
            ],
            [
              105.523692,
              12.055732
            ],
            [
              105.508393,
              12.038764
            ],
            [
              105.488862,
              12.026801
            ],
            [
              105.480479,
              12.019477
            ],
            [
              105.474539,
              12.009467
            ],
            [
              105.472097,
              11.998358
            ],
            [
              105.470225,
              11.96365
            ],
            [
              105.467377,
              11.953396
            ],
            [
              105.463308,
              11.943793
            ],
            [
              105.45753,
              11.935085
            ],
            [
              105.450287,
              11.927191
            ],
            [
              105.430919,
              11.914578
            ],
            [
              105.410492,
              11.910834
            ],
            [
              105.38974,
              11.91474
            ],
            [
              105.346609,
              11.934882
            ],
            [
              105.32545,
              11.936713
            ],
            [
              105.279389,
              11.928656
            ],
            [
              105.254812,
              11.929145
            ],
            [
              105.208018,
              11.941474
            ],
            [
              105.183523,
              11.940253
            ],
            [
              105.173839,
              11.937079
            ],
            [
              105.164236,
              11.932644
            ],
            [
              105.155528,
              11.926703
            ],
            [
              105.148529,
              11.919257
            ],
            [
              105.143972,
              11.910102
            ],
            [
              105.135916,
              11.87995
            ],
            [
              105.121674,
              11.859646
            ],
            [
              105.100841,
              11.849962
            ],
            [
              105.076589,
              11.84748
            ],
            [
              105.027843,
              11.850165
            ],
            [
              105.016124,
              11.849189
            ],
            [
              105.004405,
              11.845811
            ],
            [
              104.993256,
              11.839464
            ],
            [
              104.984386,
              11.83039
            ],
            [
              104.980398,
              11.819281
            ],
            [
              104.983816,
              11.806952
            ],
            [
              104.99407,
              11.797675
            ],
            [
              105.007498,
              11.789578
            ],
            [
              105.018321,
              11.780341
            ],
            [
              105.02003,
              11.767768
            ],
            [
              105.014659,
              11.758409
            ],
            [
              104.959972,
              11.708279
            ],
            [
              104.95224,
              11.697943
            ],
            [
              104.946788,
              11.685004
            ],
            [
              104.947032,
              11.673611
            ],
            [
              104.953624,
              11.649237
            ],
            [
              104.955007,
              11.63585
            ],
            [
              104.952403,
              11.594997
            ]
          ],
          [
            [
              104.950043,
              11.592556
            ],
            [
              104.951182,
              11.590481
            ]
          ],
          [
            [
              104.951182,
              11.590888
            ],
            [
              104.951182,
              11.590481
            ]
          ],
          [
            [
              104.951182,
              11.590481
            ],
            [
              104.956554,
              11.580675
            ],
            [
              104.964366,
              11.570014
            ],
            [
              104.973725,
              11.561062
            ],
            [
              104.985444,
              11.554145
            ],
            [
              105.043793,
              11.538764
            ],
            [
              105.066824,
              11.527208
            ],
            [
              105.088308,
              11.512763
            ],
            [
              105.111095,
              11.501003
            ],
            [
              105.134858,
              11.491726
            ],
            [
              105.157725,
              11.479519
            ],
            [
              105.250418,
              11.408759
            ],
            [
              105.258067,
              11.397528
            ],
            [
              105.263194,
              11.384101
            ],
            [
              105.268321,
              11.341335
            ],
            [
              105.289073,
              11.260525
            ],
            [
              105.290294,
              11.233018
            ],
            [
              105.28183,
              11.210273
            ],
            [
              105.249278,
              11.175482
            ],
            [
              105.236339,
              11.154893
            ],
            [
              105.221934,
              11.104071
            ],
            [
              105.199148,
              11.05036
            ],
            [
              105.193614,
              11.022284
            ],
            [
              105.194021,
              10.99433
            ],
            [
              105.215587,
              10.845282
            ],
            [
              105.219493,
              10.830186
            ],
            [
              105.227468,
              10.816718
            ],
            [
              105.241222,
              10.805854
            ],
            [
              105.257416,
              10.800849
            ],
            [
              105.303722,
              10.799099
            ],
            [
              105.314464,
              10.797065
            ],
            [
              105.324311,
              10.792914
            ],
            [
              105.332774,
              10.785753
            ],
            [
              105.347992,
              10.764716
            ],
            [
              105.35963,
              10.741523
            ],
            [
              105.377045,
              10.668809
            ],
            [
              105.378022,
              10.657904
            ],
            [
              105.375255,
              10.627468
            ],
            [
              105.378022,
              10.612128
            ],
            [
              105.386974,
              10.599189
            ],
            [
              105.402924,
              10.586941
            ],
            [
              105.503998,
              10.537543
            ],
            [
              105.514659,
              10.529731
            ],
            [
              105.523936,
              10.520372
            ],
            [
              105.531749,
              10.509101
            ],
            [
              105.549815,
              10.474311
            ],
            [
              105.557709,
              10.463935
            ],
            [
              105.566335,
              10.456366
            ],
            [
              105.631358,
              10.41706
            ],
            [
              105.644786,
              10.413194
            ],
            [
              105.686046,
              10.410712
            ],
            [
              105.699474,
              10.407782
            ],
            [
              105.711436,
              10.402289
            ],
            [
              105.72169,
              10.394599
            ],
            [
              105.766368,
              10.344306
            ],
            [
              105.782156,
              10.330675
            ],
            [
              105.799734,
              10.319688
            ],
            [
              105.847585,
              10.301622
            ],
            [
              105.897472,
              10.290229
            ],
            [
              105.954682,
              10.288438
            ],
            [
              105.984304,
              10.284125
            ],
            [
              106.072765,
              10.260565
            ],
            [
              106.100352,
              10.24905
            ],
            [
              106.118663,
              10.237576
            ]
          ],
          [
            [
              104.951182,
              11.590481
            ],
            [
              104.950857,
              11.587958
            ],
            [
              104.949229,
              11.581895
            ],
            [
              104.949229,
              11.579372
            ],
            [
              104.950043,
              11.576931
            ],
            [
              104.953136,
              11.572781
            ],
            [
              104.9546,
              11.57038
            ],
            [
              104.956472,
              11.564643
            ],
            [
              104.956716,
              11.558783
            ],
            [
              104.955496,
              11.553046
            ],
            [
              104.952647,
              11.547675
            ],
            [
              104.9428,
              11.536322
            ],
            [
              104.94044,
              11.531602
            ],
            [
              104.939464,
              11.526557
            ],
            [
              104.940115,
              11.510443
            ],
            [
              104.943289,
              11.494452
            ],
            [
              104.951427,
              11.48074
            ],
            [
              104.963471,
              11.470771
            ],
            [
              104.97934,
              11.465888
            ],
            [
              105.019135,
              11.464952
            ],
            [
              105.037364,
              11.459499
            ],
            [
              105.050385,
              11.444037
            ],
            [
              105.052257,
              11.43476
            ],
            [
              105.049571,
              11.426825
            ],
            [
              105.043875,
              11.419989
            ],
            [
              105.028087,
              11.407091
            ],
            [
              105.020763,
              11.399115
            ],
            [
              105.015636,
              11.389716
            ],
            [
              105.013682,
              11.378526
            ],
            [
              105.019216,
              11.359727
            ],
            [
              105.046641,
              11.33279
            ],
            [
              105.056651,
              11.316352
            ],
            [
              105.057872,
              11.299018
            ],
            [
              105.043956,
              11.245185
            ],
            [
              105.042979,
              11.23432
            ],
            [
              105.042979,
              11.224677
            ],
            [
              105.045665,
              11.215603
            ],
            [
              105.052257,
              11.20657
            ],
            [
              105.064871,
              11.19363
            ],
            [
              105.068777,
              11.18655
            ],
            [
              105.071218,
              11.176581
            ],
            [
              105.071218,
              11.051093
            ],
            [
              105.064382,
              11.0067
            ],
            [
              105.063975,
              10.995144
            ],
            [
              105.065115,
              10.98432
            ],
            [
              105.068614,
              10.973944
            ],
            [
              105.074799,
              10.964179
            ],
            [
              105.083263,
              10.955919
            ],
            [
              105.092052,
              10.951687
            ],
            [
              105.101654,
              10.949897
            ],
            [
              105.113292,
              10.949042
            ],
            [
              105.11321,
              10.930365
            ],
            [
              105.097341,
              10.898953
            ],
            [
              105.100027,
              10.881049
            ],
            [
              105.105724,
              10.870469
            ],
            [
              105.10906,
              10.861436
            ],
            [
              105.108897,
              10.85224
            ],
            [
              105.103445,
              10.841091
            ],
            [
              105.090017,
              10.823513
            ],
            [
              105.086355,
              10.813829
            ],
            [
              105.087983,
              10.803412
            ],
            [
              105.093679,
              10.794867
            ],
            [
              105.122976,
              10.762274
            ],
            [
              105.127859,
              10.753445
            ],
            [
              105.130626,
              10.743842
            ],
            [
              105.13323,
              10.721544
            ],
            [
              105.135265,
              10.711859
            ],
            [
              105.140147,
              10.703681
            ],
            [
              105.148855,
              10.697333
            ],
            [
              105.160818,
              10.692979
            ],
            [
              105.198009,
              10.684923
            ],
            [
              105.214366,
              10.674343
            ],
            [
              105.220225,
              10.659044
            ],
            [
              105.22405,
              10.622423
            ],
            [
              105.230479,
              10.606309
            ],
            [
              105.240815,
              10.590277
            ],
            [
              105.253347,
              10.575751
            ],
            [
              105.266612,
              10.564399
            ],
            [
              105.283295,
              10.558051
            ],
            [
              105.320567,
              10.553494
            ],
            [
              105.334727,
              10.54503
            ],
            [
              105.342459,
              10.529608
            ],
            [
              105.346934,
              10.477891
            ],
            [
              105.34962,
              10.471503
            ],
            [
              105.353038,
              10.466986
            ],
            [
              105.357514,
              10.463487
            ],
            [
              105.410818,
              10.434597
            ],
            [
              105.439138,
              10.414984
            ],
            [
              105.444347,
              10.409003
            ],
            [
              105.460134,
              10.3817
            ],
            [
              105.478038,
              10.361396
            ],
            [
              105.490489,
              10.350775
            ],
            [
              105.495697,
              10.348212
            ],
            [
              105.501557,
              10.336534
            ],
            [
              105.605398,
              10.228583
            ],
            [
              105.663503,
              10.147732
            ],
            [
              105.708995,
              10.108507
            ],
            [
              105.779226,
              10.064236
            ],
            [
              105.810964,
              10.036892
            ],
            [
              105.818289,
              10.028876
            ],
            [
              105.837983,
              10.004991
            ]
          ]
        ]
      }
    },
    {
      "type": "Feature",
      "properties": {
        "dissolve": "483River",
        "scalerank": 7.0,
        "featurecla": "River",
        "name": "Sreng",
        "name_alt": null,
        "rivernum": 483,
        "note": null,
        "min_zoom": 6.0,
        "name_en": "Sreng",
        "min_label": 7.0
      },
      "bbox": [
        103.40325,
        13.224677,
        104.264903,
        14.285834
      ],
      "geometry": {
        "type": "MultiLineString",
        "coordinates": [
          [
            [
              104.264903,
              14.260077
            ],
            [
              104.228526,
              14.280341
            ],
            [
              104.192149,
              14.285834
            ],
            [
              104.155284,
              14.279893
            ],
            [
              103.918793,
              14.177354
            ],
            [
              103.85019,
              14.148383
            ],
            [
              103.812755,
              14.124538
            ],
            [
              103.686534,
              13.995185
            ],
            [
              103.672374,
              13.985948
            ],
            [
              103.615896,
              13.96662
            ],
            [
              103.597667,
              13.957709
            ],
            [
              103.554617,
              13.922919
            ],
            [
              103.538585,
              13.914252
            ],
            [
              103.518647,
              13.909044
            ],
            [
              103.479503,
              13.904812
            ],
            [
              103.460541,
              13.900173
            ],
            [
              103.433035,
              13.887071
            ],
            [
              103.420339,
              13.871934
            ],
            [
              103.417491,
              13.850287
            ],
            [
              103.419688,
              13.806586
            ],
            [
              103.416921,
              13.773708
            ],
            [
              103.431407,
              13.715522
            ],
            [
              103.429698,
              13.697089
            ],
            [
              103.418468,
              13.675727
            ],
            [
              103.408702,
              13.663153
            ],
            [
              103.40325,
              13.648261
            ],
            [
              103.405284,
              13.428168
            ],
            [
              103.421886,
              13.382392
            ],
            [
              103.461192,
              13.35696
            ],
            [
              103.47169,
              13.357449
            ],
            [
              103.497651,
              13.36286
            ],
            [
              103.506114,
              13.362494
            ],
            [
              103.514171,
              13.353542
            ],
            [
              103.527192,
              13.311306
            ],
            [
              103.556895,
              13.278022
            ],
            [
              103.597992,
              13.256944
            ],
            [
              103.687429,
              13.224677
            ]
          ]
        ]
      }
    },
    {
      "type": "Feature",
      "properties": {
        "dissolve": "486River",
        "scalerank": 7.0,
        "featurecla": "River",
        "name": "Ou",
        "name_alt": null,
        "rivernum": 486,
        "note": null,
        "min_zoom": 6.0,
        "name_en": "Ou",
        "min_label": 7.0
      },
      "bbox": [
        101.750662,
        20.048651,
        102.769216,
        22.434149
      ],
      "geometry": {
        "type": "MultiLineString",
        "coordinates": [
          [
            [
              101.759288,
              22.434149
            ],
            [
              101.75294,
              22.421942
            ],
            [
              101.750662,
              22.405788
            ],
            [
              101.75294,
              22.374864
            ],
            [
              101.758881,
              22.3581
            ],
            [
              101.789073,
              22.311306
            ],
            [
              101.809825,
              22.258897
            ],
            [
              101.819021,
              22.210069
            ],
            [
              101.814952,
              22.162706
            ],
            [
              101.79599,
              22.114691
            ],
            [
              101.778819,
              22.070828
            ],
            [
              101.775483,
              22.044989
            ],
            [
              101.785167,
              22.030056
            ],
            [
              101.794444,
              22.030463
            ],
            [
              101.800792,
              22.036485
            ],
            [
              101.806082,
              22.044053
            ],
            [
              101.812266,
              22.049262
            ],
            [
              101.823416,
              22.052843
            ],
            [
              101.833588,
              22.054755
            ],
            [
              101.844168,
              22.054999
            ],
            [
              101.868256,
              22.052069
            ],
            [
              101.876394,
              22.051947
            ],
            [
              101.909679,
              22.061835
            ],
            [
              101.949474,
              22.06212
            ],
            [
              101.960867,
              22.064317
            ],
            [
              101.990652,
              22.078681
            ],
            [
              102.014659,
              22.083767
            ],
            [
              102.06544,
              22.084418
            ],
            [
              102.090587,
              22.089382
            ],
            [
              102.139903,
              22.106553
            ],
            [
              102.160167,
              22.117703
            ],
            [
              102.170828,
              22.122016
            ],
            [
              102.182628,
              22.124132
            ],
            [
              102.225841,
              22.112494
            ],
            [
              102.253917,
              22.080024
            ],
            [
              102.311534,
              21.94477
            ],
            [
              102.315359,
              21.917426
            ],
            [
              102.305268,
              21.89114
            ],
            [
              102.28655,
              21.871772
            ],
            [
              102.208425,
              21.820624
            ],
            [
              102.198985,
              21.812812
            ],
            [
              102.191335,
              21.803738
            ],
            [
              102.186697,
              21.792833
            ],
            [
              102.186941,
              21.777045
            ],
            [
              102.203705,
              21.728827
            ],
            [
              102.208751,
              21.705837
            ],
            [
              102.212576,
              21.695136
            ],
            [
              102.219249,
              21.685167
            ],
            [
              102.228445,
              21.678819
            ],
            [
              102.249278,
              21.670681
            ],
            [
              102.257253,
              21.662706
            ],
            [
              102.257823,
              21.6553
            ],
            [
              102.254812,
              21.646918
            ],
            [
              102.252371,
              21.637478
            ],
            [
              102.255056,
              21.627061
            ],
            [
              102.262136,
              21.621527
            ],
            [
              102.292247,
              21.60989
            ],
            [
              102.312999,
              21.592719
            ],
            [
              102.326101,
              21.573676
            ],
            [
              102.33253,
              21.551581
            ],
            [
              102.333263,
              21.50491
            ],
            [
              102.342214,
              21.451687
            ],
            [
              102.343435,
              21.425564
            ],
            [
              102.339936,
              21.378526
            ],
            [
              102.34669,
              21.352118
            ],
            [
              102.353282,
              21.337755
            ],
            [
              102.358979,
              21.32807
            ],
            [
              102.38087,
              21.304307
            ],
            [
              102.386811,
              21.29328
            ],
            [
              102.390554,
              21.288764
            ],
            [
              102.401134,
              21.28205
            ],
            [
              102.412201,
              21.279405
            ],
            [
              102.437022,
              21.277615
            ],
            [
              102.458751,
              21.26557
            ],
            [
              102.468679,
              21.242947
            ],
            [
              102.476654,
              21.135606
            ],
            [
              102.48463,
              21.106798
            ],
            [
              102.497813,
              21.085313
            ],
            [
              102.51588,
              21.076199
            ],
            [
              102.539806,
              21.073269
            ],
            [
              102.66155,
              21.07453
            ],
            [
              102.686127,
              21.065497
            ],
            [
              102.712169,
              21.046413
            ],
            [
              102.734386,
              21.022732
            ],
            [
              102.747813,
              20.999864
            ],
            [
              102.769216,
              20.910915
            ],
            [
              102.768321,
              20.89114
            ],
            [
              102.756114,
              20.878241
            ],
            [
              102.722097,
              20.858344
            ],
            [
              102.716319,
              20.851874
            ],
            [
              102.706716,
              20.836737
            ],
            [
              102.700613,
              20.830593
            ],
            [
              102.691173,
              20.826606
            ],
            [
              102.668061,
              20.820746
            ],
            [
              102.660818,
              20.816921
            ],
            [
              102.652843,
              20.7921
            ],
            [
              102.657725,
              20.762763
            ],
            [
              102.666515,
              20.732733
            ],
            [
              102.670095,
              20.706122
            ],
            [
              102.665945,
              20.68712
            ],
            [
              102.652192,
              20.652371
            ],
            [
              102.6456,
              20.608507
            ],
            [
              102.643321,
              20.60163
            ],
            [
              102.638113,
              20.592719
            ],
            [
              102.630789,
              20.58515
            ],
            [
              102.621104,
              20.578925
            ],
            [
              102.60849,
              20.574001
            ],
            [
              102.600841,
              20.574571
            ],
            [
              102.5949,
              20.578681
            ],
            [
              102.588878,
              20.58157
            ],
            [
              102.580577,
              20.578559
            ],
            [
              102.576671,
              20.571885
            ],
            [
              102.569835,
              20.541205
            ],
            [
              102.570567,
              20.503119
            ],
            [
              102.568126,
              20.486762
            ],
            [
              102.557221,
              20.470242
            ],
            [
              102.466075,
              20.408962
            ],
            [
              102.441173,
              20.381537
            ],
            [
              102.435069,
              20.365587
            ],
            [
              102.432384,
              20.315253
            ],
            [
              102.421316,
              20.292792
            ],
            [
              102.378347,
              20.268581
            ],
            [
              102.359955,
              20.250556
            ],
            [
              102.319021,
              20.146308
            ],
            [
              102.302989,
              20.119167
            ],
            [
              102.279307,
              20.088731
            ],
            [
              102.25172,
              20.062771
            ],
            [
              102.224213,
              20.048651
            ]
          ]
        ]
      }
    },
    {
      "type": "Feature",
      "properties": {
        "dissolve": "608River",
        "scalerank": 7.0,
        "featurecla": "River",
        "name": "Srepok",
        "name_alt": null,
        "rivernum": 608,
        "note": null,
        "min_zoom": 6.0,
        "name_en": "Srepok",
        "min_label": 7.0
      },
      "bbox": [
        105.970307,
        13.237087,
        107.377371,
        13.58572
      ],
      "geometry": {
        "type": "MultiLineString",
        "coordinates": [
          [
            [
              107.377371,
              13.237087
            ],
            [
              107.369884,
              13.281114
            ],
            [
              107.371104,
              13.290107
            ],
            [
              107.365733,
              13.294379
            ],
            [
              107.356049,
              13.313096
            ],
            [
              107.350841,
              13.31741
            ],
            [
              107.327403,
              13.317491
            ],
            [
              107.316905,
              13.315619
            ],
            [
              107.306895,
              13.310614
            ],
            [
              107.295828,
              13.32331
            ],
            [
              107.282237,
              13.35517
            ],
            [
              107.271983,
              13.365831
            ],
            [
              107.253673,
              13.369981
            ],
            [
              107.244884,
              13.361274
            ],
            [
              107.239513,
              13.346137
            ],
            [
              107.231049,
              13.331081
            ],
            [
              107.20224,
              13.315294
            ],
            [
              107.1421,
              13.323269
            ],
            [
              107.107595,
              13.310614
            ],
            [
              107.090587,
              13.326768
            ],
            [
              107.035248,
              13.403388
            ],
            [
              107.028331,
              13.417344
            ],
            [
              107.023936,
              13.442654
            ],
            [
              107.015229,
              13.473334
            ],
            [
              107.011322,
              13.481879
            ],
            [
              107.005056,
              13.481879
            ],
            [
              106.990733,
              13.474555
            ],
            [
              106.98406,
              13.486518
            ],
            [
              106.979503,
              13.504828
            ],
            [
              106.97047,
              13.516669
            ],
            [
              106.96046,
              13.513373
            ],
            [
              106.950613,
              13.503241
            ],
            [
              106.938487,
              13.496405
            ],
            [
              106.921967,
              13.502997
            ],
            [
              106.921641,
              13.498318
            ],
            [
              106.920665,
              13.497423
            ],
            [
              106.918956,
              13.497626
            ],
            [
              106.915701,
              13.496161
            ],
            [
              106.921641,
              13.482978
            ],
            [
              106.91684,
              13.479275
            ],
            [
              106.908132,
              13.480414
            ],
            [
              106.902192,
              13.481879
            ],
            [
              106.895763,
              13.485622
            ],
            [
              106.893077,
              13.491726
            ],
            [
              106.888601,
              13.493842
            ],
            [
              106.87794,
              13.485622
            ],
            [
              106.874034,
              13.470038
            ],
            [
              106.880626,
              13.454942
            ],
            [
              106.879893,
              13.442491
            ],
            [
              106.85377,
              13.43476
            ],
            [
              106.835053,
              13.435818
            ],
            [
              106.819835,
              13.442898
            ],
            [
              106.809581,
              13.455146
            ],
            [
              106.805919,
              13.471991
            ],
            [
              106.797374,
              13.478135
            ],
            [
              106.778331,
              13.481269
            ],
            [
              106.744558,
              13.481879
            ],
            [
              106.735037,
              13.479438
            ],
            [
              106.715343,
              13.471015
            ],
            [
              106.704112,
              13.468288
            ],
            [
              106.65919,
              13.468288
            ],
            [
              106.643158,
              13.463162
            ],
            [
              106.632253,
              13.453966
            ],
            [
              106.620046,
              13.450303
            ],
            [
              106.600515,
              13.461371
            ],
            [
              106.589366,
              13.477647
            ],
            [
              106.580984,
              13.51557
            ],
            [
              106.564871,
              13.541287
            ],
            [
              106.561534,
              13.549018
            ],
            [
              106.557384,
              13.555121
            ],
            [
              106.549327,
              13.557644
            ],
            [
              106.511729,
              13.563829
            ],
            [
              106.477306,
              13.560126
            ],
            [
              106.475108,
              13.539089
            ],
            [
              106.485932,
              13.511786
            ],
            [
              106.490652,
              13.489325
            ],
            [
              106.487234,
              13.485704
            ],
            [
              106.474213,
              13.478949
            ],
            [
              106.470144,
              13.475694
            ],
            [
              106.468191,
              13.4678
            ],
            [
              106.467784,
              13.44831
            ],
            [
              106.463878,
              13.440945
            ],
            [
              106.445811,
              13.432237
            ],
            [
              106.439138,
              13.44123
            ],
            [
              106.43808,
              13.456895
            ],
            [
              106.436046,
              13.468288
            ],
            [
              106.430593,
              13.471259
            ],
            [
              106.415294,
              13.473497
            ],
            [
              106.408702,
              13.475694
            ],
            [
              106.403819,
              13.480536
            ],
            [
              106.398367,
              13.492255
            ],
            [
              106.39503,
              13.496161
            ],
            [
              106.385509,
              13.501492
            ],
            [
              106.359304,
              13.510077
            ],
            [
              106.349701,
              13.512803
            ],
            [
              106.340343,
              13.516669
            ],
            [
              106.316987,
              13.529364
            ],
            [
              106.279307,
              13.557685
            ],
            [
              106.204275,
              13.582709
            ],
            [
              106.189952,
              13.58572
            ],
            [
              106.151947,
              13.585557
            ],
            [
              106.137706,
              13.582587
            ],
            [
              106.112804,
              13.5692
            ],
            [
              106.061046,
              13.551825
            ],
            [
              106.054128,
              13.550971
            ],
            [
              106.047862,
              13.55211
            ],
            [
              106.043061,
              13.555854
            ],
            [
              106.039643,
              13.560411
            ],
            [
              106.035818,
              13.564399
            ],
            [
              106.029796,
              13.566474
            ],
            [
              106.02296,
              13.565701
            ],
            [
              106.015717,
              13.562934
            ],
            [
              105.987397,
              13.545844
            ],
            [
              105.978526,
              13.54206
            ],
            [
              105.970307,
              13.541449
            ]
          ]
        ]
      }
    },
    {
      "type": "Feature",
      "properties": {
        "dissolve": "636River",
        "scalerank": 7.0,
        "featurecla": "River",
        "name": "Chao Phraya",
        "name_alt": null,
        "rivernum": 636,
        "note": null,
        "min_zoom": 6.0,
        "name_en": "Chao Phraya",
        "min_label": 7.0
      },
      "bbox": [
        100.010916,
        13.516669,
        100.597748,
        15.70657
      ],
      "geometry": {
        "type": "MultiLineString",
        "coordinates": [
          [
            [
              100.140717,
              15.70657
            ],
            [
              100.134044,
              15.703315
            ],
            [
              100.13087,
              15.702419
            ],
            [
              100.12794,
              15.702094
            ],
            [
              100.118337,
              15.696601
            ],
            [
              100.096934,
              15.654324
            ],
            [
              100.104421,
              15.654324
            ],
            [
              100.095632,
              15.636094
            ],
            [
              100.095632,
              15.622341
            ],
            [
              100.098155,
              15.608954
            ],
            [
              100.096934,
              15.592231
            ],
            [
              100.093354,
              15.587673
            ],
            [
              100.077078,
              15.573025
            ],
            [
              100.080333,
              15.565131
            ],
            [
              100.085948,
              15.562812
            ],
            [
              100.092214,
              15.562079
            ],
            [
              100.096934,
              15.558702
            ],
            [
              100.100352,
              15.5574
            ],
            [
              100.10491,
              15.558702
            ],
            [
              100.108897,
              15.559149
            ],
            [
              100.110606,
              15.554999
            ],
            [
              100.108897,
              15.546576
            ],
            [
              100.106944,
              15.543158
            ],
            [
              100.104421,
              15.54503
            ],
            [
              100.10255,
              15.544053
            ],
            [
              100.100108,
              15.538642
            ],
            [
              100.097992,
              15.532172
            ],
            [
              100.096934,
              15.528022
            ],
            [
              100.099132,
              15.523261
            ],
            [
              100.10377,
              15.520046
            ],
            [
              100.108409,
              15.518256
            ],
            [
              100.110606,
              15.517768
            ],
            [
              100.110606,
              15.463162
            ],
            [
              100.125662,
              15.468207
            ],
            [
              100.130789,
              15.455919
            ],
            [
              100.127371,
              15.436957
            ],
            [
              100.117442,
              15.421495
            ],
            [
              100.108002,
              15.418524
            ],
            [
              100.090261,
              15.420844
            ],
            [
              100.083263,
              15.41474
            ],
            [
              100.083588,
              15.407579
            ],
            [
              100.093761,
              15.388373
            ],
            [
              100.096934,
              15.380561
            ],
            [
              100.091238,
              15.383897
            ],
            [
              100.070242,
              15.386786
            ],
            [
              100.070242,
              15.380561
            ],
            [
              100.086843,
              15.368516
            ],
            [
              100.092052,
              15.353461
            ],
            [
              100.088145,
              15.336534
            ],
            [
              100.068289,
              15.306586
            ],
            [
              100.058442,
              15.287177
            ],
            [
              100.059581,
              15.271674
            ],
            [
              100.083263,
              15.270697
            ],
            [
              100.079519,
              15.263943
            ],
            [
              100.078624,
              15.255886
            ],
            [
              100.080333,
              15.246894
            ],
            [
              100.083914,
              15.237372
            ],
            [
              100.115815,
              15.186957
            ],
            [
              100.121511,
              15.180447
            ],
            [
              100.129324,
              15.176093
            ],
            [
              100.141612,
              15.174506
            ],
            [
              100.189708,
              15.181952
            ],
            [
              100.207774,
              15.181749
            ],
            [
              100.227061,
              15.178778
            ],
            [
              100.242198,
              15.16946
            ],
            [
              100.251231,
              15.142768
            ],
            [
              100.268891,
              15.1199
            ],
            [
              100.288666,
              15.072089
            ],
            [
              100.292084,
              15.074246
            ],
            [
              100.299571,
              15.07685
            ],
            [
              100.302989,
              15.078925
            ],
            [
              100.331391,
              15.014594
            ],
            [
              100.333751,
              15.003241
            ],
            [
              100.345714,
              14.990424
            ],
            [
              100.378673,
              14.913845
            ],
            [
              100.384858,
              14.913845
            ],
            [
              100.393565,
              14.918891
            ],
            [
              100.400076,
              14.908759
            ],
            [
              100.404389,
              14.891913
            ],
            [
              100.405935,
              14.876573
            ],
            [
              100.409679,
              14.866278
            ],
            [
              100.418549,
              14.859483
            ],
            [
              100.429698,
              14.855089
            ],
            [
              100.440115,
              14.852362
            ],
            [
              100.440115,
              14.846218
            ],
            [
              100.437999,
              14.831081
            ],
            [
              100.447032,
              14.763617
            ],
            [
              100.447032,
              14.71894
            ],
            [
              100.449229,
              14.710964
            ],
            [
              100.460378,
              14.686347
            ],
            [
              100.464122,
              14.681098
            ],
            [
              100.464447,
              14.669745
            ],
            [
              100.447032,
              14.544501
            ],
            [
              100.450694,
              14.534125
            ],
            [
              100.456147,
              14.524034
            ],
            [
              100.457286,
              14.512274
            ],
            [
              100.447032,
              14.496772
            ],
            [
              100.458263,
              14.482367
            ],
            [
              100.459483,
              14.466091
            ],
            [
              100.452647,
              14.451443
            ],
            [
              100.440115,
              14.442084
            ],
            [
              100.444916,
              14.42536
            ],
            [
              100.439545,
              14.407782
            ],
            [
              100.430919,
              14.390977
            ],
            [
              100.426524,
              14.376288
            ],
            [
              100.430186,
              14.361925
            ],
            [
              100.45045,
              14.318915
            ],
            [
              100.460704,
              14.304958
            ],
            [
              100.468761,
              14.302314
            ],
            [
              100.474294,
              14.306667
            ],
            [
              100.480235,
              14.308295
            ],
            [
              100.488455,
              14.297471
            ],
            [
              100.490489,
              14.288194
            ],
            [
              100.488455,
              14.253445
            ],
            [
              100.490896,
              14.236925
            ],
            [
              100.50294,
              14.207628
            ],
            [
              100.508393,
              14.188259
            ],
            [
              100.512136,
              14.162706
            ],
            [
              100.515229,
              14.15412
            ],
            [
              100.543061,
              14.123074
            ],
            [
              100.543061,
              14.095771
            ],
            [
              100.541026,
              14.092353
            ],
            [
              100.536062,
              14.090399
            ],
            [
              100.531179,
              14.087714
            ],
            [
              100.528819,
              14.081814
            ],
            [
              100.531993,
              14.074897
            ],
            [
              100.539073,
              14.07038
            ],
            [
              100.546316,
              14.067247
            ],
            [
              100.550141,
              14.064724
            ],
            [
              100.552826,
              14.055609
            ],
            [
              100.552989,
              14.050645
            ],
            [
              100.550141,
              14.037421
            ],
            [
              100.546641,
              14.032335
            ],
            [
              100.54127,
              14.020372
            ],
            [
              100.541108,
              14.008165
            ],
            [
              100.571218,
              13.995307
            ],
            [
              100.573985,
              13.977891
            ],
            [
              100.542491,
              13.837836
            ],
            [
              100.528819,
              13.804633
            ],
            [
              100.508393,
              13.782579
            ],
            [
              100.498057,
              13.767361
            ],
            [
              100.494721,
              13.749376
            ],
            [
              100.501231,
              13.739691
            ],
            [
              100.510916,
              13.727973
            ],
            [
              100.512706,
              13.714911
            ],
            [
              100.494721,
              13.700995
            ],
            [
              100.494721,
              13.69477
            ],
            [
              100.508393,
              13.688422
            ],
            [
              100.529307,
              13.68126
            ],
            [
              100.548595,
              13.681586
            ],
            [
              100.556895,
              13.697862
            ],
            [
              100.561127,
              13.703559
            ],
            [
              100.570567,
              13.707953
            ],
            [
              100.580007,
              13.709093
            ],
            [
              100.584239,
              13.704698
            ],
            [
              100.586355,
              13.70128
            ],
            [
              100.590912,
              13.699571
            ],
            [
              100.595714,
              13.697089
            ],
            [
              100.597748,
              13.691433
            ],
            [
              100.59669,
              13.685329
            ],
            [
              100.59433,
              13.682156
            ],
            [
              100.592052,
              13.679999
            ],
            [
              100.590912,
              13.677069
            ],
            [
              100.5831,
              13.66352
            ],
            [
              100.549734,
              13.657742
            ],
            [
              100.543061,
              13.640204
            ],
            [
              100.551768,
              13.626654
            ],
            [
              100.587413,
              13.616645
            ],
            [
              100.597748,
              13.61225
            ]
          ],
          [
            [
              100.083263,
              15.237169
            ],
            [
              100.075125,
              15.224677
            ],
            [
              100.053966,
              15.178534
            ],
            [
              100.052419,
              15.163398
            ],
            [
              100.043956,
              15.153144
            ],
            [
              100.034109,
              15.144314
            ],
            [
              100.029307,
              15.1435
            ],
            [
              100.024425,
              15.138251
            ],
            [
              100.019054,
              15.133572
            ],
            [
              100.014171,
              15.130723
            ],
            [
              100.01588,
              15.124945
            ],
            [
              100.02003,
              15.120063
            ],
            [
              100.022472,
              15.1199
            ],
            [
              100.023936,
              15.114122
            ],
            [
              100.027273,
              15.108954
            ],
            [
              100.029796,
              15.102362
            ],
            [
              100.029307,
              15.092597
            ],
            [
              100.02239,
              15.080146
            ],
            [
              100.014171,
              15.073188
            ],
            [
              100.010916,
              15.066596
            ],
            [
              100.019054,
              15.054999
            ],
            [
              100.029796,
              15.049506
            ],
            [
              100.041515,
              15.045844
            ],
            [
              100.04713,
              15.039903
            ],
            [
              100.039154,
              15.027411
            ],
            [
              100.024343,
              15.011257
            ],
            [
              100.017833,
              15.000841
            ],
            [
              100.015636,
              14.99018
            ],
            [
              100.024832,
              14.974229
            ],
            [
              100.061941,
              14.959093
            ],
            [
              100.070242,
              14.938666
            ],
            [
              100.073985,
              14.901313
            ],
            [
              100.083263,
              14.866645
            ],
            [
              100.101573,
              14.835232
            ],
            [
              100.104421,
              14.82571
            ],
            [
              100.102061,
              14.814765
            ],
            [
              100.092296,
              14.803534
            ],
            [
              100.090017,
              14.794298
            ],
            [
              100.096934,
              14.709011
            ],
            [
              100.102794,
              14.69538
            ],
            [
              100.114268,
              14.679389
            ],
            [
              100.128429,
              14.666124
            ],
            [
              100.141612,
              14.66059
            ],
            [
              100.147065,
              14.65058
            ],
            [
              100.14796,
              14.628445
            ],
            [
              100.144786,
              14.592963
            ],
            [
              100.121593,
              14.524115
            ],
            [
              100.117442,
              14.487494
            ],
            [
              100.124929,
              14.44831
            ],
            [
              100.136485,
              14.442735
            ],
            [
              100.138601,
              14.442084
            ],
            [
              100.138682,
              14.437283
            ],
            [
              100.137299,
              14.42536
            ],
            [
              100.138601,
              14.421007
            ],
            [
              100.148529,
              14.408637
            ],
            [
              100.155203,
              14.403347
            ],
            [
              100.16212,
              14.40115
            ],
            [
              100.161062,
              14.391628
            ],
            [
              100.144786,
              14.332221
            ],
            [
              100.1456,
              14.326483
            ],
            [
              100.151947,
              14.32331
            ],
            [
              100.152192,
              14.317939
            ],
            [
              100.149425,
              14.312323
            ],
            [
              100.141124,
              14.302843
            ],
            [
              100.138601,
              14.297471
            ],
            [
              100.131847,
              14.265815
            ],
            [
              100.128347,
              14.232001
            ],
            [
              100.117442,
              14.195624
            ],
            [
              100.117442,
              14.174587
            ],
            [
              100.128429,
              14.159491
            ],
            [
              100.131114,
              14.15412
            ],
            [
              100.13144,
              14.143826
            ],
            [
              100.128673,
              14.127631
            ],
            [
              100.131114,
              14.11994
            ],
            [
              100.13795,
              14.112982
            ],
            [
              100.145274,
              14.110541
            ],
            [
              100.152599,
              14.109198
            ],
            [
              100.158946,
              14.10574
            ],
            [
              100.16505,
              14.100409
            ],
            [
              100.167491,
              14.098904
            ],
            [
              100.169037,
              14.09573
            ],
            [
              100.172537,
              14.085232
            ],
            [
              100.177175,
              14.01378
            ],
            [
              100.183523,
              13.979682
            ],
            [
              100.199962,
              13.975369
            ],
            [
              100.214122,
              13.926866
            ],
            [
              100.224132,
              13.835517
            ],
            [
              100.22047,
              13.82453
            ],
            [
              100.211518,
              13.81977
            ],
            [
              100.198253,
              13.81505
            ],
            [
              100.189138,
              13.806505
            ],
            [
              100.193126,
              13.790351
            ],
            [
              100.203054,
              13.787136
            ],
            [
              100.234304,
              13.789374
            ],
            [
              100.240896,
              13.786933
            ],
            [
              100.247488,
              13.77379
            ],
            [
              100.261729,
              13.773708
            ],
            [
              100.275971,
              13.776923
            ],
            [
              100.282481,
              13.773627
            ],
            [
              100.278901,
              13.754991
            ],
            [
              100.269542,
              13.751573
            ],
            [
              100.256277,
              13.753119
            ],
            [
              100.240896,
              13.749376
            ],
            [
              100.237885,
              13.740994
            ],
            [
              100.235606,
              13.728339
            ],
            [
              100.229503,
              13.721055
            ],
            [
              100.214285,
              13.728949
            ],
            [
              100.204845,
              13.713935
            ],
            [
              100.214285,
              13.708686
            ],
            [
              100.240896,
              13.708441
            ],
            [
              100.243256,
              13.703396
            ],
            [
              100.24171,
              13.695502
            ],
            [
              100.243175,
              13.689032
            ],
            [
              100.254649,
              13.688015
            ],
            [
              100.25823,
              13.691189
            ],
            [
              100.260753,
              13.698025
            ],
            [
              100.262136,
              13.706488
            ],
            [
              100.261974,
              13.714667
            ],
            [
              100.27239,
              13.707587
            ],
            [
              100.273448,
              13.696397
            ],
            [
              100.268972,
              13.684149
            ],
            [
              100.261974,
              13.673692
            ],
            [
              100.266612,
              13.669745
            ],
            [
              100.266775,
              13.669135
            ],
            [
              100.26474,
              13.667426
            ],
            [
              100.261974,
              13.66002
            ],
            [
              100.240489,
              13.666856
            ],
            [
              100.230968,
              13.667507
            ],
            [
              100.220876,
              13.663764
            ],
            [
              100.220876,
              13.655219
            ],
            [
              100.226736,
              13.646023
            ],
            [
              100.234793,
              13.640204
            ],
            [
              100.224539,
              13.634345
            ],
            [
              100.22047,
              13.632758
            ],
            [
              100.22047,
              13.626532
            ],
            [
              100.225108,
              13.624376
            ],
            [
              100.229747,
              13.621039
            ],
            [
              100.234793,
              13.619086
            ],
            [
              100.234793,
              13.61225
            ],
            [
              100.22991,
              13.592353
            ],
            [
              100.243907,
              13.565294
            ],
            [
              100.263438,
              13.537869
            ],
            [
              100.274994,
              13.516669
            ]
          ]
        ]
      }
    },
    {
      "type": "Feature",
      "properties": {
        "dissolve": "674Lake Centerline",
        "scalerank": 8.0,
        "featurecla": "Lake Centerline",
        "name": "Ngun",
        "name_alt": null,
        "rivernum": 674,
        "note": null,
        "min_zoom": 7.0,
        "name_en": "Ngun",
        "min_label": 8.0
      },
      "bbox": [
        102.567149,
        18.55036,
        102.780691,
        18.714911
      ],
      "geometry": {
        "type": "MultiLineString",
        "coordinates": [
          [
            [
              102.780691,
              18.714911
            ],
            [
              102.774425,
              18.697537
            ],
            [
              102.745942,
              18.673936
            ],
            [
              102.733409,
              18.666815
            ],
            [
              102.713471,
              18.650336
            ],
            [
              102.700206,
              18.630683
            ],
            [
              102.688731,
              18.611884
            ],
            [
              102.674571,
              18.592353
            ],
            [
              102.642833,
              18.574652
            ],
            [
              102.605235,
              18.566596
            ],
            [
              102.588145,
              18.562201
            ],
            [
              102.576752,
              18.555203
            ],
            [
              102.567149,
              18.55036
            ]
          ]
        ]
      }
    },
    {
      "type": "Feature",
      "properties": {
        "dissolve": "674River",
        "scalerank": 8.0,
        "featurecla": "River",
        "name": "Ngun",
        "name_alt": null,
        "rivernum": 674,
        "note": null,
        "min_zoom": 7.0,
        "name_en": "Ngun",
        "min_label": 8.0
      },
      "bbox": [
        102.50587,
        18.120063,
        103.205007,
        19.683905
      ],
      "geometry": {
        "type": "MultiLineString",
        "coordinates": [
          [
            [
              103.205007,
              19.683905
            ],
            [
              103.174571,
              19.649359
            ],
            [
              103.157725,
              19.638861
            ],
            [
              103.096934,
              19.620225
            ],
            [
              103.080007,
              19.611355
            ],
            [
              103.068126,
              19.596625
            ],
            [
              103.063975,
              19.57807
            ],
            [
              103.062511,
              19.538398
            ],
            [
              103.055593,
              19.519843
            ],
            [
              103.050548,
              19.515245
            ],
            [
              103.036794,
              19.507432
            ],
            [
              103.031342,
              19.503363
            ],
            [
              102.972341,
              19.424262
            ],
            [
              102.95989,
              19.414089
            ],
            [
              102.953705,
              19.410468
            ],
            [
              102.947846,
              19.407782
            ],
            [
              102.930919,
              19.404486
            ],
            [
              102.914073,
              19.407416
            ],
            [
              102.896495,
              19.415229
            ],
            [
              102.877452,
              19.426337
            ],
            [
              102.849701,
              19.436957
            ],
            [
              102.819591,
              19.438178
            ],
            [
              102.790131,
              19.430935
            ],
            [
              102.764252,
              19.416042
            ],
            [
              102.749441,
              19.390204
            ],
            [
              102.742931,
              19.351996
            ],
            [
              102.745942,
              19.314399
            ],
            [
              102.758881,
              19.290595
            ],
            [
              102.793549,
              19.276313
            ],
            [
              102.809174,
              19.267035
            ],
            [
              102.818614,
              19.251044
            ],
            [
              102.817963,
              19.240424
            ],
            [
              102.807709,
              19.218085
            ],
            [
              102.804779,
              19.206977
            ],
            [
              102.805675,
              19.197821
            ],
            [
              102.814952,
              19.168321
            ],
            [
              102.833588,
              19.137641
            ],
            [
              102.859874,
              19.107611
            ],
            [
              102.879975,
              19.074774
            ],
            [
              102.881847,
              19.035712
            ],
            [
              102.874766,
              19.017442
            ],
            [
              102.865326,
              19.005479
            ],
            [
              102.852631,
              18.996934
            ],
            [
              102.813731,
              18.978217
            ],
            [
              102.799571,
              18.968817
            ],
            [
              102.789236,
              18.956122
            ],
            [
              102.779226,
              18.935655
            ],
            [
              102.773367,
              18.918769
            ],
            [
              102.771007,
              18.87698
            ],
            [
              102.761974,
              18.842597
            ],
            [
              102.764252,
              18.82099
            ],
            [
              102.766612,
              18.817328
            ],
            [
              102.776378,
              18.80504
            ],
            [
              102.779389,
              18.799831
            ],
            [
              102.780935,
              18.713446
            ]
          ],
          [
            [
              102.567149,
              18.55036
            ],
            [
              102.544363,
              18.526068
            ],
            [
              102.526459,
              18.518744
            ],
            [
              102.513438,
              18.510565
            ],
            [
              102.513682,
              18.484483
            ],
            [
              102.533295,
              18.407782
            ],
            [
              102.533621,
              18.39704
            ],
            [
              102.530203,
              18.375759
            ],
            [
              102.531505,
              18.367458
            ],
            [
              102.537364,
              18.369574
            ],
            [
              102.549246,
              18.371894
            ],
            [
              102.559093,
              18.368272
            ],
            [
              102.559011,
              18.352607
            ],
            [
              102.552419,
              18.345404
            ],
            [
              102.532237,
              18.339219
            ],
            [
              102.526134,
              18.335517
            ],
            [
              102.520518,
              18.324286
            ],
            [
              102.521658,
              18.322455
            ],
            [
              102.52825,
              18.321641
            ],
            [
              102.538097,
              18.313788
            ],
            [
              102.55421,
              18.306667
            ],
            [
              102.558197,
              18.300564
            ],
            [
              102.549083,
              18.290066
            ],
            [
              102.538259,
              18.288438
            ],
            [
              102.524099,
              18.290351
            ],
            [
              102.511648,
              18.289984
            ],
            [
              102.50587,
              18.281684
            ],
            [
              102.510753,
              18.276964
            ],
            [
              102.521983,
              18.27497
            ],
            [
              102.533214,
              18.270575
            ],
            [
              102.538015,
              18.258857
            ],
            [
              102.537608,
              18.241726
            ],
            [
              102.539073,
              18.237413
            ],
            [
              102.542247,
              18.238552
            ],
            [
              102.569021,
              18.233995
            ],
            [
              102.577159,
              18.230292
            ],
            [
              102.578543,
              18.225124
            ],
            [
              102.575857,
              18.208075
            ],
            [
              102.578136,
              18.202216
            ],
            [
              102.582937,
              18.200792
            ],
            [
              102.586192,
              18.202745
            ],
            [
              102.588634,
              18.205349
            ],
            [
              102.591075,
              18.206
            ],
            [
              102.62794,
              18.196479
            ],
            [
              102.637218,
              18.18948
            ],
            [
              102.631114,
              18.173529
            ],
            [
              102.62322,
              18.170762
            ],
            [
              102.614268,
              18.172797
            ],
            [
              102.606619,
              18.17003
            ],
            [
              102.603445,
              18.153022
            ],
            [
              102.605398,
              18.135565
            ],
            [
              102.610444,
              18.134304
            ],
            [
              102.617931,
              18.140163
            ],
            [
              102.626069,
              18.14411
            ],
            [
              102.657319,
              18.149685
            ],
            [
              102.668549,
              18.149685
            ],
            [
              102.699718,
              18.139268
            ],
            [
              102.710948,
              18.139716
            ],
            [
              102.716889,
              18.14407
            ],
            [
              102.72169,
              18.151557
            ],
            [
              102.72755,
              18.158881
            ],
            [
              102.737641,
              18.162624
            ],
            [
              102.752371,
              18.15766
            ],
            [
              102.772634,
              18.131944
            ],
            [
              102.785655,
              18.125434
            ],
            [
              102.796641,
              18.127875
            ],
            [
              102.80128,
              18.134711
            ],
            [
              102.804454,
              18.142768
            ],
            [
              102.810639,
              18.148749
            ],
            [
              102.820811,
              18.151964
            ],
            [
              102.848399,
              18.157294
            ],
            [
              102.85019,
              18.164618
            ],
            [
              102.852306,
              18.17003
            ],
            [
              102.855886,
              18.173692
            ],
            [
              102.861501,
              18.174628
            ],
            [
              102.874034,
              18.173204
            ],
            [
              102.879405,
              18.174506
            ],
            [
              102.886811,
              18.180935
            ],
            [
              102.89267,
              18.187934
            ],
            [
              102.899099,
              18.193915
            ],
            [
              102.908946,
              18.196885
            ],
            [
              102.929861,
              18.192206
            ],
            [
              102.973155,
              18.171454
            ],
            [
              102.99464,
              18.173285
            ],
            [
              102.994721,
              18.179226
            ],
            [
              102.989024,
              18.188056
            ],
            [
              102.986827,
              18.195624
            ],
            [
              102.997325,
              18.197821
            ],
            [
              103.010916,
              18.193915
            ],
            [
              103.013194,
              18.186876
            ],
            [
              103.009939,
              18.177924
            ],
            [
              103.007904,
              18.167996
            ],
            [
              103.005382,
              18.160997
            ],
            [
              103.000499,
              18.154893
            ],
            [
              102.996755,
              18.14765
            ],
            [
              102.998139,
              18.136664
            ],
            [
              103.004893,
              18.125434
            ],
            [
              103.013927,
              18.120063
            ],
            [
              103.024425,
              18.120388
            ],
            [
              103.035574,
              18.126247
            ],
            [
              103.047374,
              18.143988
            ],
            [
              103.056651,
              18.163601
            ],
            [
              103.068289,
              18.167914
            ],
            [
              103.086843,
              18.139716
            ]
          ]
        ]
      }
    },
    {
      "type": "Feature",
      "properties": {
        "dissolve": "734River",
        "scalerank": 8.0,
        "featurecla": "River",
        "name": "Mun",
        "name_alt": null,
        "rivernum": 734,
        "note": null,
        "min_zoom": 7.0,
        "name_en": "Mun",
        "min_label": 8.0
      },
      "bbox": [
        102.002452,
        14.276964,
        105.503835,
        15.470893
      ],
      "geometry": {
        "type": "MultiLineString",
        "coordinates": [
          [
            [
              102.002452,
              14.276964
            ],
            [
              102.067556,
              14.355821
            ],
            [
              102.068126,
              14.367051
            ],
            [
              102.064871,
              14.384385
            ],
            [
              102.064708,
              14.400336
            ],
            [
              102.074474,
              14.407335
            ],
            [
              102.086355,
              14.413031
            ],
            [
              102.093679,
              14.426581
            ],
            [
              102.097341,
              14.442572
            ],
            [
              102.098643,
              14.455756
            ],
            [
              102.10849,
              14.450873
            ],
            [
              102.112315,
              14.44831
            ],
            [
              102.138113,
              14.471544
            ],
            [
              102.161388,
              14.503445
            ],
            [
              102.177419,
              14.542019
            ],
            [
              102.180593,
              14.585517
            ],
            [
              102.175955,
              14.602891
            ],
            [
              102.162852,
              14.629096
            ],
            [
              102.160167,
              14.650662
            ],
            [
              102.165538,
              14.66238
            ],
            [
              102.191498,
              14.688747
            ],
            [
              102.201101,
              14.702826
            ],
            [
              102.208751,
              14.736843
            ],
            [
              102.208507,
              14.838731
            ],
            [
              102.213145,
              14.878607
            ],
            [
              102.218435,
              14.898871
            ],
            [
              102.22519,
              14.907579
            ],
            [
              102.243175,
              14.913031
            ],
            [
              102.248546,
              14.927069
            ],
            [
              102.249522,
              14.969062
            ],
            [
              102.25587,
              14.990831
            ],
            [
              102.265554,
              15.009589
            ],
            [
              102.277354,
              15.025255
            ],
            [
              102.342052,
              15.084093
            ],
            [
              102.35198,
              15.099433
            ],
            [
              102.366222,
              15.092597
            ],
            [
              102.358165,
              15.113064
            ],
            [
              102.370128,
              15.129665
            ],
            [
              102.372325,
              15.133572
            ],
            [
              102.37379,
              15.143134
            ],
            [
              102.372,
              15.161078
            ],
            [
              102.372325,
              15.174506
            ],
            [
              102.375906,
              15.189236
            ],
            [
              102.382416,
              15.200385
            ],
            [
              102.390717,
              15.208808
            ],
            [
              102.433849,
              15.237169
            ],
            [
              102.446544,
              15.237494
            ],
            [
              102.473643,
              15.234727
            ],
            [
              102.489024,
              15.237169
            ],
            [
              102.502452,
              15.241767
            ],
            [
              102.509532,
              15.245307
            ],
            [
              102.557872,
              15.285712
            ],
            [
              102.585948,
              15.319159
            ],
            [
              102.589773,
              15.314399
            ],
            [
              102.593761,
              15.311632
            ],
            [
              102.596934,
              15.313341
            ],
            [
              102.600515,
              15.331977
            ],
            [
              102.605886,
              15.332139
            ],
            [
              102.612722,
              15.330024
            ],
            [
              102.619395,
              15.33279
            ],
            [
              102.625011,
              15.342475
            ],
            [
              102.634044,
              15.364366
            ],
            [
              102.639903,
              15.373806
            ],
            [
              102.640391,
              15.367377
            ],
            [
              102.641775,
              15.365994
            ],
            [
              102.646007,
              15.366278
            ],
            [
              102.652354,
              15.372341
            ],
            [
              102.660085,
              15.374335
            ],
            [
              102.667735,
              15.372382
            ],
            [
              102.67392,
              15.366278
            ],
            [
              102.699474,
              15.38581
            ],
            [
              102.71339,
              15.392524
            ],
            [
              102.72934,
              15.394232
            ],
            [
              102.737804,
              15.391628
            ],
            [
              102.748139,
              15.382514
            ],
            [
              102.752859,
              15.380561
            ],
            [
              102.763601,
              15.383816
            ],
            [
              102.771251,
              15.389716
            ],
            [
              102.777354,
              15.392605
            ],
            [
              102.783783,
              15.386786
            ],
            [
              102.800222,
              15.38996
            ],
            [
              102.820567,
              15.387397
            ],
            [
              102.837983,
              15.388983
            ],
            [
              102.845307,
              15.404486
            ],
            [
              102.853038,
              15.404812
            ],
            [
              102.899343,
              15.373806
            ],
            [
              102.906749,
              15.376003
            ],
            [
              102.951182,
              15.380561
            ],
            [
              102.953298,
              15.387641
            ],
            [
              102.975108,
              15.429023
            ],
            [
              102.979991,
              15.429551
            ],
            [
              102.981456,
              15.428046
            ],
            [
              102.983328,
              15.42711
            ],
            [
              102.989268,
              15.421495
            ],
            [
              102.995535,
              15.421495
            ],
            [
              103.001475,
              15.430487
            ],
            [
              103.030284,
              15.448839
            ],
            [
              103.03712,
              15.441433
            ],
            [
              103.051768,
              15.455512
            ],
            [
              103.057628,
              15.463162
            ],
            [
              103.059011,
              15.453925
            ],
            [
              103.061697,
              15.446479
            ],
            [
              103.06601,
              15.440294
            ],
            [
              103.0713,
              15.435167
            ],
            [
              103.077159,
              15.43769
            ],
            [
              103.079031,
              15.437364
            ],
            [
              103.080496,
              15.435981
            ],
            [
              103.084972,
              15.435167
            ],
            [
              103.105398,
              15.448839
            ],
            [
              103.100027,
              15.437771
            ],
            [
              103.102468,
              15.4289
            ],
            [
              103.109874,
              15.421454
            ],
            [
              103.11907,
              15.41474
            ],
            [
              103.129812,
              15.419135
            ],
            [
              103.133311,
              15.421495
            ],
            [
              103.133311,
              15.41474
            ],
            [
              103.140147,
              15.41474
            ],
            [
              103.140147,
              15.421495
            ],
            [
              103.146983,
              15.421495
            ],
            [
              103.149669,
              15.406195
            ],
            [
              103.163097,
              15.380927
            ],
            [
              103.167491,
              15.366278
            ],
            [
              103.190929,
              15.371202
            ],
            [
              103.203624,
              15.3581
            ],
            [
              103.211925,
              15.344021
            ],
            [
              103.222667,
              15.345811
            ],
            [
              103.228933,
              15.345811
            ],
            [
              103.232921,
              15.333116
            ],
            [
              103.251964,
              15.32335
            ],
            [
              103.256847,
              15.311632
            ],
            [
              103.269623,
              15.321845
            ],
            [
              103.279063,
              15.320746
            ],
            [
              103.286632,
              15.315131
            ],
            [
              103.294037,
              15.311632
            ],
            [
              103.30364,
              15.315009
            ],
            [
              103.31544,
              15.329535
            ],
            [
              103.321707,
              15.33279
            ],
            [
              103.332286,
              15.335883
            ],
            [
              103.35377,
              15.349555
            ],
            [
              103.36671,
              15.352647
            ],
            [
              103.373627,
              15.349473
            ],
            [
              103.382091,
              15.343777
            ],
            [
              103.391368,
              15.340644
            ],
            [
              103.40089,
              15.345811
            ],
            [
              103.406993,
              15.345811
            ],
            [
              103.406749,
              15.341254
            ],
            [
              103.408376,
              15.340277
            ],
            [
              103.411225,
              15.340522
            ],
            [
              103.414561,
              15.339626
            ],
            [
              103.403087,
              15.330186
            ],
            [
              103.412364,
              15.321804
            ],
            [
              103.42921,
              15.322333
            ],
            [
              103.441173,
              15.339626
            ],
            [
              103.434255,
              15.339626
            ],
            [
              103.434255,
              15.345811
            ],
            [
              103.453868,
              15.339626
            ],
            [
              103.468435,
              15.33279
            ],
            [
              103.469005,
              15.331081
            ],
            [
              103.476003,
              15.319159
            ],
            [
              103.481619,
              15.31505
            ],
            [
              103.486501,
              15.314073
            ],
            [
              103.491222,
              15.313788
            ],
            [
              103.496511,
              15.311632
            ],
            [
              103.498546,
              15.308173
            ],
            [
              103.497569,
              15.304511
            ],
            [
              103.497651,
              15.301052
            ],
            [
              103.502615,
              15.298041
            ],
            [
              103.508881,
              15.297146
            ],
            [
              103.520112,
              15.298122
            ],
            [
              103.523692,
              15.298041
            ],
            [
              103.540945,
              15.293402
            ],
            [
              103.548595,
              15.290107
            ],
            [
              103.557872,
              15.284369
            ],
            [
              103.571218,
              15.294623
            ],
            [
              103.608653,
              15.308295
            ],
            [
              103.626231,
              15.319159
            ],
            [
              103.636974,
              15.33161
            ],
            [
              103.660818,
              15.373806
            ],
            [
              103.670909,
              15.356391
            ],
            [
              103.673839,
              15.339952
            ],
            [
              103.679698,
              15.334296
            ],
            [
              103.698416,
              15.349229
            ],
            [
              103.7081,
              15.361111
            ],
            [
              103.710948,
              15.365912
            ],
            [
              103.716075,
              15.366726
            ],
            [
              103.747651,
              15.364936
            ],
            [
              103.753347,
              15.36872
            ],
            [
              103.75644,
              15.380561
            ],
            [
              103.774913,
              15.378485
            ],
            [
              103.786632,
              15.392442
            ],
            [
              103.795421,
              15.407335
            ],
            [
              103.811697,
              15.407904
            ],
            [
              103.816824,
              15.415107
            ],
            [
              103.817393,
              15.435614
            ],
            [
              103.826589,
              15.453884
            ],
            [
              103.845714,
              15.462958
            ],
            [
              103.87379,
              15.463162
            ],
            [
              103.87851,
              15.464545
            ],
            [
              103.882416,
              15.468207
            ],
            [
              103.887136,
              15.470893
            ],
            [
              103.894216,
              15.469346
            ],
            [
              103.895763,
              15.465928
            ],
            [
              103.89739,
              15.453437
            ],
            [
              103.900401,
              15.448839
            ],
            [
              103.909434,
              15.443223
            ],
            [
              103.916026,
              15.440497
            ],
            [
              103.925222,
              15.440009
            ],
            [
              103.942149,
              15.441433
            ],
            [
              103.935557,
              15.42654
            ],
            [
              103.945079,
              15.421698
            ],
            [
              103.961681,
              15.423611
            ],
            [
              103.976166,
              15.429023
            ],
            [
              103.977061,
              15.416368
            ],
            [
              103.985769,
              15.410183
            ],
            [
              103.999766,
              15.40823
            ],
            [
              104.034109,
              15.409003
            ],
            [
              104.049571,
              15.407538
            ],
            [
              104.060802,
              15.402126
            ],
            [
              104.064952,
              15.390489
            ],
            [
              104.067963,
              15.375841
            ],
            [
              104.076264,
              15.363837
            ],
            [
              104.088308,
              15.355658
            ],
            [
              104.117442,
              15.349433
            ],
            [
              104.128429,
              15.343533
            ],
            [
              104.137706,
              15.34044
            ],
            [
              104.147553,
              15.345811
            ],
            [
              104.153819,
              15.345811
            ],
            [
              104.164806,
              15.327582
            ],
            [
              104.201182,
              15.303168
            ],
            [
              104.208995,
              15.288113
            ],
            [
              104.213796,
              15.281277
            ],
            [
              104.224539,
              15.276923
            ],
            [
              104.235932,
              15.273749
            ],
            [
              104.243093,
              15.270697
            ],
            [
              104.247488,
              15.261339
            ],
            [
              104.250499,
              15.238796
            ],
            [
              104.257416,
              15.229763
            ],
            [
              104.263682,
              15.229763
            ],
            [
              104.277354,
              15.246894
            ],
            [
              104.302338,
              15.236274
            ],
            [
              104.352957,
              15.201768
            ],
            [
              104.35906,
              15.200995
            ],
            [
              104.377208,
              15.201768
            ],
            [
              104.386485,
              15.196601
            ],
            [
              104.384532,
              15.185085
            ],
            [
              104.380626,
              15.173529
            ],
            [
              104.384044,
              15.16828
            ],
            [
              104.449229,
              15.1435
            ],
            [
              104.460704,
              15.137274
            ],
            [
              104.486339,
              15.141669
            ],
            [
              104.524913,
              15.154079
            ],
            [
              104.535085,
              15.153591
            ],
            [
              104.561534,
              15.148017
            ],
            [
              104.675873,
              15.145575
            ],
            [
              104.694347,
              15.142157
            ],
            [
              104.709239,
              15.133572
            ],
            [
              104.720876,
              15.139919
            ],
            [
              104.729503,
              15.147732
            ],
            [
              104.734874,
              15.157904
            ],
            [
              104.736501,
              15.171454
            ],
            [
              104.722992,
              15.172146
            ],
            [
              104.711681,
              15.174872
            ],
            [
              104.702403,
              15.181952
            ],
            [
              104.790457,
              15.240831
            ],
            [
              104.800385,
              15.242865
            ],
            [
              104.815684,
              15.243435
            ],
            [
              104.826101,
              15.240343
            ],
            [
              104.823009,
              15.233588
            ],
            [
              104.813487,
              15.226589
            ],
            [
              104.804779,
              15.222927
            ],
            [
              104.804779,
              15.21544
            ],
            [
              104.821056,
              15.211941
            ],
            [
              104.831716,
              15.212714
            ],
            [
              104.853282,
              15.222927
            ],
            [
              104.92213,
              15.240302
            ],
            [
              104.931163,
              15.240546
            ],
            [
              104.968435,
              15.25906
            ],
            [
              104.973399,
              15.263943
            ],
            [
              104.986339,
              15.266466
            ],
            [
              105.016124,
              15.279405
            ],
            [
              105.126475,
              15.308702
            ],
            [
              105.183116,
              15.31212
            ],
            [
              105.202159,
              15.310981
            ],
            [
              105.217214,
              15.304267
            ],
            [
              105.223155,
              15.288113
            ],
            [
              105.224294,
              15.278754
            ],
            [
              105.22755,
              15.271796
            ],
            [
              105.249766,
              15.244818
            ],
            [
              105.256602,
              15.239691
            ],
            [
              105.266124,
              15.237901
            ],
            [
              105.275645,
              15.240546
            ],
            [
              105.284272,
              15.246772
            ],
            [
              105.291515,
              15.25495
            ],
            [
              105.303966,
              15.272528
            ],
            [
              105.312104,
              15.278754
            ],
            [
              105.322032,
              15.28266
            ],
            [
              105.348155,
              15.287909
            ],
            [
              105.353038,
              15.289903
            ],
            [
              105.356944,
              15.29267
            ],
            [
              105.364187,
              15.29914
            ],
            [
              105.368256,
              15.300971
            ],
            [
              105.36907,
              15.304145
            ],
            [
              105.3803,
              15.306952
            ],
            [
              105.39088,
              15.30744
            ],
            [
              105.400971,
              15.305528
            ],
            [
              105.416596,
              15.298855
            ],
            [
              105.430675,
              15.290229
            ],
            [
              105.444347,
              15.276964
            ],
            [
              105.448416,
              15.274726
            ],
            [
              105.450694,
              15.27029
            ],
            [
              105.454845,
              15.268907
            ],
            [
              105.459483,
              15.270128
            ],
            [
              105.462983,
              15.27322
            ],
            [
              105.464936,
              15.277899
            ],
            [
              105.466563,
              15.289252
            ],
            [
              105.467865,
              15.294542
            ],
            [
              105.472585,
              15.303575
            ],
            [
              105.475678,
              15.307481
            ],
            [
              105.480072,
              15.310899
            ],
            [
              105.485932,
              15.313503
            ],
            [
              105.499278,
              15.317491
            ],
            [
              105.503835,
              15.320176
            ]
          ]
        ]
      }
    },
    {
      "type": "Feature",
      "properties": {
        "dissolve": "735River",
        "scalerank": 8.0,
        "featurecla": "River",
        "name": "Chi",
        "name_alt": null,
        "rivernum": 735,
        "note": null,
        "min_zoom": 7.0,
        "name_en": "Chi",
        "min_label": 8.0
      },
      "bbox": [
        101.398041,
        15.188788,
        104.716075,
        16.387315
      ],
      "geometry": {
        "type": "MultiLineString",
        "coordinates": [
          [
            [
              101.405854,
              16.373643
            ],
            [
              101.398041,
              16.359198
            ],
            [
              101.407237,
              16.350938
            ],
            [
              101.425222,
              16.347235
            ],
            [
              101.444021,
              16.346381
            ],
            [
              101.459402,
              16.347683
            ],
            [
              101.463959,
              16.346137
            ],
            [
              101.474864,
              16.340155
            ],
            [
              101.477143,
              16.337266
            ],
            [
              101.491791,
              16.323839
            ],
            [
              101.495372,
              16.322781
            ],
            [
              101.497569,
              16.319892
            ],
            [
              101.502208,
              16.316962
            ],
            [
              101.506847,
              16.311713
            ],
            [
              101.509044,
              16.302029
            ],
            [
              101.506114,
              16.293809
            ],
            [
              101.492931,
              16.279812
            ],
            [
              101.488455,
              16.271308
            ],
            [
              101.487722,
              16.253201
            ],
            [
              101.492931,
              16.236925
            ],
            [
              101.502615,
              16.224189
            ],
            [
              101.515717,
              16.216661
            ],
            [
              101.531749,
              16.214464
            ],
            [
              101.588145,
              16.216661
            ],
            [
              101.591726,
              16.206977
            ],
            [
              101.585378,
              16.164252
            ],
            [
              101.5949,
              16.154568
            ],
            [
              101.597748,
              16.152452
            ],
            [
              101.600597,
              16.147773
            ],
            [
              101.605561,
              16.143093
            ],
            [
              101.646658,
              16.134711
            ],
            [
              101.65976,
              16.124376
            ],
            [
              101.680675,
              16.09748
            ],
            [
              101.694591,
              16.08629
            ],
            [
              101.683686,
              16.071397
            ],
            [
              101.679454,
              16.048204
            ],
            [
              101.677257,
              16.017401
            ],
            [
              101.678722,
              16.01085
            ],
            [
              101.685313,
              15.995429
            ],
            [
              101.690115,
              15.977159
            ],
            [
              101.687104,
              15.962185
            ],
            [
              101.697765,
              15.95421
            ],
            [
              101.703868,
              15.938544
            ],
            [
              101.708507,
              15.921088
            ],
            [
              101.715017,
              15.908149
            ],
            [
              101.715017,
              15.900702
            ],
            [
              101.711192,
              15.889268
            ],
            [
              101.716563,
              15.873318
            ],
            [
              101.727061,
              15.859076
            ],
            [
              101.738862,
              15.852891
            ],
            [
              101.743663,
              15.843207
            ],
            [
              101.745372,
              15.823676
            ],
            [
              101.751231,
              15.808458
            ],
            [
              101.769054,
              15.811957
            ],
            [
              101.778575,
              15.802314
            ],
            [
              101.788178,
              15.789578
            ],
            [
              101.798595,
              15.781277
            ],
            [
              101.810639,
              15.784613
            ],
            [
              101.814871,
              15.773627
            ],
            [
              101.818858,
              15.746853
            ],
            [
              101.824311,
              15.736884
            ],
            [
              101.830577,
              15.736884
            ],
            [
              101.847748,
              15.733262
            ],
            [
              101.901866,
              15.678778
            ],
            [
              101.926768,
              15.66116
            ],
            [
              101.944265,
              15.67475
            ],
            [
              101.961925,
              15.684516
            ],
            [
              101.979096,
              15.689399
            ],
            [
              101.995616,
              15.688422
            ],
            [
              101.996349,
              15.695014
            ],
            [
              101.997976,
              15.696357
            ],
            [
              102.002452,
              15.695868
            ],
            [
              102.007253,
              15.692247
            ],
            [
              102.018077,
              15.685899
            ],
            [
              102.02296,
              15.682237
            ],
            [
              102.026947,
              15.67711
            ],
            [
              102.032644,
              15.666612
            ],
            [
              102.036632,
              15.66116
            ],
            [
              102.077729,
              15.631537
            ],
            [
              102.084402,
              15.619574
            ],
            [
              102.103282,
              15.633002
            ],
            [
              102.119151,
              15.647488
            ],
            [
              102.124278,
              15.65412
            ],
            [
              102.132823,
              15.67475
            ],
            [
              102.135265,
              15.676378
            ],
            [
              102.139089,
              15.676785
            ],
            [
              102.143077,
              15.677924
            ],
            [
              102.146495,
              15.682237
            ],
            [
              102.146902,
              15.686876
            ],
            [
              102.145518,
              15.697699
            ],
            [
              102.146495,
              15.702094
            ],
            [
              102.158783,
              15.717393
            ],
            [
              102.162364,
              15.726142
            ],
            [
              102.160167,
              15.736884
            ],
            [
              102.175548,
              15.745388
            ],
            [
              102.203298,
              15.744656
            ],
            [
              102.214692,
              15.750515
            ],
            [
              102.208507,
              15.757351
            ],
            [
              102.212413,
              15.756944
            ],
            [
              102.214122,
              15.758083
            ],
            [
              102.214692,
              15.760565
            ],
            [
              102.214692,
              15.764187
            ],
            [
              102.222179,
              15.750515
            ],
            [
              102.240245,
              15.752712
            ],
            [
              102.253184,
              15.761298
            ],
            [
              102.276785,
              15.784613
            ],
            [
              102.307384,
              15.801581
            ],
            [
              102.322683,
              15.80683
            ],
            [
              102.331391,
              15.805732
            ],
            [
              102.336681,
              15.816718
            ],
            [
              102.335948,
              15.825995
            ],
            [
              102.3331,
              15.836249
            ],
            [
              102.331391,
              15.84988
            ],
            [
              102.334565,
              15.863837
            ],
            [
              102.348643,
              15.880316
            ],
            [
              102.35198,
              15.890815
            ],
            [
              102.356293,
              15.895046
            ],
            [
              102.365001,
              15.908271
            ],
            [
              102.371593,
              15.922187
            ],
            [
              102.369233,
              15.928656
            ],
            [
              102.377615,
              15.953721
            ],
            [
              102.379242,
              15.965888
            ],
            [
              102.381847,
              15.976386
            ],
            [
              102.388682,
              15.982204
            ],
            [
              102.406505,
              15.990098
            ],
            [
              102.417898,
              15.997911
            ],
            [
              102.427013,
              16.005886
            ],
            [
              102.456147,
              16.04328
            ],
            [
              102.488699,
              16.070339
            ],
            [
              102.502615,
              16.093126
            ],
            [
              102.507335,
              16.08393
            ],
            [
              102.517182,
              16.07921
            ],
            [
              102.543793,
              16.072048
            ],
            [
              102.536794,
              16.079454
            ],
            [
              102.577891,
              16.093126
            ],
            [
              102.575206,
              16.100287
            ],
            [
              102.583995,
              16.114203
            ],
            [
              102.585948,
              16.127265
            ],
            [
              102.592052,
              16.124579
            ],
            [
              102.598237,
              16.120429
            ],
            [
              102.622976,
              16.138251
            ],
            [
              102.653575,
              16.167589
            ],
            [
              102.673595,
              16.195583
            ],
            [
              102.667084,
              16.209174
            ],
            [
              102.669444,
              16.220038
            ],
            [
              102.674897,
              16.227362
            ],
            [
              102.683523,
              16.230821
            ],
            [
              102.695242,
              16.230292
            ],
            [
              102.692393,
              16.234158
            ],
            [
              102.687755,
              16.243964
            ],
            [
              102.715587,
              16.2508
            ],
            [
              102.737071,
              16.246405
            ],
            [
              102.761811,
              16.273383
            ],
            [
              102.782237,
              16.310614
            ],
            [
              102.794526,
              16.350653
            ],
            [
              102.804454,
              16.361111
            ],
            [
              102.8178,
              16.368476
            ],
            [
              102.831635,
              16.373643
            ],
            [
              102.847585,
              16.377265
            ],
            [
              102.861095,
              16.377265
            ],
            [
              102.893077,
              16.373643
            ],
            [
              102.893077,
              16.381171
            ],
            [
              102.886241,
              16.381171
            ],
            [
              102.886241,
              16.387315
            ],
            [
              102.942149,
              16.379706
            ],
            [
              102.9546,
              16.373643
            ],
            [
              102.9546,
              16.367499
            ],
            [
              102.947765,
              16.367499
            ],
            [
              102.947765,
              16.360663
            ],
            [
              102.964854,
              16.354356
            ],
            [
              102.979015,
              16.340644
            ],
            [
              102.98935,
              16.323065
            ],
            [
              102.995535,
              16.305447
            ],
            [
              103.00294,
              16.305447
            ],
            [
              103.010916,
              16.311713
            ],
            [
              103.016043,
              16.308539
            ],
            [
              103.020274,
              16.302069
            ],
            [
              103.026866,
              16.298611
            ],
            [
              103.041433,
              16.297431
            ],
            [
              103.04713,
              16.293809
            ],
            [
              103.050548,
              16.287462
            ],
            [
              103.080089,
              16.248074
            ],
            [
              103.095307,
              16.237372
            ],
            [
              103.11907,
              16.236518
            ],
            [
              103.112804,
              16.222846
            ],
            [
              103.123464,
              16.223334
            ],
            [
              103.126475,
              16.222846
            ],
            [
              103.126475,
              16.216661
            ],
            [
              103.120616,
              16.213446
            ],
            [
              103.117931,
              16.210313
            ],
            [
              103.116222,
              16.206855
            ],
            [
              103.112804,
              16.202338
            ],
            [
              103.143891,
              16.19599
            ],
            [
              103.167003,
              16.194648
            ],
            [
              103.241303,
              16.208035
            ],
            [
              103.252045,
              16.211534
            ],
            [
              103.263113,
              16.216661
            ],
            [
              103.273855,
              16.223334
            ],
            [
              103.28297,
              16.227484
            ],
            [
              103.2942,
              16.226182
            ],
            [
              103.311453,
              16.216661
            ],
            [
              103.312104,
              16.223212
            ],
            [
              103.310476,
              16.226386
            ],
            [
              103.307546,
              16.228095
            ],
            [
              103.304698,
              16.230292
            ],
            [
              103.326915,
              16.226142
            ],
            [
              103.336192,
              16.226345
            ],
            [
              103.345632,
              16.230292
            ],
            [
              103.35491,
              16.224148
            ],
            [
              103.365733,
              16.227403
            ],
            [
              103.387218,
              16.243964
            ],
            [
              103.387218,
              16.236518
            ],
            [
              103.396658,
              16.241563
            ],
            [
              103.40683,
              16.238471
            ],
            [
              103.414561,
              16.243964
            ],
            [
              103.421316,
              16.243964
            ],
            [
              103.448009,
              16.209174
            ],
            [
              103.450287,
              16.203721
            ],
            [
              103.450857,
              16.197211
            ],
            [
              103.452729,
              16.191677
            ],
            [
              103.458263,
              16.189317
            ],
            [
              103.463145,
              16.192165
            ],
            [
              103.470144,
              16.205268
            ],
            [
              103.476003,
              16.209174
            ],
            [
              103.488862,
              16.210273
            ],
            [
              103.523692,
              16.209174
            ],
            [
              103.533621,
              16.211982
            ],
            [
              103.548269,
              16.219753
            ],
            [
              103.557872,
              16.222846
            ],
            [
              103.566905,
              16.20539
            ],
            [
              103.587901,
              16.200751
            ],
            [
              103.605968,
              16.205634
            ],
            [
              103.606375,
              16.222846
            ],
            [
              103.617442,
              16.216661
            ],
            [
              103.625011,
              16.207953
            ],
            [
              103.630056,
              16.199897
            ],
            [
              103.634288,
              16.195583
            ],
            [
              103.646495,
              16.194892
            ],
            [
              103.654307,
              16.199042
            ],
            [
              103.660492,
              16.201443
            ],
            [
              103.667735,
              16.195583
            ],
            [
              103.674571,
              16.202338
            ],
            [
              103.669932,
              16.207384
            ],
            [
              103.665457,
              16.213894
            ],
            [
              103.660818,
              16.216661
            ],
            [
              103.660818,
              16.222846
            ],
            [
              103.678722,
              16.221503
            ],
            [
              103.686697,
              16.219916
            ],
            [
              103.695079,
              16.216661
            ],
            [
              103.695079,
              16.230292
            ],
            [
              103.701915,
              16.230292
            ],
            [
              103.712413,
              16.224677
            ],
            [
              103.726329,
              16.221381
            ],
            [
              103.738292,
              16.216417
            ],
            [
              103.743337,
              16.205756
            ],
            [
              103.750255,
              16.198757
            ],
            [
              103.76588,
              16.188341
            ],
            [
              103.784272,
              16.179145
            ],
            [
              103.798595,
              16.175645
            ],
            [
              103.798595,
              16.168891
            ],
            [
              103.79241,
              16.165961
            ],
            [
              103.789561,
              16.163275
            ],
            [
              103.784434,
              16.154568
            ],
            [
              103.797781,
              16.154324
            ],
            [
              103.808686,
              16.149685
            ],
            [
              103.815929,
              16.141628
            ],
            [
              103.818614,
              16.130968
            ],
            [
              103.827159,
              16.121446
            ],
            [
              103.865245,
              16.115546
            ],
            [
              103.87379,
              16.103705
            ],
            [
              103.877208,
              16.096951
            ],
            [
              103.893972,
              16.076931
            ],
            [
              103.900401,
              16.065782
            ],
            [
              103.90504,
              16.051134
            ],
            [
              103.907481,
              16.036404
            ],
            [
              103.908376,
              16.00373
            ],
            [
              103.914073,
              16.00373
            ],
            [
              103.925141,
              16.007921
            ],
            [
              103.923839,
              15.991523
            ],
            [
              103.914073,
              15.959052
            ],
            [
              103.911388,
              15.956732
            ],
            [
              103.904877,
              15.955105
            ],
            [
              103.898204,
              15.95128
            ],
            [
              103.894216,
              15.942328
            ],
            [
              103.895112,
              15.931708
            ],
            [
              103.899506,
              15.921739
            ],
            [
              103.906261,
              15.91352
            ],
            [
              103.914073,
              15.908149
            ],
            [
              103.91448,
              15.929958
            ],
            [
              103.92213,
              15.944037
            ],
            [
              103.93629,
              15.948757
            ],
            [
              103.95574,
              15.942328
            ],
            [
              103.968028,
              15.930487
            ],
            [
              103.97934,
              15.916205
            ],
            [
              103.990489,
              15.908149
            ],
            [
              104.003429,
              15.914984
            ],
            [
              104.009776,
              15.914984
            ],
            [
              104.013113,
              15.898627
            ],
            [
              104.020274,
              15.887966
            ],
            [
              104.029063,
              15.878852
            ],
            [
              104.03769,
              15.867214
            ],
            [
              104.027192,
              15.86286
            ],
            [
              104.017833,
              15.85517
            ],
            [
              104.013276,
              15.846503
            ],
            [
              104.0171,
              15.839219
            ],
            [
              104.0171,
              15.833075
            ],
            [
              104.00823,
              15.828681
            ],
            [
              104.003835,
              15.820502
            ],
            [
              104.004242,
              15.809923
            ],
            [
              104.009776,
              15.798285
            ],
            [
              104.030203,
              15.80504
            ],
            [
              104.055431,
              15.809434
            ],
            [
              104.073334,
              15.82038
            ],
            [
              104.071788,
              15.846747
            ],
            [
              104.11142,
              15.823188
            ],
            [
              104.13144,
              15.787665
            ],
            [
              104.135509,
              15.745469
            ],
            [
              104.126964,
              15.702094
            ],
            [
              104.13323,
              15.702094
            ],
            [
              104.144216,
              15.708279
            ],
            [
              104.155365,
              15.701687
            ],
            [
              104.166026,
              15.687079
            ],
            [
              104.194835,
              15.62873
            ],
            [
              104.215831,
              15.599677
            ],
            [
              104.238048,
              15.558173
            ],
            [
              104.239675,
              15.551296
            ],
            [
              104.276947,
              15.523749
            ],
            [
              104.284109,
              15.521186
            ],
            [
              104.286225,
              15.509711
            ],
            [
              104.295502,
              15.493109
            ],
            [
              104.297781,
              15.47956
            ],
            [
              104.30714,
              15.456244
            ],
            [
              104.328705,
              15.441718
            ],
            [
              104.352061,
              15.442003
            ],
            [
              104.36671,
              15.463162
            ],
            [
              104.373546,
              15.463162
            ],
            [
              104.380951,
              15.44949
            ],
            [
              104.382335,
              15.419867
            ],
            [
              104.387218,
              15.401068
            ],
            [
              104.391124,
              15.396552
            ],
            [
              104.411388,
              15.383653
            ],
            [
              104.418224,
              15.377631
            ],
            [
              104.423595,
              15.37462
            ],
            [
              104.428966,
              15.376899
            ],
            [
              104.435557,
              15.386786
            ],
            [
              104.435069,
              15.371772
            ],
            [
              104.438243,
              15.34988
            ],
            [
              104.435557,
              15.339626
            ],
            [
              104.428722,
              15.325303
            ],
            [
              104.444265,
              15.317898
            ],
            [
              104.453624,
              15.31684
            ],
            [
              104.462494,
              15.318549
            ],
            [
              104.476573,
              15.319159
            ],
            [
              104.478282,
              15.317979
            ],
            [
              104.492442,
              15.312852
            ],
            [
              104.500499,
              15.311632
            ],
            [
              104.508311,
              15.313422
            ],
            [
              104.511729,
              15.317491
            ],
            [
              104.513682,
              15.322089
            ],
            [
              104.517507,
              15.325303
            ],
            [
              104.528738,
              15.328884
            ],
            [
              104.541921,
              15.331081
            ],
            [
              104.556407,
              15.33039
            ],
            [
              104.572032,
              15.325303
            ],
            [
              104.582449,
              15.318305
            ],
            [
              104.591807,
              15.309882
            ],
            [
              104.599864,
              15.304145
            ],
            [
              104.606293,
              15.304877
            ],
            [
              104.613048,
              15.304877
            ],
            [
              104.622,
              15.288601
            ],
            [
              104.638194,
              15.277045
            ],
            [
              104.650401,
              15.265733
            ],
            [
              104.647227,
              15.250271
            ],
            [
              104.654552,
              15.240546
            ],
            [
              104.660492,
              15.238715
            ],
            [
              104.662852,
              15.24254
            ],
            [
              104.660818,
              15.250271
            ],
            [
              104.660818,
              15.256415
            ],
            [
              104.674083,
              15.25377
            ],
            [
              104.682872,
              15.245144
            ],
            [
              104.694916,
              15.222927
            ],
            [
              104.693777,
              15.224392
            ],
            [
              104.702403,
              15.209296
            ],
            [
              104.706554,
              15.204942
            ],
            [
              104.711436,
              15.202257
            ],
            [
              104.714936,
              15.198025
            ],
            [
              104.716075,
              15.188788
            ]
          ]
        ]
      }
    },
    {
      "type": "Feature",
      "properties": {
        "dissolve": "736River",
        "scalerank": 8.0,
        "featurecla": "River",
        "name": null,
        "name_alt": null,
        "rivernum": 736,
        "note": null,
        "min_zoom": 7.0,
        "name_en": null,
        "min_label": 8.0
      },
      "bbox": [
        100.870128,
        3.944607,
        101.680919,
        5.827582
      ],
      "geometry": {
        "type": "MultiLineString",
        "coordinates": [
          [
            [
              101.680919,
              5.704657
            ],
            [
              101.679454,
              5.727607
            ],
            [
              101.669526,
              5.744249
            ],
            [
              101.658295,
              5.75727
            ],
            [
              101.652924,
              5.769558
            ],
            [
              101.64796,
              5.776638
            ],
            [
              101.618907,
              5.827582
            ],
            [
              101.536794,
              5.817654
            ],
            [
              101.525483,
              5.814399
            ],
            [
              101.454275,
              5.814521
            ],
            [
              101.427826,
              5.802273
            ],
            [
              101.413097,
              5.780585
            ],
            [
              101.400483,
              5.71894
            ],
            [
              101.392996,
              5.683621
            ],
            [
              101.386811,
              5.669135
            ],
            [
              101.371593,
              5.641872
            ],
            [
              101.34962,
              5.562812
            ],
            [
              101.345225,
              5.530341
            ],
            [
              101.353608,
              5.481228
            ],
            [
              101.352957,
              5.462104
            ],
            [
              101.347179,
              5.444119
            ],
            [
              101.336029,
              5.429551
            ],
            [
              101.321544,
              5.420966
            ],
            [
              101.288992,
              5.409776
            ],
            [
              101.274506,
              5.400906
            ],
            [
              101.266124,
              5.389594
            ],
            [
              101.253998,
              5.363105
            ],
            [
              101.245209,
              5.352362
            ],
            [
              101.226573,
              5.34748
            ],
            [
              101.194265,
              5.366645
            ],
            [
              101.17921,
              5.366319
            ],
            [
              101.167572,
              5.349473
            ],
            [
              101.165945,
              5.32685
            ],
            [
              101.167084,
              5.302843
            ],
            [
              101.163503,
              5.28205
            ],
            [
              101.151866,
              5.267361
            ],
            [
              101.122325,
              5.245795
            ],
            [
              101.105724,
              5.220038
            ],
            [
              101.098643,
              5.219102
            ],
            [
              101.090343,
              5.21955
            ],
            [
              101.081065,
              5.214667
            ],
            [
              101.076182,
              5.206488
            ],
            [
              101.070811,
              5.177069
            ],
            [
              101.058604,
              5.156846
            ],
            [
              101.028331,
              5.122626
            ],
            [
              101.018158,
              5.092393
            ],
            [
              100.999929,
              5.074001
            ],
            [
              100.995697,
              5.063503
            ],
            [
              100.995046,
              5.05683
            ],
            [
              100.993175,
              5.051947
            ],
            [
              100.978933,
              5.034613
            ],
            [
              100.979747,
              5.0303
            ],
            [
              100.982351,
              5.02619
            ],
            [
              100.979747,
              5.010362
            ],
            [
              100.97934,
              5.001492
            ],
            [
              100.977306,
              4.994412
            ],
            [
              100.963878,
              4.987331
            ],
            [
              100.956147,
              4.977566
            ],
            [
              100.949962,
              4.966132
            ],
            [
              100.947276,
              4.957343
            ],
            [
              100.952566,
              4.934353
            ],
            [
              100.981456,
              4.94477
            ],
            [
              100.98821,
              4.926622
            ],
            [
              100.989024,
              4.914618
            ],
            [
              100.990326,
              4.906562
            ],
            [
              100.990733,
              4.899115
            ],
            [
              100.98821,
              4.889106
            ],
            [
              100.982595,
              4.880316
            ],
            [
              100.976003,
              4.874783
            ],
            [
              100.970225,
              4.868598
            ],
            [
              100.967784,
              4.858018
            ],
            [
              100.967784,
              4.792914
            ],
            [
              100.963145,
              4.753689
            ],
            [
              100.954112,
              4.7178
            ],
            [
              100.926199,
              4.652289
            ],
            [
              100.922944,
              4.635362
            ],
            [
              100.908783,
              4.613552
            ],
            [
              100.905772,
              4.597683
            ],
            [
              100.910492,
              4.581244
            ],
            [
              100.9192,
              4.568793
            ],
            [
              100.925141,
              4.556098
            ],
            [
              100.919932,
              4.539008
            ],
            [
              100.939138,
              4.514838
            ],
            [
              100.930268,
              4.479844
            ],
            [
              100.899506,
              4.416083
            ],
            [
              100.899913,
              4.404853
            ],
            [
              100.905203,
              4.383734
            ],
            [
              100.905772,
              4.374538
            ],
            [
              100.888927,
              4.347357
            ],
            [
              100.885834,
              4.337266
            ],
            [
              100.888113,
              4.331163
            ],
            [
              100.89739,
              4.313178
            ],
            [
              100.899506,
              4.303168
            ],
            [
              100.900483,
              4.280544
            ],
            [
              100.912527,
              4.231147
            ],
            [
              100.91684,
              4.222602
            ],
            [
              100.921316,
              4.215522
            ],
            [
              100.924734,
              4.206814
            ],
            [
              100.926199,
              4.193305
            ],
            [
              100.933604,
              4.178046
            ],
            [
              100.981375,
              4.149237
            ],
            [
              101.017182,
              4.084784
            ],
            [
              101.02239,
              4.070665
            ],
            [
              101.019216,
              4.048936
            ],
            [
              101.011811,
              4.028835
            ],
            [
              100.97226,
              3.961249
            ],
            [
              100.954275,
              3.944607
            ],
            [
              100.937022,
              3.946601
            ],
            [
              100.92685,
              3.953233
            ],
            [
              100.893972,
              3.967719
            ],
            [
              100.882091,
              3.970486
            ],
            [
              100.872976,
              3.975775
            ],
            [
              100.870128,
              3.988593
            ],
            [
              100.871511,
              4.018866
            ]
          ]
        ]
      }
    },
    {
      "type": "Feature",
      "properties": {
        "dissolve": "738River",
        "scalerank": 8.0,
        "featurecla": "River",
        "name": "Da",
        "name_alt": "Black",
        "rivernum": 738,
        "note": null,
        "min_zoom": 7.0,
        "name_en": "Black",
        "min_label": 8.0
      },
      "bbox": [
        100.612071,
        20.759467,
        105.346121,
        24.748643
      ],
      "geometry": {
        "type": "MultiLineString",
        "coordinates": [
          [
            [
              100.612071,
              24.748643
            ],
            [
              100.656505,
              24.715644
            ],
            [
              100.6692,
              24.70364
            ],
            [
              100.677989,
              24.698106
            ],
            [
              100.702159,
              24.687812
            ],
            [
              100.707042,
              24.682807
            ],
            [
              100.720714,
              24.651801
            ],
            [
              100.739268,
              24.638495
            ],
            [
              100.759288,
              24.629665
            ],
            [
              100.775483,
              24.617499
            ],
            [
              100.782237,
              24.594062
            ],
            [
              100.784434,
              24.589057
            ],
            [
              100.789073,
              24.583848
            ],
            [
              100.793712,
              24.576768
            ],
            [
              100.797862,
              24.551378
            ],
            [
              100.802826,
              24.545193
            ],
            [
              100.8095,
              24.541612
            ],
            [
              100.816335,
              24.535102
            ],
            [
              100.824718,
              24.521186
            ],
            [
              100.840831,
              24.460639
            ],
            [
              100.85434,
              24.454169
            ],
            [
              100.8838,
              24.423367
            ],
            [
              100.896495,
              24.406277
            ],
            [
              100.917491,
              24.349311
            ],
            [
              100.923106,
              24.34394
            ],
            [
              100.929128,
              24.339626
            ],
            [
              100.93214,
              24.329942
            ],
            [
              100.934093,
              24.32038
            ],
            [
              100.937022,
              24.315985
            ],
            [
              100.952078,
              24.310167
            ],
            [
              100.95574,
              24.297065
            ],
            [
              100.954112,
              24.27501
            ],
            [
              100.992686,
              24.239081
            ],
            [
              101.009695,
              24.215928
            ],
            [
              101.005626,
              24.196234
            ],
            [
              101.000418,
              24.186347
            ],
            [
              101.002208,
              24.175157
            ],
            [
              101.006847,
              24.164252
            ],
            [
              101.009369,
              24.1553
            ],
            [
              101.014089,
              24.148546
            ],
            [
              101.02532,
              24.147488
            ],
            [
              101.038829,
              24.147569
            ],
            [
              101.050304,
              24.144721
            ],
            [
              101.060802,
              24.132392
            ],
            [
              101.069591,
              24.113227
            ],
            [
              101.07545,
              24.091905
            ],
            [
              101.077647,
              24.07331
            ],
            [
              101.084565,
              24.055447
            ],
            [
              101.11671,
              24.021064
            ],
            [
              101.125987,
              24.007514
            ],
            [
              101.132742,
              23.966335
            ],
            [
              101.137706,
              23.950263
            ],
            [
              101.149913,
              23.936143
            ],
            [
              101.157237,
              23.919013
            ],
            [
              101.15504,
              23.894721
            ],
            [
              101.145925,
              23.856716
            ],
            [
              101.145763,
              23.788886
            ],
            [
              101.149669,
              23.755194
            ],
            [
              101.159597,
              23.727607
            ],
            [
              101.176524,
              23.696153
            ],
            [
              101.186697,
              23.664822
            ],
            [
              101.185069,
              23.632025
            ],
            [
              101.166433,
              23.596625
            ],
            [
              101.181244,
              23.582628
            ],
            [
              101.225352,
              23.574327
            ],
            [
              101.23463,
              23.565945
            ],
            [
              101.237804,
              23.559434
            ],
            [
              101.251964,
              23.545966
            ],
            [
              101.255056,
              23.538642
            ],
            [
              101.25294,
              23.528754
            ],
            [
              101.249929,
              23.520941
            ],
            [
              101.251394,
              23.514228
            ],
            [
              101.262625,
              23.50788
            ],
            [
              101.280203,
              23.425401
            ],
            [
              101.279307,
              23.411689
            ],
            [
              101.282481,
              23.396064
            ],
            [
              101.251231,
              23.286729
            ],
            [
              101.245128,
              23.274482
            ],
            [
              101.244884,
              23.264838
            ],
            [
              101.2588,
              23.26085
            ],
            [
              101.276785,
              23.259101
            ],
            [
              101.290619,
              23.254421
            ],
            [
              101.317149,
              23.240343
            ],
            [
              101.342214,
              23.232733
            ],
            [
              101.34905,
              23.22602
            ],
            [
              101.351329,
              23.209337
            ],
            [
              101.342703,
              23.16352
            ],
            [
              101.337576,
              23.150987
            ],
            [
              101.339692,
              23.144721
            ],
            [
              101.33074,
              23.124294
            ],
            [
              101.367931,
              23.08808
            ],
            [
              101.382091,
              23.083319
            ],
            [
              101.39088,
              23.08865
            ],
            [
              101.427013,
              23.124294
            ],
            [
              101.432628,
              23.114691
            ],
            [
              101.443126,
              23.109931
            ],
            [
              101.467377,
              23.103827
            ],
            [
              101.486908,
              23.087104
            ],
            [
              101.497976,
              23.075019
            ],
            [
              101.51295,
              23.048367
            ],
            [
              101.515717,
              23.041124
            ],
            [
              101.516368,
              23.036322
            ],
            [
              101.515717,
              23.017849
            ],
            [
              101.5088,
              23.015408
            ],
            [
              101.467377,
              22.986518
            ],
            [
              101.477306,
              22.981024
            ],
            [
              101.483653,
              22.975369
            ],
            [
              101.495372,
              22.959174
            ],
            [
              101.506928,
              22.931179
            ],
            [
              101.509044,
              22.928494
            ],
            [
              101.520518,
              22.905382
            ],
            [
              101.522553,
              22.89407
            ],
            [
              101.550548,
              22.870429
            ],
            [
              101.56837,
              22.860948
            ],
            [
              101.586355,
              22.854438
            ],
            [
              101.606049,
              22.850613
            ],
            [
              101.628998,
              22.849311
            ],
            [
              101.645518,
              22.855292
            ],
            [
              101.656993,
              22.869208
            ],
            [
              101.673432,
              22.897773
            ],
            [
              101.700613,
              22.91588
            ],
            [
              101.731619,
              22.919216
            ],
            [
              101.764415,
              22.908271
            ],
            [
              101.796397,
              22.884101
            ],
            [
              101.819591,
              22.847439
            ],
            [
              101.834402,
              22.830024
            ],
            [
              101.854747,
              22.822618
            ],
            [
              101.860444,
              22.819444
            ],
            [
              101.865245,
              22.812364
            ],
            [
              101.871593,
              22.805284
            ],
            [
              101.882335,
              22.80211
            ],
            [
              101.89503,
              22.803819
            ],
            [
              101.904063,
              22.807725
            ],
            [
              101.911794,
              22.812323
            ],
            [
              101.919932,
              22.815782
            ],
            [
              101.927419,
              22.817694
            ],
            [
              101.933604,
              22.818305
            ],
            [
              101.940033,
              22.817735
            ],
            [
              101.947765,
              22.815782
            ],
            [
              101.961436,
              22.805854
            ],
            [
              101.97047,
              22.801703
            ],
            [
              101.974539,
              22.805243
            ],
            [
              101.980398,
              22.80211
            ],
            [
              102.016124,
              22.767401
            ],
            [
              102.036143,
              22.735622
            ],
            [
              102.052257,
              22.702948
            ],
            [
              102.07252,
              22.673529
            ],
            [
              102.104747,
              22.651313
            ],
            [
              102.163992,
              22.626532
            ],
            [
              102.184255,
              22.623399
            ],
            [
              102.226492,
              22.624132
            ],
            [
              102.247081,
              22.622341
            ],
            [
              102.263194,
              22.616563
            ],
            [
              102.276541,
              22.601426
            ],
            [
              102.292979,
              22.568305
            ],
            [
              102.307546,
              22.561957
            ],
            [
              102.379242,
              22.575629
            ],
            [
              102.401785,
              22.57453
            ],
            [
              102.458018,
              22.561957
            ],
            [
              102.508556,
              22.566759
            ],
            [
              102.523204,
              22.561957
            ],
            [
              102.526947,
              22.557563
            ],
            [
              102.537039,
              22.541693
            ],
            [
              102.543793,
              22.534613
            ],
            [
              102.55128,
              22.531073
            ],
            [
              102.560557,
              22.528388
            ],
            [
              102.568289,
              22.524482
            ],
            [
              102.577566,
              22.50727
            ],
            [
              102.644949,
              22.436225
            ],
            [
              102.662852,
              22.423692
            ],
            [
              102.701427,
              22.414374
            ],
            [
              102.737234,
              22.39289
            ],
            [
              102.776785,
              22.360378
            ],
            [
              102.800304,
              22.330919
            ],
            [
              102.817556,
              22.297065
            ],
            [
              102.82545,
              22.260321
            ],
            [
              102.824799,
              22.252631
            ],
            [
              102.823334,
              22.247911
            ],
            [
              102.822846,
              22.24254
            ],
            [
              102.82545,
              22.232978
            ],
            [
              102.828543,
              22.228339
            ],
            [
              102.837332,
              22.219184
            ],
            [
              102.84547,
              22.20543
            ],
            [
              102.860362,
              22.20539
            ],
            [
              102.889659,
              22.21247
            ],
            [
              102.908376,
              22.202948
            ],
            [
              102.916515,
              22.180732
            ],
            [
              102.922374,
              22.155707
            ],
            [
              102.934662,
              22.137397
            ],
            [
              102.951915,
              22.136176
            ],
            [
              103.040294,
              22.147732
            ],
            [
              103.066742,
              22.140001
            ],
            [
              103.095795,
              22.122178
            ],
            [
              103.140147,
              22.085557
            ],
            [
              103.177338,
              22.087958
            ],
            [
              103.264415,
              22.048041
            ],
            [
              103.28419,
              22.054267
            ],
            [
              103.280854,
              22.057481
            ],
            [
              103.273448,
              22.062771
            ],
            [
              103.266124,
              22.069159
            ],
            [
              103.263113,
              22.075995
            ],
            [
              103.266531,
              22.08157
            ],
            [
              103.323985,
              22.149482
            ],
            [
              103.338796,
              22.157904
            ],
            [
              103.360932,
              22.158067
            ],
            [
              103.38323,
              22.14997
            ],
            [
              103.400076,
              22.136298
            ],
            [
              103.406993,
              22.119981
            ],
            [
              103.409679,
              22.095771
            ],
            [
              103.416515,
              22.081407
            ],
            [
              103.441173,
              22.061632
            ],
            [
              103.452159,
              22.048367
            ],
            [
              103.458263,
              22.031317
            ],
            [
              103.460948,
              22.011583
            ],
            [
              103.461681,
              21.990302
            ],
            [
              103.465343,
              21.985541
            ],
            [
              103.473888,
              21.97956
            ],
            [
              103.483979,
              21.974473
            ],
            [
              103.492686,
              21.972276
            ],
            [
              103.497488,
              21.967841
            ],
            [
              103.543956,
              21.893093
            ],
            [
              103.550955,
              21.876736
            ],
            [
              103.555186,
              21.857733
            ],
            [
              103.559662,
              21.813015
            ],
            [
              103.564708,
              21.794786
            ],
            [
              103.58074,
              21.770046
            ],
            [
              103.585867,
              21.760037
            ],
            [
              103.584483,
              21.759548
            ],
            [
              103.585378,
              21.74376
            ],
            [
              103.585867,
              21.743272
            ],
            [
              103.587576,
              21.739936
            ],
            [
              103.596121,
              21.735378
            ],
            [
              103.598888,
              21.733344
            ],
            [
              103.625418,
              21.689521
            ],
            [
              103.642589,
              21.67239
            ],
            [
              103.660818,
              21.671251
            ],
            [
              103.67335,
              21.665595
            ],
            [
              103.67628,
              21.666815
            ],
            [
              103.681407,
              21.671251
            ],
            [
              103.704112,
              21.661404
            ],
            [
              103.749522,
              21.652208
            ],
            [
              103.7671,
              21.640204
            ],
            [
              103.805919,
              21.58161
            ],
            [
              103.811697,
              21.565131
            ],
            [
              103.815115,
              21.558621
            ],
            [
              103.824311,
              21.553534
            ],
            [
              103.853038,
              21.546983
            ],
            [
              103.900401,
              21.54088
            ],
            [
              103.912608,
              21.533718
            ],
            [
              103.921153,
              21.527045
            ],
            [
              103.930593,
              21.522284
            ],
            [
              103.958507,
              21.517524
            ],
            [
              103.967703,
              21.510321
            ],
            [
              103.983653,
              21.493109
            ],
            [
              103.995209,
              21.498562
            ],
            [
              104.003429,
              21.496772
            ],
            [
              104.0171,
              21.485663
            ],
            [
              104.034272,
              21.463446
            ],
            [
              104.03769,
              21.462104
            ],
            [
              104.046479,
              21.451483
            ],
            [
              104.089854,
              21.438544
            ],
            [
              104.105968,
              21.431667
            ],
            [
              104.111501,
              21.425605
            ],
            [
              104.132742,
              21.397284
            ],
            [
              104.150645,
              21.379828
            ],
            [
              104.160085,
              21.364325
            ],
            [
              104.161794,
              21.33747
            ],
            [
              104.167491,
              21.321845
            ],
            [
              104.177989,
              21.313422
            ],
            [
              104.209239,
              21.295722
            ],
            [
              104.223888,
              21.272325
            ],
            [
              104.277354,
              21.252956
            ],
            [
              104.283376,
              21.246161
            ],
            [
              104.290945,
              21.231228
            ],
            [
              104.297781,
              21.225613
            ],
            [
              104.364024,
              21.213731
            ],
            [
              104.381358,
              21.201361
            ],
            [
              104.42864,
              21.143581
            ],
            [
              104.441335,
              21.133857
            ],
            [
              104.459402,
              21.129991
            ],
            [
              104.47226,
              21.124701
            ],
            [
              104.511241,
              21.089057
            ],
            [
              104.515717,
              21.081407
            ],
            [
              104.514415,
              21.076728
            ],
            [
              104.514903,
              21.073065
            ],
            [
              104.524913,
              21.06863
            ],
            [
              104.531749,
              21.068915
            ],
            [
              104.540619,
              21.071845
            ],
            [
              104.54835,
              21.075629
            ],
            [
              104.551524,
              21.078477
            ],
            [
              104.553722,
              21.083075
            ],
            [
              104.558116,
              21.080675
            ],
            [
              104.562592,
              21.073798
            ],
            [
              104.567149,
              21.053494
            ],
            [
              104.57366,
              21.048204
            ],
            [
              104.58253,
              21.048611
            ],
            [
              104.592459,
              21.054267
            ],
            [
              104.618337,
              21.035712
            ],
            [
              104.653901,
              21.03502
            ],
            [
              104.687999,
              21.047553
            ],
            [
              104.709239,
              21.06863
            ],
            [
              104.728038,
              21.061957
            ],
            [
              104.766612,
              21.053331
            ],
            [
              104.781261,
              21.044053
            ],
            [
              104.797537,
              21.037177
            ],
            [
              104.847179,
              21.036566
            ],
            [
              104.866954,
              21.0338
            ],
            [
              104.877615,
              21.02501
            ],
            [
              104.891531,
              21.008612
            ],
            [
              104.903331,
              20.990302
            ],
            [
              104.913259,
              20.96369
            ],
            [
              104.996593,
              20.877021
            ],
            [
              105.003998,
              20.873074
            ],
            [
              105.013438,
              20.860297
            ],
            [
              105.086436,
              20.813096
            ],
            [
              105.09075,
              20.807318
            ],
            [
              105.092784,
              20.794257
            ],
            [
              105.088634,
              20.792751
            ],
            [
              105.081065,
              20.783026
            ],
            [
              105.076752,
              20.772081
            ],
            [
              105.082937,
              20.766913
            ],
            [
              105.093272,
              20.765733
            ],
            [
              105.11671,
              20.759467
            ],
            [
              105.129405,
              20.761298
            ],
            [
              105.136811,
              20.765448
            ],
            [
              105.142019,
              20.770046
            ],
            [
              105.147472,
              20.773139
            ],
            [
              105.178803,
              20.772732
            ],
            [
              105.196544,
              20.774604
            ],
            [
              105.212901,
              20.784003
            ],
            [
              105.228608,
              20.796698
            ],
            [
              105.244233,
              20.803249
            ],
            [
              105.304779,
              20.810899
            ],
            [
              105.324799,
              20.817572
            ],
            [
              105.340017,
              20.828803
            ],
            [
              105.346121,
              20.845486
            ],
            [
              105.343028,
              20.850653
            ],
            [
              105.329275,
              20.860419
            ],
            [
              105.326182,
              20.865912
            ],
            [
              105.332449,
              20.910264
            ],
            [
              105.332612,
              20.956366
            ],
            [
              105.3296,
              20.981309
            ],
            [
              105.322765,
              20.992255
            ],
            [
              105.31544,
              20.999783
            ],
            [
              105.290619,
              21.038153
            ],
            [
              105.284679,
              21.054267
            ],
            [
              105.28655,
              21.075507
            ],
            [
              105.302013,
              21.104315
            ],
            [
              105.305675,
              21.126573
            ],
            [
              105.300548,
              21.141221
            ],
            [
              105.289643,
              21.154893
            ],
            [
              105.28183,
              21.170681
            ],
            [
              105.284679,
              21.191474
            ],
            [
              105.302745,
              21.209499
            ],
            [
              105.326427,
              21.220974
            ],
            [
              105.342784,
              21.238105
            ],
            [
              105.339854,
              21.273383
            ]
          ]
        ]
      }
    },
    {
      "type": "Feature",
      "properties": {
        "dissolve": "768River",
        "scalerank": 8.0,
        "featurecla": "River",
        "name": "Ca",
        "name_alt": null,
        "rivernum": 768,
        "note": null,
        "min_zoom": 7.0,
        "name_en": "Ca",
        "min_label": 8.0
      },
      "bbox": [
        103.832286,
        18.570136,
        105.750662,
        19.899848
      ],
      "geometry": {
        "type": "MultiLineString",
        "coordinates": [
          [
            [
              103.832286,
              19.899848
            ],
            [
              103.838471,
              19.870225
            ],
            [
              103.854991,
              19.855414
            ],
            [
              103.900401,
              19.834052
            ],
            [
              103.908621,
              19.82571
            ],
            [
              103.928396,
              19.793647
            ],
            [
              103.938487,
              19.787665
            ],
            [
              103.952159,
              19.782579
            ],
            [
              103.964285,
              19.775336
            ],
            [
              103.96933,
              19.762641
            ],
            [
              103.972179,
              19.746121
            ],
            [
              103.979991,
              19.732245
            ],
            [
              103.99171,
              19.720893
            ],
            [
              104.006602,
              19.711737
            ],
            [
              104.030365,
              19.702175
            ],
            [
              104.100108,
              19.687201
            ],
            [
              104.157807,
              19.687934
            ],
            [
              104.268565,
              19.71662
            ],
            [
              104.327403,
              19.71837
            ],
            [
              104.329112,
              19.705512
            ],
            [
              104.338634,
              19.68476
            ],
            [
              104.341807,
              19.673611
            ],
            [
              104.337901,
              19.656806
            ],
            [
              104.316824,
              19.628526
            ],
            [
              104.315033,
              19.612738
            ],
            [
              104.328136,
              19.598334
            ],
            [
              104.350597,
              19.591498
            ],
            [
              104.455089,
              19.575954
            ],
            [
              104.483409,
              19.567491
            ],
            [
              104.512218,
              19.553575
            ],
            [
              104.5442,
              19.529812
            ],
            [
              104.556163,
              19.523505
            ],
            [
              104.58253,
              19.517361
            ],
            [
              104.595225,
              19.512641
            ],
            [
              104.604991,
              19.503363
            ],
            [
              104.607188,
              19.480251
            ],
            [
              104.592459,
              19.457953
            ],
            [
              104.551524,
              19.423163
            ],
            [
              104.516694,
              19.405951
            ],
            [
              104.511241,
              19.399848
            ],
            [
              104.508881,
              19.389106
            ],
            [
              104.503184,
              19.379096
            ],
            [
              104.478119,
              19.345974
            ],
            [
              104.469493,
              19.342719
            ],
            [
              104.452566,
              19.341824
            ],
            [
              104.437999,
              19.33751
            ],
            [
              104.421153,
              19.318468
            ],
            [
              104.407644,
              19.31391
            ],
            [
              104.412364,
              19.298611
            ],
            [
              104.419444,
              19.285264
            ],
            [
              104.429861,
              19.275906
            ],
            [
              104.445404,
              19.272284
            ],
            [
              104.457042,
              19.268134
            ],
            [
              104.489268,
              19.249823
            ],
            [
              104.500499,
              19.245632
            ],
            [
              104.512299,
              19.242987
            ],
            [
              104.551524,
              19.225165
            ],
            [
              104.566987,
              19.220974
            ],
            [
              104.599294,
              19.217719
            ],
            [
              104.657725,
              19.204657
            ],
            [
              104.667491,
              19.197089
            ],
            [
              104.672537,
              19.163764
            ],
            [
              104.677826,
              19.156277
            ],
            [
              104.709239,
              19.15001
            ],
            [
              104.71339,
              19.145209
            ],
            [
              104.719493,
              19.132025
            ],
            [
              104.722992,
              19.128282
            ],
            [
              104.736339,
              19.126492
            ],
            [
              104.745535,
              19.129096
            ],
            [
              104.753673,
              19.128038
            ],
            [
              104.764415,
              19.115302
            ],
            [
              104.780854,
              19.11579
            ],
            [
              104.85434,
              19.060818
            ],
            [
              104.872569,
              19.050645
            ],
            [
              104.907481,
              19.043158
            ],
            [
              104.938406,
              19.029079
            ],
            [
              104.952891,
              19.025906
            ],
            [
              104.968272,
              19.024726
            ],
            [
              104.973643,
              19.023383
            ],
            [
              104.977794,
              19.021552
            ],
            [
              104.985281,
              19.012763
            ],
            [
              104.987397,
              19.001247
            ],
            [
              104.991303,
              18.988837
            ],
            [
              105.003998,
              18.977484
            ],
            [
              105.024099,
              18.989122
            ],
            [
              105.046641,
              18.976589
            ],
            [
              105.065033,
              18.952663
            ],
            [
              105.073009,
              18.930284
            ],
            [
              105.079194,
              18.930284
            ],
            [
              105.085704,
              18.949734
            ],
            [
              105.098643,
              18.954535
            ],
            [
              105.11378,
              18.947211
            ],
            [
              105.127533,
              18.930284
            ],
            [
              105.1338,
              18.930284
            ],
            [
              105.137218,
              18.935981
            ],
            [
              105.144216,
              18.94477
            ],
            [
              105.147472,
              18.950751
            ],
            [
              105.167491,
              18.942328
            ],
            [
              105.229991,
              18.930284
            ],
            [
              105.257335,
              18.916612
            ],
            [
              105.267345,
              18.916205
            ],
            [
              105.276866,
              18.917914
            ],
            [
              105.286713,
              18.915595
            ],
            [
              105.29835,
              18.90294
            ],
            [
              105.286794,
              18.904405
            ],
            [
              105.276866,
              18.90294
            ],
            [
              105.269135,
              18.898057
            ],
            [
              105.264171,
              18.88935
            ],
            [
              105.276459,
              18.88703
            ],
            [
              105.284679,
              18.883002
            ],
            [
              105.28948,
              18.875312
            ],
            [
              105.291515,
              18.862006
            ],
            [
              105.284597,
              18.857286
            ],
            [
              105.279877,
              18.853095
            ],
            [
              105.277843,
              18.848334
            ],
            [
              105.28004,
              18.842597
            ],
            [
              105.284434,
              18.838935
            ],
            [
              105.289073,
              18.836453
            ],
            [
              105.291515,
              18.834093
            ],
            [
              105.289236,
              18.817939
            ],
            [
              105.287039,
              18.809272
            ],
            [
              105.284679,
              18.8074
            ],
            [
              105.29005,
              18.802191
            ],
            [
              105.302013,
              18.79621
            ],
            [
              105.305675,
              18.793077
            ],
            [
              105.308116,
              18.792548
            ],
            [
              105.316742,
              18.793647
            ],
            [
              105.319347,
              18.793077
            ],
            [
              105.320079,
              18.790229
            ],
            [
              105.318858,
              18.782416
            ],
            [
              105.319347,
              18.779486
            ],
            [
              105.321544,
              18.774848
            ],
            [
              105.326182,
              18.758979
            ],
            [
              105.332286,
              18.754421
            ],
            [
              105.369151,
              18.732449
            ],
            [
              105.40325,
              18.693956
            ],
            [
              105.412039,
              18.686713
            ],
            [
              105.421886,
              18.683295
            ],
            [
              105.433442,
              18.686957
            ],
            [
              105.444265,
              18.694607
            ],
            [
              105.454194,
              18.69831
            ],
            [
              105.46339,
              18.690131
            ],
            [
              105.470225,
              18.690131
            ],
            [
              105.489513,
              18.703559
            ],
            [
              105.508067,
              18.686347
            ],
            [
              105.531749,
              18.642279
            ],
            [
              105.569428,
              18.621853
            ],
            [
              105.575776,
              18.620876
            ],
            [
              105.589122,
              18.616563
            ],
            [
              105.607921,
              18.613308
            ],
            [
              105.610769,
              18.60753
            ],
            [
              105.61085,
              18.600409
            ],
            [
              105.614268,
              18.593858
            ],
            [
              105.639171,
              18.576768
            ],
            [
              105.661632,
              18.570136
            ],
            [
              105.680675,
              18.577216
            ],
            [
              105.695567,
              18.601345
            ],
            [
              105.692963,
              18.600775
            ],
            [
              105.690522,
              18.60696
            ],
            [
              105.688731,
              18.615424
            ],
            [
              105.688731,
              18.621853
            ],
            [
              105.692963,
              18.6258
            ],
            [
              105.700043,
              18.627387
            ],
            [
              105.706391,
              18.630439
            ],
            [
              105.709076,
              18.638861
            ],
            [
              105.714366,
              18.647732
            ],
            [
              105.726573,
              18.654486
            ],
            [
              105.750662,
              18.662787
            ]
          ]
        ]
      }
    },
    {
      "type": "Feature",
      "properties": {
        "dissolve": "907River",
        "scalerank": 8.0,
        "featurecla": "River",
        "name": null,
        "name_alt": null,
        "rivernum": 907,
        "note": null,
        "min_zoom": 7.0,
        "name_en": null,
        "min_label": 8.0
      },
      "bbox": [
        102.611908,
        16.381171,
        102.956065,
        16.772162
      ],
      "geometry": {
        "type": "MultiLineString",
        "coordinates": [
          [
            [
              102.611908,
              16.771552
            ],
            [
              102.631358,
              16.772162
            ],
            [
              102.651541,
              16.768134
            ],
            [
              102.669688,
              16.760688
            ],
            [
              102.68157,
              16.751044
            ],
            [
              102.687755,
              16.751044
            ],
            [
              102.696869,
              16.758979
            ],
            [
              102.698822,
              16.753933
            ],
            [
              102.698416,
              16.743964
            ],
            [
              102.701427,
              16.737372
            ],
            [
              102.711925,
              16.734687
            ],
            [
              102.719168,
              16.735175
            ],
            [
              102.726003,
              16.736762
            ],
            [
              102.735444,
              16.737372
            ],
            [
              102.770112,
              16.730577
            ],
            [
              102.773936,
              16.72602
            ],
            [
              102.776947,
              16.719428
            ],
            [
              102.781668,
              16.71837
            ],
            [
              102.790619,
              16.730577
            ],
            [
              102.791515,
              16.711371
            ],
            [
              102.805919,
              16.715766
            ],
            [
              102.824718,
              16.729315
            ],
            [
              102.839122,
              16.737372
            ],
            [
              102.833018,
              16.728705
            ],
            [
              102.832286,
              16.721137
            ],
            [
              102.836518,
              16.714789
            ],
            [
              102.845307,
              16.709499
            ],
            [
              102.825613,
              16.69599
            ],
            [
              102.822765,
              16.683173
            ],
            [
              102.827891,
              16.667344
            ],
            [
              102.831635,
              16.644884
            ],
            [
              102.85434,
              16.626899
            ],
            [
              102.85963,
              16.620714
            ],
            [
              102.85906,
              16.600938
            ],
            [
              102.862722,
              16.592963
            ],
            [
              102.872569,
              16.600206
            ],
            [
              102.886241,
              16.587226
            ],
            [
              102.882416,
              16.576361
            ],
            [
              102.886241,
              16.565497
            ],
            [
              102.882253,
              16.555976
            ],
            [
              102.886811,
              16.546007
            ],
            [
              102.896251,
              16.53738
            ],
            [
              102.906749,
              16.532009
            ],
            [
              102.899343,
              16.524522
            ],
            [
              102.902354,
              16.517524
            ],
            [
              102.904796,
              16.515815
            ],
            [
              102.904552,
              16.515082
            ],
            [
              102.899343,
              16.51085
            ],
            [
              102.899343,
              16.504014
            ],
            [
              102.909109,
              16.498562
            ],
            [
              102.908376,
              16.492458
            ],
            [
              102.901785,
              16.487006
            ],
            [
              102.893077,
              16.483507
            ],
            [
              102.903819,
              16.4713
            ],
            [
              102.912364,
              16.458035
            ],
            [
              102.921641,
              16.450751
            ],
            [
              102.934662,
              16.456244
            ],
            [
              102.950694,
              16.431912
            ],
            [
              102.9546,
              16.422065
            ],
            [
              102.956065,
              16.41474
            ],
            [
              102.953054,
              16.403022
            ],
            [
              102.940929,
              16.381171
            ]
          ]
        ]
      }
    },
    {
      "type": "Feature",
      "properties": {
        "name": "Nan",
        "name_th": "แม่น้ำน่าน",
        "basin": "Chao Phraya Basin"
      },
      "geometry": {
        "type": "LineString",
        "coordinates": [
          [
            100.85,
            19.1
          ],
          [
            100.78,
            18.77
          ],
          [
            100.6,
            18.25
          ],
          [
            100.45,
            17.8
          ],
          [
            100.12,
            17.62
          ],
          [
            100.15,
            17.15
          ],
          [
            100.26,
            16.82
          ],
          [
            100.35,
            16.44
          ],
          [
            100.25,
            16.05
          ],
          [
            100.13,
            15.7
          ]
        ]
      }
    },
    {
      "type": "Feature",
      "properties": {
        "name": "Wang",
        "name_th": "แม่น้ำวัง",
        "basin": "Chao Phraya Basin"
      },
      "geometry": {
        "type": "LineString",
        "coordinates": [
          [
            99.65,
            19.1
          ],
          [
            99.52,
            18.55
          ],
          [
            99.48,
            18.28
          ],
          [
            99.3,
            17.9
          ],
          [
            99.2,
            17.5
          ],
          [
            99.12,
            17.15
          ]
        ]
      }
    },
    {
      "type": "Feature",
      "properties": {
        "name": "Pa Sak",
        "name_th": "แม่น้ำป่าสัก",
        "basin": "Chao Phraya Basin"
      },
      "geometry": {
        "type": "LineString",
        "coordinates": [
          [
            101.35,
            17.3
          ],
          [
            101.25,
            16.85
          ],
          [
            101.18,
            16.4
          ],
          [
            101.12,
            15.8
          ],
          [
            101.05,
            15.25
          ],
          [
            100.95,
            14.85
          ],
          [
            100.8,
            14.55
          ],
          [
            100.58,
            14.35
          ]
        ]
      }
    },
    {
      "type": "Feature",
      "properties": {
        "name": "Tha Chin",
        "name_th": "แม่น้ำท่าจีน",
        "basin": "Chao Phraya Basin"
      },
      "geometry": {
        "type": "LineString",
        "coordinates": [
          [
            100.05,
            15.18
          ],
          [
            100.08,
            14.85
          ],
          [
            100.12,
            14.47
          ],
          [
            100.15,
            14.15
          ],
          [
            100.2,
            13.82
          ],
          [
            100.27,
            13.53
          ]
        ]
      }
    },
    {
      "type": "Feature",
      "properties": {
        "name": "Bang Pakong",
        "name_th": "แม่น้ำบางปะกง",
        "basin": "Eastern Basin"
      },
      "geometry": {
        "type": "LineString",
        "coordinates": [
          [
            101.38,
            14.05
          ],
          [
            101.25,
            13.9
          ],
          [
            101.18,
            13.82
          ],
          [
            101.08,
            13.68
          ],
          [
            100.98,
            13.48
          ]
        ]
      }
    },
    {
      "type": "Feature",
      "properties": {
        "name": "Chanthaburi River",
        "name_th": "แม่น้ำจันทบุรี",
        "basin": "Eastern Basin"
      },
      "geometry": {
        "type": "LineString",
        "coordinates": [
          [
            102.25,
            12.95
          ],
          [
            102.18,
            12.75
          ],
          [
            102.12,
            12.6
          ],
          [
            102.05,
            12.45
          ]
        ]
      }
    },
    {
      "type": "Feature",
      "properties": {
        "name": "Tapi",
        "name_th": "แม่น้ำตาปี",
        "basin": "Southern Basin"
      },
      "geometry": {
        "type": "LineString",
        "coordinates": [
          [
            99.7,
            8.45
          ],
          [
            99.55,
            8.7
          ],
          [
            99.35,
            8.95
          ],
          [
            99.28,
            9.15
          ],
          [
            99.35,
            9.2
          ]
        ]
      }
    },
    {
      "type": "Feature",
      "properties": {
        "name": "Pattani",
        "name_th": "แม่น้ำปัตตานี",
        "basin": "Southern Basin"
      },
      "geometry": {
        "type": "LineString",
        "coordinates": [
          [
            101.08,
            5.85
          ],
          [
            101.2,
            6.15
          ],
          [
            101.28,
            6.55
          ],
          [
            101.28,
            6.88
          ]
        ]
      }
    },
    {
      "type": "Feature",
      "properties": {
        "name": "Songkhla Lake",
        "name_th": "ทะเลสาบสงขลา",
        "basin": "Southern Basin"
      },
      "geometry": {
        "type": "LineString",
        "coordinates": [
          [
            100.15,
            7.82
          ],
          [
            100.25,
            7.6
          ],
          [
            100.4,
            7.4
          ],
          [
            100.55,
            7.2
          ],
          [
            100.58,
            7.18
          ]
        ]
      }
    }
  ]
}